accumulation_steps,cuda_allocated_bytes,cuda_peak_allocated_bytes,cuda_reserved_bytes,epoch,gpu_memory_used_mib,gpu_power_w,gpu_temperature_c,gpu_utilization_percent,lr,process_max_rss_kb,seconds,system_load_1m,system_memory_available_kb,system_memory_total_kb,train_background_balanced_accuracy,train_background_dice,train_background_f1,train_background_fn,train_background_fp,train_background_iou,train_background_mcc,train_background_npv,train_background_precision,train_background_recall,train_background_sensitivity,train_background_specificity,train_background_support,train_background_tn,train_background_tp,train_bacterial_spot_balanced_accuracy,train_bacterial_spot_dice,train_bacterial_spot_f1,train_bacterial_spot_fn,train_bacterial_spot_fp,train_bacterial_spot_iou,train_bacterial_spot_mcc,train_bacterial_spot_npv,train_bacterial_spot_precision,train_bacterial_spot_recall,train_bacterial_spot_sensitivity,train_bacterial_spot_specificity,train_bacterial_spot_support,train_bacterial_spot_tn,train_bacterial_spot_tp,train_dice_background,train_dice_bacterial_spot,train_dice_early_blight,train_dice_late_blight,train_dice_macro,train_dice_micro_diseases,train_early_blight_balanced_accuracy,train_early_blight_dice,train_early_blight_f1,train_early_blight_fn,train_early_blight_fp,train_early_blight_iou,train_early_blight_mcc,train_early_blight_npv,train_early_blight_precision,train_early_blight_recall,train_early_blight_sensitivity,train_early_blight_specificity,train_early_blight_support,train_early_blight_tn,train_early_blight_tp,train_f1_background,train_f1_bacterial_spot,train_f1_early_blight,train_f1_late_blight,train_frequency_weighted_iou,train_iou_background,train_iou_bacterial_spot,train_iou_early_blight,train_iou_late_blight,train_iou_macro,train_iou_micro_diseases,train_late_blight_balanced_accuracy,train_late_blight_dice,train_late_blight_f1,train_late_blight_fn,train_late_blight_fp,train_late_blight_iou,train_late_blight_mcc,train_late_blight_npv,train_late_blight_precision,train_late_blight_recall,train_late_blight_sensitivity,train_late_blight_specificity,train_late_blight_support,train_late_blight_tn,train_late_blight_tp,train_loss,train_mean_class_accuracy_all_classes,train_mean_iou_all_classes,train_pixel_accuracy,train_precision_background,train_precision_bacterial_spot,train_precision_early_blight,train_precision_late_blight,train_precision_macro,train_recall_background,train_recall_bacterial_spot,train_recall_early_blight,train_recall_late_blight,train_recall_macro,train_specificity_background,train_specificity_bacterial_spot,train_specificity_early_blight,train_specificity_late_blight,val_background_balanced_accuracy,val_background_dice,val_background_f1,val_background_fn,val_background_fp,val_background_iou,val_background_mcc,val_background_npv,val_background_precision,val_background_recall,val_background_sensitivity,val_background_specificity,val_background_support,val_background_tn,val_background_tp,val_bacterial_spot_balanced_accuracy,val_bacterial_spot_dice,val_bacterial_spot_f1,val_bacterial_spot_fn,val_bacterial_spot_fp,val_bacterial_spot_iou,val_bacterial_spot_mcc,val_bacterial_spot_npv,val_bacterial_spot_precision,val_bacterial_spot_recall,val_bacterial_spot_sensitivity,val_bacterial_spot_specificity,val_bacterial_spot_support,val_bacterial_spot_tn,val_bacterial_spot_tp,val_dice_background,val_dice_bacterial_spot,val_dice_early_blight,val_dice_late_blight,val_dice_macro,val_dice_micro_diseases,val_early_blight_balanced_accuracy,val_early_blight_dice,val_early_blight_f1,val_early_blight_fn,val_early_blight_fp,val_early_blight_iou,val_early_blight_mcc,val_early_blight_npv,val_early_blight_precision,val_early_blight_recall,val_early_blight_sensitivity,val_early_blight_specificity,val_early_blight_support,val_early_blight_tn,val_early_blight_tp,val_f1_background,val_f1_bacterial_spot,val_f1_early_blight,val_f1_late_blight,val_frequency_weighted_iou,val_iou_background,val_iou_bacterial_spot,val_iou_early_blight,val_iou_late_blight,val_iou_macro,val_iou_micro_diseases,val_late_blight_balanced_accuracy,val_late_blight_dice,val_late_blight_f1,val_late_blight_fn,val_late_blight_fp,val_late_blight_iou,val_late_blight_mcc,val_late_blight_npv,val_late_blight_precision,val_late_blight_recall,val_late_blight_sensitivity,val_late_blight_specificity,val_late_blight_support,val_late_blight_tn,val_late_blight_tp,val_loss,val_mean_class_accuracy_all_classes,val_mean_iou_all_classes,val_pixel_accuracy,val_precision_background,val_precision_bacterial_spot,val_precision_early_blight,val_precision_late_blight,val_precision_macro,val_recall_background,val_recall_bacterial_spot,val_recall_early_blight,val_recall_late_blight,val_recall_macro,val_specificity_background,val_specificity_bacterial_spot,val_specificity_early_blight,val_specificity_late_blight
4,33411072.0,275124736.0,1199570944.0,1,1271.0,23.95,81.0,0.0,0.0001,2697184.0,26.026548624038696,1.74365234375,10096048.0,16094848.0,0.689359767921458,0.8594616473447537,0.8594616473447537,7259649.0,1838775.0,0.7535578661987753,0.27634050646363517,0.26363377986738273,0.9380037600145114,0.7930564458137713,0.7930564458137713,0.5856630900291446,35080334.0,2599099.0,27820685.0,0.5350987038163997,0.0744506233457986,0.0744506233457986,791291.0,1830733.0,0.03866461397897914,0.04842912156244285,0.9789449571334887,0.05446624556474313,0.11759937016865385,0.11759937016865385,0.9525980374641456,896748.0,36790727.0,105457.0,0.8594616473447537,0.0744506233457986,0.19774634600969163,0.0731034086296671,0.11510012599505244,0.15329593242375716,0.6316203166780869,0.19774634600969163,0.19774634600969163,1214183.0,6140487.0,0.1097217062492109,0.15497279492552837,0.9626075026253953,0.1286267679385058,0.4274352967362129,0.4274352967362129,0.835805336619961,2120604.0,31257117.0,906421.0,0.8594616473447537,0.0744506233457986,0.19774634600969163,0.0731034086296671,0.6770626516423417,0.7535578661987753,0.03866461397897914,0.1097217062492109,0.037938418157498974,0.062108246128563006,0.08301055654518301,0.5191509346817619,0.0731034086296671,0.0731034086296671,1336593.0,791721.0,0.037938418157498974,0.0484389858677302,0.9654113736466411,0.0958476560269514,0.05908321025651134,0.05908321025651134,0.9792186591070124,1420522.0,37305965.0,83929.0,1.0323244155342899,0.34929358074378736,0.2349706511461161,0.7317257908050891,0.9380037600145114,0.05446624556474313,0.1286267679385058,0.0958476560269514,0.09298022317673343,0.7930564458137713,0.11759937016865385,0.4274352967362129,0.05908321025651134,0.20137262572045936,0.5856630900291446,0.9525980374641456,0.835805336619961,0.9792186591070124,0.7745225723210907,0.9174360066890489,0.9174360066890489,523790.0,204407.0,0.8474658425347502,0.46092906538785827,0.435048174980936,0.9519065324644493,0.885374736354672,0.885374736354672,0.6636704082875092,4569586.0,403351.0,4045796.0,0.510075402886024,0.04030166393998643,0.04030166393998643,107470.0,36836.0,0.020565238638214692,0.033317008824899054,0.9790811756274187,0.07600461546179701,0.027420814479638008,0.027420814479638008,0.99272999129241,110500.0,5030008.0,3030.0,0.9174360066890489,0.04030166393998643,0.28881663329972973,0.14626727380233956,0.15846185701401858,0.23399976154782823,0.7371792896425475,0.28881663329972973,0.28881663329972973,98850.0,652469.0,0.16878181433978295,0.28137120128047893,0.9773918496760413,0.18950668735334342,0.6068144211799147,0.6068144211799147,0.8675441581051804,251408.0,4273467.0,152558.0,0.9174360066890489,0.04030166393998643,0.28881663329972973,0.14626727380233956,0.7603651990605172,0.8474658425347502,0.020565238638214692,0.16878181433978295,0.07890418706819728,0.08941708001539832,0.1325026783421726,0.5428938590169821,0.14626727380233956,0.14626727380233956,221855.0,58253.0,0.07890418706819728,0.1459185877777187,0.9564571501694963,0.2917396167687968,0.09760016270083384,0.09760016270083384,0.9881875553331303,245850.0,4873241.0,23995.0,0.9869469343861447,0.4043025336787646,0.27892927064523626,0.8161286945584454,0.9519065324644493,0.07600461546179701,0.18950668735334342,0.2917396167687968,0.18575030652797908,0.885374736354672,0.027420814479638008,0.6068144211799147,0.09760016270083384,0.2439451327867955,0.6636704082875092,0.99272999129241,0.8675441581051804,0.9881875553331303
4,33411072.0,275124736.0,1199570944.0,2,1271.0,19.16,80.0,0.0,0.0001,2697184.0,11.213215351104736,1.578125,10072852.0,16094848.0,0.7205944322380646,0.9335675319094677,0.9335675319094677,2473569.0,2167012.0,0.8754117675927836,0.4285740648632557,0.4786373750614141,0.9376825819064751,0.9294884421567936,0.9294884421567936,0.5117004223193358,35080334.0,2270862.0,32606765.0,0.5011599677178741,0.00692147610557771,0.00692147610557771,893452.0,52354.0,0.0034727563528472176,0.0092129825727171,0.9773595011250917,0.05922731356693621,0.003675503039872963,0.003675503039872963,0.9986444323958752,896748.0,38569106.0,3296.0,0.9335675319094677,0.00692147610557771,0.3056739089458733,0.0643954393555989,0.1256636081356833,0.231157209437064,0.6907767110609195,0.3056739089458733,0.3056739089458733,1115961.0,3448052.0,0.18041031803724275,0.2719289577198952,0.9681749700909837,0.22562582885196494,0.4737532325695887,0.4737532325695887,0.9078001895522505,2120604.0,33949552.0,1004643.0,0.9335675319094677,0.00692147610557771,0.3056739089458733,0.0643954393555989,0.7880592518757386,0.8754117675927836,0.0034727563528472176,0.18041031803724275,0.03326890247363356,0.07238399228790784,0.13068273261497593,0.516376036179767,0.0643954393555989,0.0643954393555989,1367183.0,182747.0,0.03326890247363356,0.07911876122945034,0.9651957956853756,0.22593038130172904,0.037548872879124714,0.037548872879124714,0.9952031994804094,1420522.0,37914939.0,53339.0,0.9595608904982483,0.361116512661345,0.27314093611412676,0.8519627964911769,0.9376825819064751,0.05922731356693621,0.22562582885196494,0.22593038130172904,0.1702611745735434,0.9294884421567936,0.003675503039872963,0.4737532325695887,0.037548872879124714,0.17165920282952876,0.5117004223193358,0.9986444323958752,0.9078001895522505,0.9952031994804094,0.7886598769405708,0.937193705972188,0.937193705972188,355211.0,209644.0,0.8818104590069948,0.5270120018089282,0.5284757574751933,0.9526123192508893,0.922266262195306,0.922266262195306,0.6550534916858355,4569586.0,398114.0,4214375.0,0.5000162800100996,0.00012651021569991776,0.00012651021569991776,110493.0,156.0,6.325910931174089e-05,0.0008386757674094903,0.9786576903531091,0.04294478527607362,6.334841628959275e-05,6.334841628959275e-05,0.9999692116039096,110500.0,5066688.0,7.0,0.937193705972188,0.00012651021569991776,0.32192797125334344,0.16074685861055998,0.16093378002653444,0.2572657214879622,0.7429330665964158,0.32192797125334344,0.32192797125334344,102464.0,524973.0,0.19184395290456618,0.31036717809003145,0.9772475494773203,0.2210123798628021,0.592439381403933,0.592439381403933,0.8934267517888986,251408.0,4400963.0,148944.0,0.937193705972188,0.00012651021569991776,0.32192797125334344,0.16074685861055998,0.7917638070834129,0.8818104590069948,6.325910931174089e-05,0.19184395290456618,0.08739789808874587,0.09310170336754127,0.14762188628527922,0.5477547398390009,0.16074685861055998,0.16074685861055998,219721.0,53116.0,0.08739789808874587,0.16545533401565568,0.9569013861833597,0.3297242728247839,0.10628025218629246,0.10628025218629246,0.9892292274917094,245850.0,4878378.0,26129.0,0.9542459083508842,0.40526231105045524,0.29027889227740467,0.8478198473966574,0.9526123192508893,0.04294478527607362,0.2210123798628021,0.3297242728247839,0.1978938126545532,0.922266262195306,6.334841628959275e-05,0.592439381403933,0.10628025218629246,0.23292766066883838,0.6550534916858355,0.9999692116039096,0.8934267517888986,0.9892292274917094
4,33411072.0,275124736.0,1199570944.0,3,1271.0,17.81,81.0,0.0,0.0001,2697184.0,9.970675230026245,1.40869140625,10043044.0,16094848.0,0.7034331391746526,0.9456606617098413,0.9456606617098413,1415701.0,2453158.0,0.8969224872548496,0.45808319563983674,0.5836684147855984,0.9320789579849997,0.9596440273345174,0.9596440273345174,0.4472222510147877,35080334.0,1984716.0,33664633.0,0.5000026266303431,2.8981694715745315e-05,2.8981694715745315e-05,896735.0,357.0,1.4491057345572703e-05,0.00025567075526167503,0.9773080956503744,0.03513513513513514,1.4496826310178557e-05,1.4496826310178557e-05,0.9999907564343761,896748.0,38621103.0,13.0,0.9456606617098413,2.8981694715745315e-05,0.30411882117710426,0.10496920550667176,0.13637233612616392,0.22512458391759121,0.6558820640232622,0.30411882117710426,0.30411882117710426,1329606.0,2290299.0,0.17932790632666373,0.2620235125390664,0.9635093655441868,0.2567094311259187,0.3730059926322878,0.3730059926322878,0.9387581354142367,2120604.0,35107305.0,790998.0,0.9456606617098413,2.8981694715745315e-05,0.30411882117710426,0.10496920550667176,0.8078130009049992,0.8969224872548496,1.4491057345572703e-05,0.17932790632666373,0.05539182044518555,0.07824473927639829,0.12683965414006193,0.5291455078748807,0.10496920550667176,0.10496920550667176,1329237.0,227465.0,0.05539182044518555,0.12131367982830862,0.9660904240053523,0.28638431372549017,0.06426158834569264,0.06426158834569264,0.9940294274040686,1420522.0,37870221.0,91285.0,0.9252087702205525,0.34923152628470205,0.2829141762710111,0.8742028231644512,0.9320789579849997,0.03513513513513514,0.2567094311259187,0.28638431372549017,0.19274295999551463,0.9596440273345174,1.4496826310178557e-05,0.3730059926322878,0.06426158834569264,0.14576069260143018,0.4472222510147877,0.9999907564343761,0.9387581354142367,0.9940294274040686,0.7473743480012565,0.9498304735551948,0.9498304735551948,180597.0,283051.0,0.9044544234402861,0.5366100271507342,0.6425973275493564,0.9394159724659892,0.960478476605977,0.960478476605977,0.5342702193965361,4569586.0,324707.0,4388989.0,0.4999995065962165,0.0,0.0,110500.0,5.0,0.0,-0.00014512561504475657,0.978656989623434,0.0,0.0,0.0,0.999999013192433,110500.0,5066839.0,0.0,0.9498304735551948,0.0,0.3251007460044763,0.1741231036815151,0.16640794989533048,0.25071199987062714,0.6904264724678162,0.3251007460044763,0.3251007460044763,138909.0,328180.0,0.19410167222233723,0.2933551618104985,0.9706736701877798,0.25528559336841555,0.4474758162031439,0.4474758162031439,0.9333771287324886,251408.0,4597756.0,112499.0,0.9498304735551948,0.0,0.3251007460044763,0.1741231036815151,0.8122362060061525,0.9044544234402861,0.0,0.19410167222233723,0.0953640982218459,0.09648859014806105,0.14332231162169132,0.551161325970615,0.1741231036815151,0.1741231036815151,218820.0,37590.0,0.0953640982218459,0.19601373177520562,0.9572008972125231,0.4182915506035283,0.1099450884685784,0.1099450884685784,0.9923775634726515,245850.0,4893904.0,27030.0,0.9142704266536085,0.3794748453194248,0.29848004847111737,0.8746797585789161,0.9394159724659892,0.0,0.25528559336841555,0.4182915506035283,0.2245257146573146,0.960478476605977,0.0,0.4474758162031439,0.1099450884685784,0.18580696822390744,0.5342702193965361,0.999999013192433,0.9333771287324886,0.9923775634726515
4,33411072.0,275124736.0,1199570944.0,4,1271.0,17.44,81.0,12.0,0.0001,2697184.0,9.681450128555298,1.42578125,9967420.0,16094848.0,0.6988571227200927,0.9488127533588077,0.9488127533588077,1133300.0,2529499.0,0.9026106018604231,0.4711154098191208,0.627409239974685,0.930654072852812,0.9676941502324351,0.9676941502324351,0.43002009520775036,35080334.0,1908375.0,33947034.0,0.5000030476595384,1.3381253087445374e-05,1.3381253087445374e-05,896742.0,23.0,6.690671308505739e-06,0.0010596160696096691,0.9773081143237901,0.20689655172413793,6.690842912390103e-06,6.690842912390103e-06,0.9999994044761643,896748.0,38621437.0,6.0,0.9488127533588077,1.3381253087445374e-05,0.2806571588415628,0.1851622111545387,0.15527758374972964,0.22156843948746108,0.6274692043093835,0.2806571588415628,0.2806571588415628,1476470.0,1825446.0,0.16323513386804525,0.23735005323378097,0.9601477819907394,0.26082734716024586,0.3037502522866127,0.3037502522866127,0.9511881563321544,2120604.0,35572158.0,644134.0,0.9488127533588077,1.3381253087445374e-05,0.2806571588415628,0.1851622111545387,0.8136749487739154,0.9026106018604231,6.690671308505739e-06,0.16323513386804525,0.10202686559239693,0.08842289671058355,0.12458643020460437,0.5598456766014661,0.1851622111545387,0.1851622111545387,1236046.0,387590.0,0.10202686559239693,0.18654377805287756,0.9682626844014486,0.3224732810549832,0.129864936973873,0.129864936973873,0.9898264162290592,1420522.0,37710096.0,184476.0,0.9054221598860834,0.35032900758395824,0.2919698229980434,0.87999056030071,0.930654072852812,0.20689655172413793,0.26082734716024586,0.3224732810549832,0.263399059979789,0.9676941502324351,6.690842912390103e-06,0.3037502522866127,0.129864936973873,0.14454062670113269,0.43002009520775036,0.9999994044761643,0.9511881563321544,0.9898264162290592,0.71623102105135,0.953762484581731,0.953762484581731,101802.0,331386.0,0.9116118190432428,0.5349619137288717,0.7308064541718892,0.9309493099848516,0.9777218330063161,0.9777218330063161,0.45474020909638374,4569586.0,276372.0,4467784.0,0.5000044262061212,1.809921992362129e-05,1.809921992362129e-05,110499.0,1.0,9.049691857992235e-06,0.002058463216601303,0.9786571951399,0.5,9.049773755656109e-06,9.049773755656109e-06,0.9999998026384866,110500.0,5066843.0,1.0,0.953762484581731,1.809921992362129e-05,0.27963315790295634,0.33829158015893557,0.2059809457606052,0.2699009668009558,0.6232359351418227,0.27963315790295634,0.27963315790295634,179785.0,189233.0,0.1625427502207012,0.2421995783403044,0.9634322304864773,0.27456911092710157,0.2848875135238338,0.2848875135238338,0.9615843567598117,251408.0,4736703.0,71623.0,0.953762484581731,1.809921992362129e-05,0.27963315790295634,0.33829158015893557,0.8221598644925214,0.9116118190432428,9.049691857992235e-06,0.1625427502207012,0.20358058978318938,0.12204412989858286,0.15600318919425946,0.6192633982789671,0.33829158015893557,0.33829158015893557,184422.0,55888.0,0.20358058978318938,0.3408838710053954,0.9635531661089622,0.5236114425994749,0.24985967053081148,0.24985967053081148,0.9886671260271228,245850.0,4875606.0,61428.0,0.8880517777008347,0.37811951670867927,0.31943605218474785,0.8886479244956488,0.9309493099848516,0.5,0.27456911092710157,0.5236114425994749,0.4327268511755255,0.9777218330063161,9.049773755656109e-06,0.2848875135238338,0.24985967053081148,0.17825207794280032,0.45474020909638374,0.9999998026384866,0.9615843567598117,0.9886671260271228
4,33411072.0,275124736.0,1199570944.0,5,1271.0,17.39,81.0,6.0,0.0001,2697184.0,9.276820421218872,1.5078125,10047072.0,16094848.0,0.6874121016552223,0.9514327243744753,0.9514327243744753,827197.0,2669806.0,0.9073645024892623,0.47775799158227444,0.681266845582243,0.9276924919013092,0.9764199223416744,0.9764199223416744,0.3984042809687702,35080334.0,1768068.0,34253137.0,0.5000031253365604,1.3381342617011477e-05,1.3381342617011477e-05,896742.0,17.0,6.690716073887808e-06,0.0012201519745557918,0.9773081177690727,0.2608695652173913,6.690842912390103e-06,6.690842912390103e-06,0.9999995598302084,896748.0,38621443.0,6.0,0.9514327243744753,1.3381342617011477e-05,0.29365509328182077,0.18645335599285506,0.1600406102057643,0.22564775130990586,0.6242436525949828,0.29365509328182077,0.29365509328182077,1514055.0,1403877.0,0.1720959766842267,0.25483034723362225,0.9596335768401342,0.30170172888731045,0.28602652829099634,0.28602652829099634,0.9624607768989693,2120604.0,35993727.0,606549.0,0.9514327243744753,1.3381342617011477e-05,0.29365509328182077,0.18645335599285506,0.8183986770564986,0.9073645024892623,6.690716073887808e-06,0.1720959766842267,0.10281144772812388,0.09163803837614148,0.1271719025782446,0.5605819845220545,0.18645335599285506,0.18645335599285506,1233571.0,397865.0,0.10281144772812388,0.18679963711313985,0.9683158610993874,0.3196749062953134,0.1316072542347109,0.1316072542347109,0.9895567148093981,1420522.0,37699821.0,186951.0,0.8874527884162283,0.3485150989275735,0.2955696544044217,0.886847981568395,0.9276924919013092,0.2608695652173913,0.30170172888731045,0.3196749062953134,0.29408206680000504,0.9764199223416744,6.690842912390103e-06,0.28602652829099634,0.1316072542347109,0.1392134911228732,0.3984042809687702,0.9999995598302084,0.9624607768989693,0.9895567148093981,0.703873511781764,0.9535174041476209,0.9535174041476209,88725.0,348146.0,0.9111641301315322,0.5239210503981971,0.7452897625001077,0.927905260853836,0.9805835802193021,0.9805835802193021,0.42716344334422585,4569586.0,259612.0,4480861.0,0.5,0.0,0.0,110500.0,0.0,0.0,0.0,0.9786570102353639,0.0,0.0,0.0,1.0,110500.0,5066844.0,0.0,0.9535174041476209,0.0,0.2646221488494323,0.3257467648955082,0.19678963791498016,0.25773798628797345,0.608657250003645,0.2646221488494323,0.2646221488494323,188574.0,160654.0,0.15248676170090908,0.22983906191723233,0.9619338955351144,0.2811515607101947,0.24992840323299179,0.24992840323299179,0.9673860967742983,251408.0,4765282.0,62834.0,0.9535174041476209,0.0,0.2646221488494323,0.3257467648955082,0.820847990021351,0.9111641301315322,0.0,0.15248676170090908,0.19456242225817055,0.1156830613196932,0.1479329654549733,0.6162555915844699,0.3257467648955082,0.3257467648955082,185473.0,64472.0,0.19456242225817055,0.32234632754592707,0.9632908097880354,0.48360018902834623,0.24558470612161887,0.24558470612161887,0.9869264770473207,245850.0,4867022.0,60377.0,0.8771007792859138,0.3690241723934782,0.31455332852265294,0.8892729553995253,0.927905260853836,0.0,0.2811515607101947,0.48360018902834623,0.254917249912847,0.9805835802193021,0.0,0.24992840323299179,0.24558470612161887,0.16517103645153688,0.42716344334422585,1.0,0.9673860967742983,0.9869264770473207
4,33411072.0,275124736.0,1199570944.0,6,1271.0,17.93,81.0,16.0,0.0001,2697184.0,10.502054214477539,1.509765625,10105612.0,16094848.0,0.6848127810710081,0.9523979133789922,0.9523979133789922,728537.0,2705358.0,0.9091218178563463,0.48293070765084145,0.7039734617661627,0.9269949892267768,0.9792323242988508,0.9792323242988508,0.39039323784316543,35080334.0,1732516.0,34351797.0,0.5000010374634634,4.460522148722729e-06,4.460522148722729e-06,896746.0,6.0,2.230266048436918e-06,0.0006867660024094222,0.9773080251630895,0.25,2.230280970796701e-06,2.230280970796701e-06,0.9999998446459559,896748.0,38621454.0,2.0,0.9523979133789922,4.460522148722729e-06,0.29170732449897624,0.198456768706014,0.1633895179090463,0.22593600425109586,0.6188861952690967,0.29170732449897624,0.29170732449897624,1545732.0,1245954.0,0.17075957105150127,0.255577891711502,0.9589963037751534,0.31572044775283303,0.27108880300140903,0.27108880300140903,0.9666835875367844,2120604.0,36151650.0,574872.0,0.9523979133789922,4.460522148722729e-06,0.29170732449897624,0.198456768706014,0.8201509586989704,0.9091218178563463,2.230266048436918e-06,0.17075957105150127,0.11015931522413114,0.0936403721805603,0.12735504738977532,0.5662562956450075,0.198456768706014,0.198456768706014,1216038.0,435735.0,0.11015931522413114,0.19539536258261633,0.9687216846529794,0.3193969563539976,0.1439499001071437,0.1439499001071437,0.9885626911828713,1420522.0,37661951.0,204484.0,0.8740270262333885,0.3485683144220935,0.2975107335995068,0.8889865400779307,0.9269949892267768,0.25,0.31572044775283303,0.3193969563539976,0.2950391347022769,0.9792323242988508,2.230280970796701e-06,0.27108880300140903,0.1439499001071437,0.13834697779650784,0.39039323784316543,0.9999998446459559,0.9666835875367844,0.9885626911828713,0.7296826159616793,0.9546736355133775,0.9546736355133775,109504.0,314011.0,0.9132780612323252,0.5517327036914531,0.7284470466285267,0.9342260404227567,0.9760363411477538,0.9760363411477538,0.48332889077560476,4569586.0,293747.0,4460082.0,0.4999998026384866,0.0,0.0,110500.0,2.0,0.0,-9.178547148238459e-05,0.9786570019905967,0.0,0.0,0.0,0.9999996052769732,110500.0,5066842.0,0.0,0.9546736355133775,0.0,0.2514503622056941,0.3816614437642583,0.21103726865665082,0.28138226267026306,0.5988642302569287,0.2514503622056941,0.2514503622056941,194239.0,146137.0,0.14380510382472425,0.2188131744730191,0.9609494338402722,0.28119681662125073,0.22739530961624133,0.22739530961624133,0.9703331508976162,251408.0,4779799.0,57169.0,0.9546736355133775,0.0,0.2514503622056941,0.3816614437642583,0.8242520716514425,0.9132780612323252,0.0,0.14380510382472425,0.2358353524320668,0.12654681875226367,0.16372591563465086,0.6613672581561556,0.3816614437642583,0.3816614437642583,160779.0,114872.0,0.2358353524320668,0.35621758823084276,0.9676982023349133,0.4254762607343093,0.3460280658938377,0.3460280658938377,0.9767064504184736,245850.0,4816622.0,85071.0,0.865487844883641,0.38736492916445825,0.3232296293722791,0.8889349442494067,0.9342260404227567,0.0,0.28119681662125073,0.4254762607343093,0.23555769245185335,0.9760363411477538,0.0,0.22739530961624133,0.3460280658938377,0.19114112517002635,0.48332889077560476,0.9999996052769732,0.9703331508976162,0.9767064504184736
4,33411072.0,275124736.0,1199570944.0,7,1271.0,17.25,81.0,0.0,0.0001,2697184.0,10.503620624542236,1.77880859375,10058868.0,16094848.0,0.6867914740539933,0.9534504032133787,0.9534504032133787,664624.0,2695881.0,0.911041775889935,0.4932284416225823,0.7238347439580124,0.9273574393509564,0.9810542282750215,0.9810542282750215,0.39252871983296506,35080334.0,1741993.0,34415710.0,0.5000039427151279,1.7841292780074843e-05,1.7841292780074843e-05,896740.0,40.0,8.92072596867933e-06,0.0010655061741498312,0.9773081540233655,0.16666666666666666,8.921123883186803e-06,8.921123883186803e-06,0.9999989643063727,896748.0,38621420.0,8.0,0.9534504032133787,1.7841292780074843e-05,0.25308804141940144,0.31730980067112635,0.19013856112776928,0.24444944116370376,0.588902287089936,0.25308804141940144,0.25308804141940144,1698646.0,791914.0,0.14487738788223797,0.23221174964670446,0.9556539499862365,0.3476132574109956,0.1989801018954977,0.1989801018954977,0.9788244722843742,2120604.0,36605690.0,421958.0,0.9534504032133787,1.7841292780074843e-05,0.25308804141940144,0.31730980067112635,0.8232852393618776,0.911041775889935,8.92072596867933e-06,0.14487738788223797,0.18857291781795754,0.11115307547538807,0.13924374888168545,0.6357204030324034,0.31730980067112635,0.31730980067112635,1005922.0,778097.0,0.18857291781795754,0.29535163334729797,0.9737532005770255,0.3476155301807584,0.2918645399367275,0.2918645399367275,0.9795762661280792,1420522.0,37319589.0,414600.0,0.8575044805137673,0.36797694780778245,0.3111252505790248,0.892051481686619,0.9273574393509564,0.16666666666666666,0.3476132574109956,0.3476155301807584,0.2872984847528069,0.9810542282750215,8.921123883186803e-06,0.1989801018954977,0.2918645399367275,0.1636178543187028,0.39252871983296506,0.9999989643063727,0.9788244722843742,0.9795762661280792,0.7357736594212719,0.9548116048816059,0.9548116048816059,115799.0,305770.0,0.9135306221740526,0.5572734111742732,0.7228276609851432,0.9357566260893608,0.9746587546442939,0.9746587546442939,0.49688856419824995,4569586.0,301988.0,4453787.0,0.4999999013192433,0.0,0.0,110500.0,1.0,0.0,-6.4902123031699e-05,0.9786570061129811,0.0,0.0,0.0,0.9999998026384866,110500.0,5066843.0,0.0,0.9548116048816059,0.0,0.21172985421379947,0.4379608578100037,0.21656357067460105,0.30379554285770005,0.5727476225601793,0.21172985421379947,0.21172985421379947,209668.0,101128.0,0.11839925567885265,0.19091414621440647,0.9583535605294374,0.2921577960075034,0.1660249474957042,0.1660249474957042,0.9794702976246544,251408.0,4824808.0,41740.0,0.9548116048816059,0.0,0.21172985421379947,0.4379608578100037,0.8253564194351949,0.9135306221740526,0.0,0.11839925567885265,0.2803776461042952,0.13292563392771595,0.179103139116568,0.7156144841756721,0.4379608578100037,0.4379608578100037,131812.0,160880.0,0.2803776461042952,0.40900176007984856,0.973112903692988,0.4148073243658109,0.46385194224120396,0.46385194224120396,0.9673770261101402,245850.0,4770614.0,114038.0,0.8586177886286869,0.4011339110953005,0.3280768809893001,0.8903339241124406,0.9357566260893608,0.0,0.2921577960075034,0.4148073243658109,0.23565504012443808,0.9746587546442939,0.0,0.1660249474957042,0.46385194224120396,0.20995896324563604,0.49688856419824995,0.9999998026384866,0.9794702976246544,0.9673770261101402
4,33411072.0,275124736.0,1199570944.0,8,1271.0,16.35,81.0,9.0,0.0001,2697184.0,10.973748922348022,1.7392578125,10110412.0,16094848.0,0.6770254511308984,0.9529558834031924,0.9529558834031924,614000.0,2788966.0,0.9101391892641268,0.4811246052057219,0.7286677142862193,0.9251390808824517,0.9824973160175727,0.9824973160175727,0.37155358624422413,35080334.0,1648908.0,34466334.0,0.500011154059608,5.128776898204928e-05,5.128776898204928e-05,896725.0,129.0,2.5644542116700506e-05,0.001693920128262457,0.9773084738783709,0.1513157894736842,2.564823116416206e-05,2.564823116416206e-05,0.9999966598880519,896748.0,38621331.0,23.0,0.9529558834031924,5.128776898204928e-05,0.19370615079812678,0.35137909946106466,0.18171217934272446,0.23342559122203946,0.5607899194114382,0.19370615079812678,0.19370615079812678,1828659.0,601759.0,0.1072395562237659,0.184282855091537,0.9526554696987177,0.3266685614028806,0.13767068250366404,0.13767068250366404,0.9839091563192123,2120604.0,36795845.0,291945.0,0.9529558834031924,5.128776898204928e-05,0.19370615079812678,0.35137909946106466,0.8213476070442879,0.9101391892641268,2.5644542116700506e-05,0.1072395562237659,0.21313517215886235,0.10680012430824831,0.13213459340414263,0.6609711391223957,0.35137909946106466,0.35137909946106466,930423.0,878953.0,0.21313517215886235,0.3277169128034718,0.9756109152191991,0.357984210972264,0.34501331200783936,0.34501331200783936,0.976928966236952,1420522.0,37218733.0,490099.0,0.8447173197273393,0.3663017396900601,0.30763489054721793,0.8919534256209188,0.9251390808824517,0.1513157894736842,0.3266685614028806,0.357984210972264,0.2786561872829429,0.9824973160175727,2.564823116416206e-05,0.13767068250366404,0.34501331200783936,0.16090321424755585,0.37155358624422413,0.9999966598880519,0.9839091563192123,0.976928966236952,0.7374988387758148,0.9551890250961526,0.9551890250961526,114145.0,303893.0,0.9142218526026274,0.561214428945359,0.7269323700389942,0.9361479988586638,0.9750207130361481,0.9750207130361481,0.4999769645154815,4569586.0,303865.0,4455441.0,0.5000040314830944,1.8098564783812646e-05,1.8098564783812646e-05,110499.0,5.0,9.049364282159179e-06,0.0010824699770423268,0.9786571786504957,0.16666666666666666,9.049773755656109e-06,9.049773755656109e-06,0.999999013192433,110500.0,5066839.0,1.0,0.9551890250961526,1.8098564783812646e-05,0.19837251684385443,0.46521615144481815,0.2212022556178188,0.31475148376630974,0.5663409804780177,0.19837251684385443,0.19837251684385443,213147.0,96080.0,0.11010739939220923,0.1793894543758245,0.957734111996364,0.28480508556583617,0.1521868834722841,0.1521868834722841,0.9804950774837513,251408.0,4829856.0,38261.0,0.9551890250961526,1.8098564783812646e-05,0.19837251684385443,0.46521615144481815,0.8266437589573928,0.9142218526026274,9.049364282159179e-06,0.11010739939220923,0.3031150945996496,0.13774384778538032,0.1867685867896434,0.7342238868113702,0.46521615144481815,0.46521615144481815,122681.0,160494.0,0.3031150945996496,0.4377905333360267,0.9749307321012547,0.43420890281778024,0.5009924750864349,0.5009924750864349,0.9674552985363056,245850.0,4771000.0,123169.0,0.8407773986647401,0.4070522803421557,0.3318633489896921,0.8917452655261076,0.9361479988586638,0.16666666666666666,0.28480508556583617,0.43420890281778024,0.29522688501676103,0.9750207130361481,9.049773755656109e-06,0.1521868834722841,0.5009924750864349,0.2177294694441582,0.4999769645154815,0.999999013192433,0.9804950774837513,0.9674552985363056
4,33411072.0,275124736.0,1199570944.0,9,1271.0,17.25,81.0,0.0,0.0001,2697184.0,11.829071760177612,1.625,10123324.0,16094848.0,0.6910890578900131,0.9540110394370457,0.9540110394370457,660211.0,2658295.0,0.9120660689607988,0.5013584476858481,0.7293984318322478,0.9283061375488026,0.9811800252528953,0.9811800252528953,0.40099809052713076,35080334.0,1779579.0,34420123.0,0.5000770165036883,0.00032544500703830554,0.00032544500703830554,896602.0,339.0,0.00016274898644167178,0.006547816819083245,0.9773113951934933,0.30103092783505153,0.00016281051086815916,0.00016281051086815916,0.9999912224965084,896748.0,38621121.0,146.0,0.9540110394370457,0.00032544500703830554,0.21311959326635546,0.37483299854288277,0.19609267893875884,0.2525357446947103,0.5695179266615371,0.21311959326635546,0.21311959326635546,1787773.0,669985.0,0.11926908620366525,0.19922814700122207,0.9535828948592812,0.3318963797944987,0.15695103847771671,0.15695103847771671,0.9820848148453575,2120604.0,36727619.0,332831.0,0.9540110394370457,0.00032544500703830554,0.21311959326635546,0.37483299854288277,0.8243360601378223,0.9120660689607988,0.00016274898644167178,0.11926908620366525,0.23064275745619325,0.11669153088210006,0.14451554240838602,0.6766444380643648,0.37483299854288277,0.37483299854288277,885071.0,901038.0,0.23064275745619325,0.35139357777419206,0.9767586384427657,0.37274980873504776,0.37693960389209036,0.37693960389209036,0.9763492722366393,1420522.0,37196648.0,535451.0,0.8291795821134527,0.3788083695333926,0.3155351654017748,0.8929694129855281,0.9283061375488026,0.30103092783505153,0.3318963797944987,0.37274980873504776,0.335225705454866,0.9811800252528953,0.00016281051086815916,0.15695103847771671,0.37693960389209036,0.17801781762689176,0.40099809052713076,0.9999912224965084,0.9820848148453575,0.9763492722366393,0.7083788578270851,0.954978122222475,0.954978122222475,79467.0,343901.0,0.9138355306526709,0.5391146272738997,0.7685364262329462,0.9288581760108564,0.9826095843255822,0.9826095843255822,0.43414813132858804,4569586.0,263857.0,4490119.0,0.5000411042769969,0.00018091034083508214,0.00018091034083508214,110490.0,42.0,9.046335329557996e-05,0.003748986815674732,0.9786587273810324,0.19230769230769232,9.049773755656108e-05,9.049773755656108e-05,0.9999917108164372,110500.0,5066802.0,10.0,0.954978122222475,0.00018091034083508214,0.14349354114508037,0.44976430464873596,0.1978129187115505,0.2879183918947052,0.5420131633891714,0.14349354114508037,0.14349354114508037,226992.0,64484.0,0.07729223911969914,0.1390291692319308,0.9553906852468063,0.2746456692913386,0.09711703684846942,0.09711703684846942,0.9869092899298733,251408.0,4861452.0,24416.0,0.954978122222475,0.00018091034083508214,0.14349354114508037,0.44976430464873596,0.8240942665919889,0.9138355306526709,9.046335329557996e-05,0.07729223911969914,0.2901264020674127,0.12250303484680247,0.16816861447003986,0.714394549320319,0.44976430464873596,0.44976430464873596,133359.0,141881.0,0.2901264020674127,0.4219099437997945,0.9729108757880403,0.4422302769172708,0.4575594874923734,0.4575594874923734,0.9712296111482646,245850.0,4789613.0,112491.0,0.8236624590958221,0.38434415160099544,0.3203361587982696,0.8937084342859969,0.9288581760108564,0.19230769230769232,0.2746456692913386,0.4422302769172708,0.30306121283876725,0.9826095843255822,9.049773755656108e-05,0.09711703684846942,0.4575594874923734,0.18492234069279978,0.43414813132858804,0.9999917108164372,0.9869092899298733,0.9712296111482646
4,33411072.0,275124736.0,1199570944.0,10,1271.0,17.56,81.0,3.0,0.0001,2697184.0,9.594789028167725,1.68310546875,10012304.0,16094848.0,0.6968847695942988,0.9541146609444285,0.9541146609444285,705179.0,2601165.0,0.9122555076696922,0.5067822697426447,0.7225766831583453,0.9296532213048784,0.9798981674461822,0.9798981674461822,0.4138713717424154,35080334.0,1836709.0,34375155.0,0.5008946768107273,0.003744712173751097,0.003744712173751097,895059.0,3635.0,0.0018758683804558727,0.02295923115025379,0.9773476671558573,0.31724267468069123,0.001883472279837814,0.001883472279837814,0.9999058813416168,896748.0,38617825.0,1689.0,0.9541146609444285,0.003744712173751097,0.22969419417679476,0.3745415527947989,0.20266015304844823,0.26155161164521085,0.5761500985890287,0.22969419417679476,0.22969419417679476,1760510.0,654723.0,0.12974831434277834,0.2169745450073572,0.9542764947637988,0.3548363892209137,0.16980728132173664,0.16980728132173664,0.9824929158563206,2120604.0,36742881.0,360094.0,0.9541146609444285,0.003744712173751097,0.22969419417679476,0.3745415527947989,0.8250974979373427,0.9122555076696922,0.0018758683804558727,0.12974831434277834,0.23042210241595673,0.12068209504639699,0.15045118014273334,0.6812029194329248,0.3745415527947989,0.3745415527947989,869521.0,970746.0,0.23042210241595673,0.35061110380335,0.9771157371735225,0.3620844989344484,0.3878862840561427,0.3878862840561427,0.9745195548097069,1420522.0,37126940.0,551001.0,0.8179350205717197,0.38486880127597484,0.3185754482022208,0.8929539264533453,0.9296532213048784,0.31724267468069123,0.3548363892209137,0.3620844989344484,0.34472118761201775,0.9798981674461822,0.001883472279837814,0.16980728132173664,0.3878862840561427,0.18652567921923904,0.4138713717424154,0.9999058813416168,0.9824929158563206,0.9745195548097069,0.7397148426184643,0.9562168615715549,0.9562168615715549,106494.0,302217.0,0.9161068294428162,0.5701854135754093,0.7415413739124104,0.9365797684893047,0.9766950441462312,0.9766950441462312,0.5027346410906973,4569586.0,305541.0,4463092.0,0.5014114109518908,0.005693539814239255,0.005693539814239255,110184.0,187.0,0.002854897142392512,0.04139205406338909,0.9787159775623783,0.6282306163021869,0.00285972850678733,0.00285972850678733,0.9999630933969943,110500.0,5066657.0,316.0,0.9562168615715549,0.005693539814239255,0.2407464696895421,0.45700531344407785,0.23448177431595307,0.3187686128459403,0.5885989636236744,0.2407464696895421,0.2407464696895421,200825.0,118227.0,0.1368458073504944,0.21445598376776898,0.9599034368140458,0.29964457081926427,0.2011988480875708,0.2011988480875708,0.9759990791597779,251408.0,4807709.0,50583.0,0.9562168615715549,0.005693539814239255,0.2407464696895421,0.45700531344407785,0.8293373156155996,0.9161068294428162,0.002854897142392512,0.1368458073504944,0.2961807434762769,0.14529381598972127,0.1896042479825116,0.7137587206642648,0.45700531344407785,0.45700531344407785,134210.0,131082.0,0.2961807434762769,0.43012697698648017,0.9728023747310331,0.4599500663310289,0.4540980272523897,0.4540980272523897,0.97341941407614,245850.0,4800412.0,111640.0,0.815593628943721,0.4087129119982448,0.337997069352995,0.8934370596197587,0.9365797684893047,0.6282306163021869,0.29964457081926427,0.4599500663310289,0.4626084178174934,0.9766950441462312,0.00285972850678733,0.2011988480875708,0.4540980272523897,0.2193855346155826,0.5027346410906973,0.9999630933969943,0.9759990791597779,0.97341941407614
4,33411072.0,275124736.0,1199570944.0,11,1271.0,18.1,82.0,14.0,0.0001,2697184.0,10.296637058258057,1.75244140625,10084112.0,16094848.0,0.7114934780888421,0.954053452892845,0.954053452892845,843645.0,2453985.0,0.9121436038309367,0.5181608015806132,0.7016322350146806,0.9331169277511773,0.9759510556541452,0.9759510556541452,0.447035900523539,35080334.0,1983889.0,34236689.0,0.5119211377752493,0.046523658687437484,0.046523658687437484,874445.0,39730.0,0.023815829095824994,0.08968676762055203,0.9778375628149459,0.3595344413457353,0.02487097824583941,0.02487097824583941,0.9989712973046592,896748.0,38581730.0,22303.0,0.954053452892845,0.046523658687437484,0.2538471278185185,0.39500859651691916,0.2317931276742917,0.2838045709201741,0.589621354549903,0.2538471278185185,0.2538471278185185,1694573.0,809960.0,0.14537508820827663,0.23205289034163176,0.9557347214243104,0.3446877849434179,0.2009007810982154,0.2009007810982154,0.9783419280015907,2120604.0,36587644.0,426031.0,0.954053452892845,0.046523658687437484,0.2538471278185185,0.39500859651691916,0.8268985886774295,0.9121436038309367,0.023815829095824994,0.14537508820827663,0.24611259328846813,0.13843450353085657,0.16536844587235722,0.692654131382129,0.39500859651691916,0.39500859651691916,837878.0,946866.0,0.24611259328846813,0.3718589498874209,0.9779440190342927,0.38093507070891985,0.4101618982317768,0.4101618982317768,0.975146364532481,1420522.0,37150820.0,582644.0,0.8047545172681856,0.4029711783074942,0.3318617786058767,0.8924409477271844,0.9331169277511773,0.3595344413457353,0.3446877849434179,0.38093507070891985,0.36171909899935767,0.9759510556541452,0.02487097824583941,0.2009007810982154,0.4101618982317768,0.21197788585861055,0.447035900523539,0.9989712973046592,0.9783419280015907,0.975146364532481,0.7511438194234175,0.9544313003361018,0.9544313003361018,139072.0,283992.0,0.9128346139693233,0.566661438315723,0.6995233753494743,0.9397620874806395,0.9695657330882929,0.9695657330882929,0.5327219057585421,4569586.0,323766.0,4430514.0,0.5351534373851095,0.1244727218856479,0.1244727218856479,102518.0,9771.0,0.06636678833634044,0.17382177652428332,0.9801305956227926,0.44961414972117386,0.07223529411764706,0.07223529411764706,0.9980715806525718,110500.0,5057073.0,7982.0,0.9544313003361018,0.1244727218856479,0.21701558411123695,0.44099907076281925,0.260829125586568,0.3173764893573299,0.5768520301035835,0.21701558411123695,0.21701558411123695,206958.0,113790.0,0.12171479580939655,0.191932285326446,0.9587659470694371,0.2809024266936299,0.17680423852860688,0.17680423852860688,0.9768998216785602,251408.0,4812146.0,44450.0,0.9544313003361018,0.1244727218856479,0.21701558411123695,0.44099907076281925,0.8264380677542762,0.9128346139693233,0.06636678833634044,0.12171479580939655,0.28287287229430974,0.15698481881334891,0.18862002542452858,0.7217095624468689,0.44099907076281925,0.44099907076281925,128391.0,169386.0,0.28287287229430974,0.4122290107258315,0.9737468507814847,0.4094859593160069,0.47776693105552165,0.47776693105552165,0.9656521938382162,245850.0,4762108.0,117459.0,0.8065842593772502,0.4240930491975171,0.34594726760234246,0.8885646771781052,0.9397620874806395,0.44961414972117386,0.2809024266936299,0.4094859593160069,0.3800008452436036,0.9695657330882929,0.07223529411764706,0.17680423852860688,0.47776693105552165,0.2422688212339252,0.5327219057585421,0.9980715806525718,0.9768998216785602,0.9656521938382162
4,33411072.0,275124736.0,1199570944.0,12,1271.0,20.08,82.0,24.0,0.0001,2697184.0,10.016664981842041,1.716796875,10008344.0,16094848.0,0.7201601768697166,0.9557585109771639,0.9557585109771639,790735.0,2383755.0,0.9152657895938695,0.5378767819964447,0.7220472474158603,0.9350003547534812,0.9774593081126308,0.9774593081126308,0.46286104562680236,35080334.0,2054119.0,34289599.0,0.5603282298924264,0.18146874738548943,0.18146874738548943,782875.0,244394.0,0.09978863279066058,0.18957266372197448,0.9800082691646548,0.3178439543692274,0.12698439249376636,0.12698439249376636,0.9936720672910864,896748.0,38377066.0,113873.0,0.9557585109771639,0.18146874738548943,0.2078843086993913,0.4006846131480799,0.2633458897443202,0.28364096530860416,0.5658617429934834,0.2078843086993913,0.2078843086993913,1809383.0,562350.0,0.11599937978809924,0.2018929587689741,0.953178936575339,0.3562629711837962,0.1467605455804101,0.1467605455804101,0.9849629404065565,2120604.0,36835254.0,311221.0,0.9557585109771639,0.18146874738548943,0.2078843086993913,0.4006846131480799,0.8299767590807343,0.9152657895938695,0.09978863279066058,0.11599937978809924,0.2505350829749624,0.15544103185124075,0.1652573614119165,0.7007231125562271,0.4006846131480799,0.4006846131480799,812776.0,1005270.0,0.2505350829749624,0.37768694337440833,0.9785576603859439,0.3767761758097874,0.42783286707280843,0.42783286707280843,0.9736133580396458,1420522.0,37092416.0,607746.0,0.791235828874123,0.41975927831490395,0.3453972212868979,0.893826941747966,0.9350003547534812,0.3178439543692274,0.3562629711837962,0.3767761758097874,0.3502943671209369,0.9774593081126308,0.12698439249376636,0.1467605455804101,0.42783286707280843,0.2338592683823283,0.46286104562680236,0.9936720672910864,0.9849629404065565,0.9736133580396458,0.7838808422084577,0.9600106336261215,0.9600106336261215,124167.0,246182.0,0.9230965860481651,0.6267668811273548,0.7443771706437354,0.9475270808408472,0.9728275165408857,0.9728275165408857,0.5949341678760296,4569586.0,361576.0,4445419.0,0.6396183585229673,0.33673092157380513,0.33673092157380513,78620.0,46970.0,0.20245126055756651,0.32953429891323605,0.9845797602193903,0.4043119847812302,0.28850678733031676,0.28850678733031676,0.9907299297156178,110500.0,5019874.0,31880.0,0.9600106336261215,0.33673092157380513,0.22905111530319125,0.486839985176353,0.35087400735111646,0.3647458941509884,0.5817290554034554,0.22905111530319125,0.22905111530319125,204722.0,109553.0,0.1293380725341519,0.2053742674196097,0.9592276998788115,0.2988114363251173,0.1856981480302934,0.1856981480302934,0.9777599627766175,251408.0,4816383.0,46686.0,0.9600106336261215,0.33673092157380513,0.22905111530319125,0.486839985176353,0.8406155427600882,0.9230965860481651,0.20245126055756651,0.1293380725341519,0.32173727854756484,0.21784220387976108,0.22305150792550074,0.7326384458440995,0.486839985176353,0.486839985176353,124991.0,129795.0,0.32173727854756484,0.461021210239233,0.9746298224568625,0.4821746311648727,0.4915965019320724,0.4915965019320724,0.9736803897561267,245850.0,4801699.0,120859.0,0.7876486219937289,0.48465723845839204,0.3941557994218621,0.8971480357496044,0.9475270808408472,0.4043119847812302,0.2988114363251173,0.4821746311648727,0.3950993507570734,0.9728275165408857,0.28850678733031676,0.1856981480302934,0.4915965019320724,0.3219338124308942,0.5949341678760296,0.9907299297156178,0.9777599627766175,0.9736803897561267
4,33411072.0,275124736.0,1199570944.0,13,1271.0,17.28,82.0,0.0,0.0001,2697184.0,9.53790283203125,1.7666015625,10058664.0,16094848.0,0.7335844613167946,0.9568851348565371,0.9568851348565371,826713.0,2260053.0,0.9173343864914951,0.5565151092742815,0.7248448511482979,0.9381039278600121,0.9764337192456606,0.9764337192456606,0.49073520338792853,35080334.0,2177821.0,34253621.0,0.6034940516527808,0.2643190190720878,0.2643190190720878,702307.0,380071.0,0.15228548447352366,0.2575293914765081,0.9819660927920144,0.33844549809229396,0.21682903112134067,0.21682903112134067,0.990159072184221,896748.0,38241389.0,194441.0,0.9568851348565371,0.2643190190720878,0.19985116732175598,0.40877495349620935,0.2909817132966844,0.29722745648988874,0.5624292496465412,0.19985116732175598,0.19985116732175598,1825190.0,540322.0,0.11101924668329746,0.19555914199559377,0.9528160971718663,0.3534776532302067,0.13930653719412017,0.13930653719412017,0.9855519620989622,2120604.0,36857282.0,295414.0,0.9568851348565371,0.2643190190720878,0.19985116732175598,0.40877495349620935,0.8329656224617009,0.9173343864914951,0.15228548447352366,0.11101924668329746,0.25689323731697283,0.173399322824598,0.17455499715609774,0.7040515301409483,0.40877495349620935,0.40877495349620935,804333.0,978097.0,0.25689323731697283,0.38610319375358004,0.9787908803314171,0.38649840743756136,0.4337764568236184,0.4337764568236184,0.9743266034582783,1420522.0,37119589.0,616189.0,0.7772879177460426,0.441586436096185,0.3593830887413223,0.8947689379032572,0.9381039278600121,0.33844549809229396,0.3534776532302067,0.38649840743756136,0.3594738529200207,0.9764337192456606,0.21682903112134067,0.13930653719412017,0.4337764568236184,0.2633040083796931,0.49073520338792853,0.990159072184221,0.9855519620989622,0.9743266034582783,0.7820314643536488,0.9597228917158463,0.9597228917158463,124723.0,248356.0,0.9225646551992531,0.6236158755708605,0.7423743867802737,0.9470819495105598,0.9727058424986421,0.9727058424986421,0.5913570862086555,4569586.0,359402.0,4444863.0,0.6785436500887032,0.3917832487651765,0.3917832487651765,69809.0,56531.0,0.24361346097431016,0.38019374185692834,0.9862584008809238,0.4185369566559009,0.3682443438914027,0.3682443438914027,0.9888429562860037,110500.0,5010313.0,40691.0,0.9597228917158463,0.3917832487651765,0.15934968790825954,0.5038474294576171,0.35166012204368435,0.3738514108196574,0.5479221720574763,0.15934968790825954,0.15934968790825954,223964.0,65598.0,0.08657249389601458,0.15507622862552997,0.955949902267804,0.2949635648416844,0.10916120409851715,0.10916120409851715,0.9866831400164354,251408.0,4860338.0,27444.0,0.9597228917158463,0.3917832487651765,0.15934968790825954,0.5038474294576171,0.8396613767980637,0.9225646551992531,0.24361346097431016,0.08657249389601458,0.3367620651648937,0.22231600667840615,0.229899907860263,0.7605134293535981,0.5038474294576171,0.5038474294576171,109884.0,157895.0,0.3367620651648937,0.4789042114609379,0.97749884662238,0.46268814167242334,0.5530445393532641,0.5530445393532641,0.9679823193539321,245850.0,4773599.0,135966.0,0.7709556259686434,0.5007889824604566,0.39737816880861787,0.8979438105715981,0.9470819495105598,0.4185369566559009,0.2949635648416844,0.46268814167242334,0.39206288772333625,0.9727058424986421,0.3682443438914027,0.10916120409851715,0.5530445393532641,0.343483362447728,0.5913570862086555,0.9888429562860037,0.9866831400164354,0.9679823193539321
4,33411072.0,275124736.0,1199570944.0,14,1271.0,17.09,82.0,0.0,0.0001,2697184.0,9.872352123260498,1.6484375,10076972.0,16094848.0,0.7339352764405163,0.956546002950406,0.956546002950406,856263.0,2253201.0,0.9167112356223432,0.5542813167099656,0.7184212360930976,0.9382300025067664,0.9755913669465063,0.9755913669465063,0.4922791859345263,35080334.0,2184673.0,34224071.0,0.6088003991958383,0.2656663479249787,0.2656663479249787,691294.0,444505.0,0.15318064526230324,0.2547824840126182,0.9822144290575066,0.31610301572868443,0.2291100732870327,0.2291100732870327,0.9884907251046439,896748.0,38176955.0,205454.0,0.956546002950406,0.2656663479249787,0.22423901554324066,0.424137810871718,0.3046810581133124,0.31181030137147486,0.5717023438166944,0.22423901554324066,0.22423901554324066,1786898.0,522032.0,0.12627770150713152,0.22202394668906653,0.9537821044542679,0.38996281572163444,0.15736365676948644,0.15736365676948644,0.9860410308639024,2120604.0,36875572.0,333706.0,0.956546002950406,0.2656663479249787,0.22423901554324066,0.424137810871718,0.8336920111421773,0.9167112356223432,0.15318064526230324,0.12627770150713152,0.2691465115400337,0.18286828610315617,0.18470098569182578,0.7087097549699466,0.424137810871718,0.424137810871718,793697.0,908414.0,0.2691465115400337,0.4021273142249158,0.9791038715272626,0.40829147774385616,0.44126384526251616,0.44126384526251616,0.976155664677377,1420522.0,37189272.0,626825.0,0.7630663939178682,0.4508322355663854,0.36632902348295293,0.8955379758110489,0.9382300025067664,0.31610301572868443,0.38996281572163444,0.40829147774385616,0.3714524363980583,0.9755913669465063,0.2291100732870327,0.15736365676948644,0.44126384526251616,0.2759125251063451,0.4922791859345263,0.9884907251046439,0.9860410308639024,0.976155664677377,0.7812435953578442,0.9518488562608846,0.9518488562608846,202878.0,238919.0,0.9081217550985181,0.5776722057475214,0.6451426142654495,0.9481245441717273,0.9556025425498065,0.9556025425498065,0.6068846481658818,4569586.0,368839.0,4366708.0,0.6538612873984038,0.3626579462077387,0.3626579462077387,75456.0,47718.0,0.22149186565371828,0.35460062464482023,0.9851889713424968,0.4234310432324013,0.31714027149321267,0.31714027149321267,0.9905823033035949,110500.0,5019126.0,35044.0,0.9518488562608846,0.3626579462077387,0.2355829101177146,0.40275729217531087,0.33366604950025475,0.3408719981347633,0.5819966319505772,0.2355829101177146,0.2355829101177146,205438.0,92888.0,0.1335188326323861,0.2181847828302864,0.9592262437565571,0.3310576272162929,0.18285018774263348,0.18285018774263348,0.9811430761585209,251408.0,4833048.0,45970.0,0.9518488562608846,0.3626579462077387,0.2355829101177146,0.40275729217531087,0.824703944806715,0.9081217550985181,0.22149186565371828,0.1335188326323861,0.25215785315672695,0.20238951714761044,0.20545250140528387,0.7207453974554391,0.40275729217531087,0.40275729217531087,125839.0,230086.0,0.25215785315672695,0.3739401160728218,0.9739315183167548,0.34279356863954846,0.4881472442546268,0.4881472442546268,0.9533435506562514,245850.0,4701408.0,120011.0,0.7789435386657715,0.4859350615100698,0.3788225766353374,0.8822541055800039,0.9481245441717273,0.4234310432324013,0.3310576272162929,0.34279356863954846,0.3657607463627475,0.9556025425498065,0.31714027149321267,0.18285018774263348,0.4881472442546268,0.3293792344968243,0.6068846481658818,0.9905823033035949,0.9811430761585209,0.9533435506562514
4,33411072.0,275124736.0,1199570944.0,15,1271.0,17.38,82.0,0.0,0.0001,2697184.0,9.764342308044434,1.62890625,9927076.0,16094848.0,0.7371586116676145,0.9560129290988743,0.9560129290988743,927220.0,2215615.0,0.9157325370645483,0.5529741353834355,0.7055957509162627,0.9390791193170375,0.9735686667065371,0.9735686667065371,0.500748556628692,35080334.0,2222259.0,34153114.0,0.6359828955334863,0.32010101449247963,0.32010101449247963,642732.0,436335.0,0.19054777534482098,0.3091413807588076,0.9834466269925739,0.3679519548751287,0.2832635255389474,0.2832635255389474,0.9887022655280251,896748.0,38185125.0,254016.0,0.9560129290988743,0.32010101449247963,0.23904380372293632,0.45581235474642184,0.33831905765394593,0.3406120685303557,0.578213652924273,0.23904380372293632,0.23904380372293632,1757422.0,554837.0,0.13574659280470022,0.23401499815109597,0.9544711555686942,0.39561490557384976,0.17126347021886218,0.17126347021886218,0.9851638356296837,2120604.0,36842767.0,363182.0,0.9560129290988743,0.32010101449247963,0.23904380372293632,0.45581235474642184,0.8351150478543016,0.9157325370645483,0.19054777534482098,0.13574659280470022,0.2951793819536555,0.20715791670105888,0.20526367708887164,0.7262122743803081,0.45581235474642184,0.45581235474642184,745548.0,866135.0,0.2951793819536555,0.4350527029954359,0.9803684847017936,0.4379794031440995,0.47515913164315654,0.47515913164315654,0.9772654171174596,1420522.0,37231551.0,674974.0,0.7468232600447748,0.47581369852687583,0.38430157179193125,0.8969355594261764,0.9390791193170375,0.3679519548751287,0.39561490557384976,0.4379794031440995,0.4005154211976927,0.9735686667065371,0.2832635255389474,0.17126347021886218,0.47515913164315654,0.30989537580032206,0.500748556628692,0.9887022655280251,0.9851638356296837,0.9772654171174596,0.8240460236793941,0.9573464182806388,0.9573464182806388,202186.0,186984.0,0.918182640011605,0.641203019232929,0.6754430461024785,0.9589441733503368,0.9557539785879946,0.9557539785879946,0.6923380687707936,4569586.0,420774.0,4367400.0,0.7297370416743678,0.4121575469451958,0.4121575469451958,57702.0,92905.0,0.2595708070106438,0.4015335653508959,0.988532170717267,0.36236728138748003,0.4778099547511312,0.4778099547511312,0.9816641285976043,110500.0,4973939.0,52798.0,0.9573464182806388,0.4121575469451958,0.09972014003224697,0.5065462435807467,0.3394746435193965,0.3899236055700819,0.5263164781384299,0.09972014003224697,0.09972014003224697,236781.0,27326.0,0.05247655470807293,0.12618955948786517,0.9538923131656382,0.3486520630229066,0.05818032839050468,0.05818032839050468,0.994452627886355,251408.0,4898610.0,14627.0,0.9573464182806388,0.4121575469451958,0.09972014003224697,0.5065462435807467,0.8345933706795777,0.918182640011605,0.2595708070106438,0.05247655470807293,0.33917772237906874,0.21707502803259515,0.2421770835961747,0.8242166306818726,0.5065462435807467,0.5065462435807467,73332.0,262786.0,0.33917772237906874,0.4969477278543956,0.9845357694156945,0.3963161376876849,0.7017205613178767,0.7017205613178767,0.9467127000458685,245850.0,4668708.0,172518.0,0.7576339863523652,0.5483662057618768,0.39235193102734756,0.8899047465264043,0.9589441733503368,0.36236728138748003,0.3486520630229066,0.3963161376876849,0.3691118273660239,0.9557539785879946,0.4778099547511312,0.05818032839050468,0.7017205613178767,0.4125702814865042,0.6923380687707936,0.9816641285976043,0.994452627886355,0.9467127000458685
4,33411072.0,275124736.0,1199570944.0,16,1271.0,17.41,81.0,26.0,0.0001,2697184.0,9.85815167427063,1.68603515625,10040620.0,16094848.0,0.7464423552473585,0.9569401906074045,0.9569401906074045,940886.0,2131486.0,0.9174355890144583,0.5666642999335711,0.7102535850069935,0.9412343227775717,0.9731791037109282,0.9731791037109282,0.5197056067837889,35080334.0,2306388.0,34139448.0,0.6785639659782676,0.35860605181628874,0.35860605181628874,561709.0,636776.0,0.2184765285707951,0.34339162536401197,0.9854277156360648,0.3447559463478131,0.3736155530873779,0.3736155530873779,0.9835123788691572,896748.0,37984684.0,335039.0,0.9569401906074045,0.35860605181628874,0.19924717435112366,0.4322480315562504,0.33003375257455425,0.3312037712221027,0.5597545943863361,0.19924717435112366,0.19924717435112366,1847416.0,348410.0,0.11064659819668904,0.21644237732241906,0.9525044470456423,0.43949304856193233,0.12882556101940768,0.12882556101940768,0.9906836277532646,2120604.0,37049194.0,273188.0,0.9569401906074045,0.35860605181628874,0.19924717435112366,0.4322480315562504,0.8352139311908453,0.9174355890144583,0.2184765285707951,0.11064659819668904,0.27571200053113465,0.2016117090995396,0.1984686719148759,0.7208893785356918,0.4322480315562504,0.4322480315562504,756074.0,989413.0,0.27571200053113465,0.4106892841827636,0.9800320338285512,0.4017556493562639,0.4677491795269626,0.4677491795269626,0.974029577544421,1420522.0,37108273.0,664448.0,0.7382462650389221,0.4858423493361691,0.38056767907826927,0.8960963766373212,0.9412343227775717,0.3447559463478131,0.43949304856193233,0.4017556493562639,0.39533488142200307,0.9731791037109282,0.3736155530873779,0.12882556101940768,0.4677491795269626,0.3233967645445827,0.5197056067837889,0.9835123788691572,0.9906836277532646,0.974029577544421,0.8103982245210253,0.9567691759278812,0.9567691759278812,190608.0,205113.0,0.9171212677490246,0.627344951074696,0.6787070608998185,0.9552554694049485,0.9582876873309748,0.9582876873309748,0.6625087617110758,4569586.0,402645.0,4378978.0,0.7086058442705636,0.43474872321502256,0.43474872321502256,63085.0,60211.0,0.27775011569260327,0.4226256692770596,0.987556507087771,0.4405533978778362,0.4290950226244344,0.4290950226244344,0.9881166659166929,110500.0,5006633.0,47415.0,0.9567691759278812,0.43474872321502256,0.2364930887639605,0.4993200058955154,0.3901872726248328,0.40316033741572727,0.5817203899212728,0.2364930887639605,0.2364930887639605,205786.0,88791.0,0.1341038627391615,0.22091856052259068,0.9591931755560408,0.33941657428968924,0.18146598358047478,0.18146598358047478,0.9819747962620708,251408.0,4837145.0,45622.0,0.9567691759278812,0.43474872321502256,0.2364930887639605,0.4993200058955154,0.8377021389871532,0.9171212677490246,0.27775011569260327,0.1341038627391615,0.33272916801525,0.2481943821490049,0.2524739000804037,0.7826625112559209,0.4993200058955154,0.4993200058955154,96787.0,202151.0,0.33272916801525,0.47812026528183094,0.9799452149030382,0.42442214718092103,0.6063168598739068,0.6063168598739068,0.9590081626379349,245850.0,4729343.0,149063.0,0.7386619939079767,0.5437913883524477,0.41542610354900983,0.8925576511817642,0.9552554694049485,0.4405533978778362,0.33941657428968924,0.42442214718092103,0.40146403978281553,0.9582876873309748,0.4290950226244344,0.18146598358047478,0.6063168598739068,0.40562595535960533,0.6625087617110758,0.9881166659166929,0.9819747962620708,0.9590081626379349
4,33411072.0,275124736.0,1199570944.0,17,1271.0,18.87,81.0,16.0,0.0001,2697184.0,10.20737099647522,1.73486328125,10054240.0,16094848.0,0.7477783180061925,0.9572175804230116,0.9572175804230116,931727.0,2120787.0,0.9179456447024809,0.5696132278151613,0.7132101129827685,0.9415268145919394,0.9734401901646661,0.9734401901646661,0.522116445847719,35080334.0,2317087.0,34148607.0,0.6602887074406051,0.36123923054407686,0.36123923054407686,598698.0,455355.0,0.22043438998360332,0.3490996672106045,0.9845556289812695,0.3956039580305413,0.33236762167297834,0.33236762167297834,0.9882097932082319,896748.0,38166105.0,298050.0,0.9572175804230116,0.36123923054407686,0.2409496954790731,0.46276282329330376,0.35498391643881794,0.35252738240448944,0.5793711004989048,0.2409496954790731,0.2409496954790731,1751371.0,574977.0,0.13697714889665716,0.23424075025017208,0.9545971096903152,0.39104966056279855,0.17411690254286044,0.17411690254286044,0.9846252984549492,2120604.0,36822627.0,369233.0,0.9572175804230116,0.36123923054407686,0.2409496954790731,0.46276282329330376,0.8380343466098367,0.9179456447024809,0.22043438998360332,0.13697714889665716,0.30103540969826453,0.21948231619284167,0.21398072334519513,0.7306900633057105,0.46276282329330376,0.46276282329330376,732921.0,863598.0,0.30103540969826453,0.4422778750227259,0.9806958457011982,0.44327065708526114,0.4840481175229951,0.4840481175229951,0.977332009088426,1420522.0,37234088.0,687601.0,0.7250341283741282,0.490993207975875,0.3940981483202515,0.8984084247949704,0.9415268145919394,0.3956039580305413,0.39104966056279855,0.44327065708526114,0.4099747585595337,0.9734401901646661,0.33236762167297834,0.17411690254286044,0.4840481175229951,0.33017754724627796,0.522116445847719,0.9882097932082319,0.9846252984549492,0.977332009088426,0.7956340241741069,0.9592433946471791,0.9592433946471791,146955.0,228865.0,0.9216788917923722,0.6300307422088838,0.7205371133863778,0.9507975498635278,0.9678406315145398,0.9678406315145398,0.623427416833674,4569586.0,378893.0,4422631.0,0.7332121116699234,0.42872741870734643,0.42872741870734643,57102.0,85202.0,0.2728536243881003,0.41762668465838504,0.9886674139428397,0.38526695526695526,0.4832398190045249,0.4832398190045249,0.983184404335322,110500.0,4981642.0,53398.0,0.9592433946471791,0.42872741870734643,0.22943466133799595,0.48601875362376795,0.3813936112230368,0.3864376158912356,0.5786687790583216,0.22943466133799595,0.22943466133799595,207318.0,88838.0,0.1295827136836289,0.21382213034303127,0.958901486316751,0.33168331728454503,0.17537230318844269,0.17537230318844269,0.9819652549282004,251408.0,4837098.0,44090.0,0.9592433946471791,0.42872741870734643,0.22943466133799595,0.48601875362376795,0.8408447002963705,0.9216788917923722,0.2728536243881003,0.1295827136836289,0.32102032623394183,0.24115222143522366,0.23949344611468534,0.7337336009677382,0.48601875362376795,0.48601875362376795,124304.0,132774.0,0.32102032623394183,0.460012118204446,0.9747504785676446,0.477925448254168,0.49439088875330484,0.49439088875330484,0.9730763131821716,245850.0,4798720.0,121546.0,0.7266222540336319,0.5302109106152031,0.41128388902451085,0.8965340143517603,0.9507975498635278,0.38526695526695526,0.33168331728454503,0.477925448254168,0.3982919069352227,0.9678406315145398,0.4832398190045249,0.17537230318844269,0.49439088875330484,0.3843343369820908,0.623427416833674,0.983184404335322,0.9819652549282004,0.9730763131821716
4,33411072.0,275124736.0,1199570944.0,18,1271.0,17.49,82.0,0.0,0.0001,2697184.0,11.34888768196106,1.7197265625,10101264.0,16094848.0,0.7470016424055443,0.9586313189457211,0.9586313189457211,814915.0,2142458.0,0.9205494042467314,0.5792262003530585,0.7379973385469264,0.9411539980757461,0.9767700330333229,0.9767700330333229,0.5172332517777657,35080334.0,2295416.0,34265419.0,0.6807883134060972,0.3867359877243481,0.3867359877243481,560786.0,504713.0,0.23972268939342586,0.3731697674904523,0.9855009883903402,0.39963362773961403,0.37464482775540064,0.37464482775540064,0.9869317990567938,896748.0,38116747.0,335962.0,0.9586313189457211,0.3867359877243481,0.20700649251628397,0.47843113181072444,0.3573912040171188,0.35498452943448144,0.5636948245386549,0.20700649251628397,0.20700649251628397,1826029.0,430867.0,0.11545300730441381,0.21384992260795185,0.9529286207639847,0.40606278654944156,0.13891089519778327,0.13891089519778327,0.9884787538795267,2120604.0,36966737.0,294575.0,0.9586313189457211,0.3867359877243481,0.20700649251628397,0.47843113181072444,0.8401099614589732,0.9205494042467314,0.23972268939342586,0.11545300730441381,0.3144327817248756,0.22320282614090511,0.21579403706911396,0.7386717073550517,0.47843113181072444,0.47843113181072444,711311.0,835003.0,0.3144327817248756,0.4585717905106598,0.9812684702062153,0.4592698939395706,0.4992608351014627,0.4992608351014627,0.9780825796086408,1420522.0,37262683.0,709211.0,0.7112377246418601,0.4973966477719924,0.39753947066736167,0.9009813147397777,0.9411539980757461,0.39963362773961403,0.40606278654944156,0.4592698939395706,0.42165543607620876,0.9767700330333229,0.37464482775540064,0.13891089519778327,0.4992608351014627,0.33760551935154887,0.5172332517777657,0.9869317990567938,0.9884787538795267,0.9780825796086408,0.8075178461513393,0.9587866868911651,0.9587866868911651,166722.0,211791.0,0.9208359851147483,0.6360631827198004,0.7037048884908004,0.9541046947171565,0.9635148567069315,0.9635148567069315,0.651520835595747,4569586.0,395967.0,4402864.0,0.7223968607216871,0.4333770354585093,0.4333770354585093,59760.0,72921.0,0.2766313562787249,0.421005896510072,0.9881749607167684,0.4103152974664607,0.45918552036199095,0.45918552036199095,0.9856082010813833,110500.0,4993923.0,50740.0,0.9587866868911651,0.4333770354585093,0.2501951290666817,0.47824915355835457,0.3872737726945152,0.39313356350180745,0.5880369205505982,0.2501951290666817,0.2501951290666817,202524.0,90475.0,0.14298458829482602,0.2338475487953192,0.9598005948806914,0.35077748835740785,0.19444090880162923,0.19444090880162923,0.981632932299567,251408.0,4835461.0,48884.0,0.9587866868911651,0.4333770354585093,0.2501951290666817,0.47824915355835457,0.840511875449583,0.9208359851147483,0.2766313562787249,0.14298458829482602,0.31427559555932466,0.2446305133776252,0.24465851957089504,0.7481406706421834,0.47824915355835457,0.47824915355835457,115403.0,169222.0,0.31427559555932466,0.45198598535186074,0.9763405720963368,0.43530361832555253,0.5305958918039455,0.5305958918039455,0.9656854494804211,245850.0,4762272.0,130447.0,0.7203311588190779,0.5369342944186243,0.413681881311906,0.8948478215857397,0.9541046947171565,0.4103152974664607,0.35077748835740785,0.43530361832555253,0.39879880138314033,0.9635148567069315,0.45918552036199095,0.19444090880162923,0.5305958918039455,0.39474077365585525,0.651520835595747,0.9856082010813833,0.981632932299567,0.9656854494804211
4,33411072.0,275124736.0,1199570944.0,19,1271.0,16.97,82.0,0.0,0.0001,2697184.0,9.991658449172974,1.76318359375,10085176.0,16094848.0,0.7560541275939691,0.958630476167853,0.958630476167853,898693.0,2051512.0,0.9205478499506865,0.5856750642062349,0.7264298466844543,0.9433802517821179,0.9743818573677206,0.9743818573677206,0.5377263978202175,35080334.0,2386362.0,34181641.0,0.6990796020991081,0.41769238308192497,0.41769238308192497,528095.0,499788.0,0.26397672526880794,0.4044480187514892,0.9863363988714343,0.42449976452056043,0.4110998853635581,0.4110998853635581,0.9870593188346583,896748.0,38121672.0,368653.0,0.958630476167853,0.41769238308192497,0.21759636638121407,0.45433873264067687,0.36320916070127196,0.35649686796291924,0.5684450963767718,0.21759636638121407,0.21759636638121407,1803074.0,480389.0,0.12208029779395792,0.21931852381757047,0.9534333537644825,0.39794766135409737,0.14973564135501016,0.14973564135501016,0.9871545513985335,2120604.0,36917215.0,317530.0,0.958630476167853,0.41769238308192497,0.21759636638121407,0.45433873264067687,0.840278115149693,0.9205478499506865,0.26397672526880794,0.12208029779395792,0.2939445674386921,0.2266671968338193,0.21691280108547792,0.7308323777826138,0.45433873264067687,0.45433873264067687,730105.0,928278.0,0.2939445674386921,0.43361138304249613,0.9807357682933815,0.4265269244669317,0.4860304873842151,0.4860304873842151,0.9756342681810124,1420522.0,37169408.0,690417.0,0.7022885661417769,0.505311967867626,0.4001373601130361,0.8997938621103467,0.9433802517821179,0.42449976452056043,0.39794766135409737,0.4265269244669317,0.41632478344719653,0.9743818573677206,0.4110998853635581,0.14973564135501016,0.4860304873842151,0.34895533803426115,0.5377263978202175,0.9870593188346583,0.9871545513985335,0.9756342681810124,0.7919771824647003,0.9579515987658916,0.9579515987658916,155323.0,232197.0,0.9192966446005577,0.6196147662987389,0.7074257276542522,0.9500271174184217,0.9660093934111318,0.9660093934111318,0.6179449715182688,4569586.0,375561.0,4414263.0,0.7520225663868851,0.4730806528153177,0.4730806528153177,53178.0,74513.0,0.30982687703026274,0.46243583042268566,0.9894603299686909,0.4348010771039557,0.5187511312217195,0.5187511312217195,0.9852940015520509,110500.0,4992331.0,57322.0,0.9579515987658916,0.4730806528153177,0.2526158602080113,0.4736405381298375,0.3997790170510555,0.39942668547269466,0.5875536451510263,0.2526158602080113,0.2526158602080113,203195.0,82089.0,0.14456801710360212,0.24029468029628764,0.9597397842141991,0.3700096698439011,0.19177194043148985,0.19177194043148985,0.9833353498705627,251408.0,4843847.0,48213.0,0.9579515987658916,0.4730806528153177,0.2526158602080113,0.4736405381298375,0.8397501810741169,0.9192966446005577,0.30982687703026274,0.14456801710360212,0.31030733582868636,0.2549007433208504,0.2495522584609982,0.7329562426704082,0.4736405381298375,0.4736405381298375,123983.0,146880.0,0.31030733582868636,0.44666117927699395,0.9747416624342964,0.4534636665711617,0.49569656294488507,0.49569656294488507,0.9702159223959311,245850.0,4784614.0,121867.0,0.7116392699978019,0.5430572570023066,0.42099971864077723,0.8965340143517603,0.9500271174184217,0.4348010771039557,0.3700096698439011,0.4534636665711617,0.4194248045063395,0.9660093934111318,0.5187511312217195,0.19177194043148985,0.49569656294488507,0.40207321153269815,0.6179449715182688,0.9852940015520509,0.9833353498705627,0.9702159223959311
4,33411072.0,275124736.0,1199570944.0,20,1271.0,15.8,81.0,17.0,0.0001,2697184.0,10.277883052825928,1.79296875,9942792.0,16094848.0,0.7540653021985163,0.9586368000744473,0.9586368000744473,879811.0,2071553.0,0.9205595128990353,0.5842858949460571,0.7289663513375303,0.9428884908600214,0.9749201076591802,0.9749201076591802,0.5332104967378524,35080334.0,2366321.0,34200523.0,0.7194153496370448,0.4405991998949686,0.4405991998949686,490679.0,540441.0,0.2825439103694782,0.42741481514417123,0.9872787814526599,0.4290171260736812,0.45282398176522276,0.45282398176522276,0.9860067175088668,896748.0,38081019.0,406069.0,0.9586368000744473,0.4405991998949686,0.23005322984386659,0.4734153339804826,0.3813559212397726,0.37220715340409677,0.5734099974523709,0.23005322984386659,0.23005322984386659,1781617.0,487440.0,0.12997748504243026,0.23121993399681876,0.9539536058058429,0.4101838395889776,0.15985398499672734,0.15985398499672734,0.9869660099080144,2120604.0,36910164.0,338987.0,0.9586368000744473,0.4405991998949686,0.23005322984386659,0.4734153339804826,0.8417147977211482,0.9205595128990353,0.2825439103694782,0.12997748504243026,0.3101140372481836,0.24087847755336403,0.22865756793468484,0.7307513768066476,0.4734153339804826,0.4734153339804826,735557.0,788230.0,0.3101140372481836,0.4534909151698172,0.9806661388182467,0.4649520260386439,0.48219246164438145,0.48219246164438145,0.9793102919689138,1420522.0,37309456.0,684965.0,0.6891792600427694,0.5174476340163779,0.41079873638978187,0.9016234744247512,0.9428884908600214,0.4290171260736812,0.4101838395889776,0.4649520260386439,0.4347176639004342,0.9749201076591802,0.45282398176522276,0.15985398499672734,0.48219246164438145,0.3649568094687772,0.5332104967378524,0.9860067175088668,0.9869660099080144,0.9793102919689138,0.8015255027970194,0.9551621194365904,0.9551621194365904,195412.0,215259.0,0.9141725594037007,0.6118183601274813,0.6676163568975576,0.9530968204569061,0.9572363885918768,0.9572363885918768,0.645814617002162,4569586.0,392499.0,4374174.0,0.7461636743178386,0.48828054873216253,0.48828054873216253,54743.0,62124.0,0.3229968022986375,0.4770124883911055,0.9891800770160786,0.47299395152738777,0.5045882352941177,0.5045882352941177,0.9877391133415594,110500.0,5004720.0,55757.0,0.9551621194365904,0.48828054873216253,0.11527911485051895,0.4713873476592387,0.3583156704139734,0.38427691944844267,0.5312759146067657,0.11527911485051895,0.11527911485051895,233925.0,34425.0,0.06116508590680572,0.13495574841277794,0.9543599803021635,0.33680742852739465,0.0695403487558073,0.0695403487558073,0.9930114804577241,251408.0,4891511.0,17483.0,0.9551621194365904,0.48828054873216253,0.11527911485051895,0.4713873476592387,0.831366988536668,0.9141725594037007,0.3229968022986375,0.06116508590680572,0.30837592959694804,0.23084593926746375,0.23783587922582783,0.7917450623026134,0.4713873476592387,0.4713873476592387,89356.0,261628.0,0.30837592959694804,0.4554475599525745,0.981224662350275,0.37427832068152356,0.6365426072808623,0.6365426072808623,0.9469475173243646,245850.0,4669866.0,156494.0,0.7066097878202607,0.541976894980666,0.40167759430152294,0.8892412789260284,0.9530968204569061,0.47299395152738777,0.33680742852739465,0.37427832068152356,0.3946932335787687,0.9572363885918768,0.5045882352941177,0.0695403487558073,0.6365426072808623,0.40355706377692907,0.645814617002162,0.9877391133415594,0.9930114804577241,0.9469475173243646
4,33411072.0,275124736.0,1199570944.0,21,1271.0,17.61,82.0,10.0,0.0001,2697184.0,12.237037420272827,1.67041015625,10072108.0,16094848.0,0.754699627070994,0.9579441997870699,0.9579441997870699,939333.0,2058393.0,0.9192830168896203,0.5798765434867404,0.7169672660173182,0.9431373630177345,0.9732233735288838,0.9732233735288838,0.5361758806131044,35080334.0,2379481.0,34141001.0,0.7106314220419244,0.44689885051385614,0.44689885051385614,508472.0,452622.0,0.2877461333807629,0.4347132894776017,0.986853480761718,0.461739711594034,0.43298228710852993,0.43298228710852993,0.9882805569753189,896748.0,38168838.0,388276.0,0.9579441997870699,0.44689885051385614,0.2481549198310045,0.4744450610524891,0.3898329437991166,0.3806268861142797,0.5810611136532059,0.2481549198310045,0.2481549198310045,1747833.0,510966.0,0.1416534616217695,0.24708434787712646,0.9547597532783612,0.42181214546861795,0.1757852951328961,0.1757852951328961,0.9863369321735157,2120604.0,36886638.0,372771.0,0.9579441997870699,0.44689885051385614,0.2481549198310045,0.4744450610524891,0.8413580375618811,0.9192830168896203,0.2877461333807629,0.1416534616217695,0.3109983448906871,0.24679931329773983,0.2350458228869549,0.7401861575002291,0.4744450610524891,0.4744450610524891,705367.0,879024.0,0.3109983448906871,0.4544911952611492,0.9814005257721958,0.44860395225379335,0.5034452123937538,0.5034452123937538,0.9769271026067042,1420522.0,37218662.0,715155.0,0.6804272151902738,0.5213590420410159,0.41492023919571003,0.9012858832060401,0.9431373630177345,0.461739711594034,0.42181214546861795,0.44860395225379335,0.44405193643881513,0.9732233735288838,0.43298228710852993,0.1757852951328961,0.5034452123937538,0.37073759821172664,0.5361758806131044,0.9882805569753189,0.9863369321735157,0.9769271026067042,0.7854583280409574,0.9599549195616455,0.9599549195616455,126750.0,243921.0,0.9229935678913525,0.627454512408527,0.7416360400907485,0.9479552705634194,0.9722622574561459,0.9722622574561459,0.5986543986257689,4569586.0,363837.0,4442836.0,0.7719254339589422,0.4517187788682034,0.4517187788682034,48154.0,103193.0,0.29175499431427326,0.4467684386523956,0.9903918847600814,0.37662423960516855,0.5642171945701357,0.5642171945701357,0.9796336733477486,110500.0,4963651.0,62346.0,0.9599549195616455,0.4517187788682034,0.18805327655438167,0.5157582903587209,0.385176781927102,0.39652932366424026,0.558371291461089,0.18805327655438167,0.18805327655438167,218906.0,61758.0,0.1037852129541521,0.1876877231327947,0.9569344122583848,0.3448122215149586,0.1292798956278241,0.1292798956278241,0.9874626872943538,251408.0,4864178.0,32502.0,0.9599549195616455,0.4517187788682034,0.18805327655438167,0.5157582903587209,0.8424126578119139,0.9229935678913525,0.29175499431427326,0.1037852129541521,0.34748941968715635,0.24767654231852723,0.24729440301982097,0.7390425102873012,0.5157582903587209,0.5157582903587209,122935.0,107873.0,0.34748941968715635,0.49268736004333574,0.9751473550486439,0.5325883494809089,0.49995932479153954,0.49995932479153954,0.9781256957830629,245850.0,4823621.0,122915.0,0.6799490934685816,0.5414296681114112,0.4165057987117335,0.9001911018468156,0.9479552705634194,0.37662423960516855,0.3448122215149586,0.5325883494809089,0.41800827020034537,0.9722622574561459,0.5642171945701357,0.1292798956278241,0.49995932479153954,0.39781880499649985,0.5986543986257689,0.9796336733477486,0.9874626872943538,0.9781256957830629
4,33411072.0,275124736.0,1199570944.0,22,1271.0,18.87,82.0,4.0,0.0001,2697184.0,11.621967792510986,1.59521484375,10040940.0,16094848.0,0.7580430058832412,0.9581864988588066,0.9581864988588066,951459.0,2027184.0,0.9197293928416339,0.5840397552092417,0.7170086751063085,0.9439323848874126,0.9728777097732307,0.9728777097732307,0.5432083019932518,35080334.0,2410690.0,34128875.0,0.7422324016060948,0.47278119490488285,0.47278119490488285,449588.0,547707.0,0.3095700454496679,0.46053993727405196,0.9883294649859159,0.4494671146997538,0.4986462194507264,0.4986462194507264,0.9858185837614631,896748.0,38073753.0,447160.0,0.9581864988588066,0.47278119490488285,0.2593519055473796,0.4833312371551499,0.4051547792024708,0.39421781192183664,0.5854394970818486,0.2593519055473796,0.2593519055473796,1729728.0,502772.0,0.14899732253401723,0.25901525314541407,0.9552168879075904,0.43739369416145957,0.18432295704431378,0.18432295704431378,0.9865560371193833,2120604.0,36894832.0,390876.0,0.9581864988588066,0.47278119490488285,0.2593519055473796,0.4833312371551499,0.8429197033172603,0.9197293928416339,0.3095700454496679,0.14899732253401723,0.31867949614031377,0.259082288041333,0.24549893182813634,0.7360225131566458,0.4833312371551499,0.4833312371551499,721104.0,774216.0,0.31867949614031377,0.46378375004738337,0.9810458122096465,0.4746212424523321,0.4923668904811048,0.4923668904811048,0.9796781358321868,1420522.0,37323470.0,699418.0,0.6689302654408696,0.5370534441873439,0.42424406424140826,0.9025290063759976,0.9439323848874126,0.4494671146997538,0.43739369416145957,0.4746212424523321,0.4538273504378485,0.9728777097732307,0.4986462194507264,0.18432295704431378,0.4923668904811048,0.3917786889920483,0.5432083019932518,0.9858185837614631,0.9865560371193833,0.9796781358321868,0.7479276756490132,0.9575267125032269,0.9575267125032269,103578.0,292622.0,0.9185143868793766,0.5854085540441447,0.7526282856556026,0.9385070913267054,0.9773331763533939,0.9773331763533939,0.5185221749446326,4569586.0,315136.0,4466008.0,0.7690928409741906,0.501511840007888,0.501511840007888,49463.0,71875.0,0.33467854694996574,0.49180598839505185,0.9901945352816729,0.459228662573733,0.5523710407239819,0.5523710407239819,0.9858146412243992,110500.0,4994969.0,61037.0,0.9575267125032269,0.501511840007888,0.16615037679664377,0.475939242556012,0.38120048645351456,0.3813625700457489,0.5495781709424887,0.16615037679664377,0.16615037679664377,223705.0,54358.0,0.09060196359307444,0.1706482612598354,0.9560956673064087,0.33759032914539183,0.11019140202380195,0.11019140202380195,0.9889649398611756,251408.0,4871578.0,27703.0,0.9575267125032269,0.501511840007888,0.16615037679664377,0.475939242556012,0.8370634545709449,0.9185143868793766,0.33467854694996574,0.09060196359307444,0.31228364107623424,0.2458547172064248,0.2356071613001855,0.7077803905614745,0.475939242556012,0.475939242556012,138861.0,96752.0,0.31228364107623424,0.4545525933781857,0.9720804012704674,0.5251225821017861,0.43517998779743744,0.43517998779743744,0.9803807933255115,245850.0,4834742.0,106989.0,0.6691355290292185,0.5187689017246537,0.41401963462466274,0.9004109056690072,0.9385070913267054,0.459228662573733,0.33759032914539183,0.5251225821017861,0.44064719127363694,0.9773331763533939,0.5523710407239819,0.11019140202380195,0.43517998779743744,0.36591414351507373,0.5185221749446326,0.9858146412243992,0.9889649398611756,0.9803807933255115
4,33411072.0,275124736.0,1199570944.0,23,1271.0,17.41,81.0,0.0,0.0001,2697184.0,10.039749145507812,1.65087890625,10120624.0,16094848.0,0.7723433455374884,0.9601569517966823,0.9601569517966823,931316.0,1902806.0,0.9233671883999033,0.6079448034667311,0.7313292468462813,0.9472202571498185,0.9734519061306542,0.9734519061306542,0.5712347849443224,35080334.0,2535068.0,34149018.0,0.71396442729977,0.45035783281648906,0.45035783281648906,502312.0,460472.0,0.29062053314864206,0.4380381873389595,0.9870080412173818,0.46137830035512595,0.43985155249858376,0.43985155249858376,0.9880773021009563,896748.0,38160988.0,394436.0,0.9601569517966823,0.45035783281648906,0.29340273594584415,0.5318048082239932,0.42518845899544216,0.41862221602584326,0.6014688100460931,0.29340273594584415,0.29340273594584415,1657885.0,570833.0,0.17192265693010833,0.2865525450759436,0.9569208829617706,0.4476978420050467,0.21820151239929755,0.21820151239929755,0.9847361076928886,2120604.0,36826771.0,462719.0,0.9601569517966823,0.45035783281648906,0.29340273594584415,0.5318048082239932,0.8485141687563852,0.9233671883999033,0.29062053314864206,0.17192265693010833,0.36221669380397176,0.27491996129424073,0.26471992984105597,0.7703890508201339,0.5318048082239932,0.5318048082239932,623228.0,780630.0,0.36221669380397176,0.5141609015018844,0.9835734492656935,0.5052803557078794,0.5612683224899015,0.5612683224899015,0.9795097791503663,1420522.0,37317056.0,797294.0,0.654672342746412,0.5481933233796092,0.4370317680706563,0.9059992548245103,0.9472202571498185,0.46137830035512595,0.4476978420050467,0.5052803557078794,0.471452166022684,0.9734519061306542,0.43985155249858376,0.21820151239929755,0.5612683224899015,0.4064404624625943,0.5712347849443224,0.9880773021009563,0.9847361076928886,0.9795097791503663,0.8020502986465086,0.958320085704319,0.958320085704319,164443.0,218740.0,0.9199755822807386,0.6293121329747251,0.7028824072518208,0.9526934396912725,0.9640135889772071,0.9640135889772071,0.6400870083158099,4569586.0,389018.0,4405143.0,0.8106286671238239,0.46855363471828515,0.46855363471828515,39177.0,122616.0,0.3059549752054771,0.4728525840338252,0.9921385077070798,0.3677599657624305,0.6454570135746607,0.6454570135746607,0.9758003206729869,110500.0,4944228.0,71323.0,0.958320085704319,0.46855363471828515,0.29405419877001177,0.5333777473143421,0.4319951936008796,0.4363225196969736,0.6054743814373061,0.29405419877001177,0.29405419877001177,194294.0,79937.0,0.17237018817244865,0.28245021898496225,0.9614518441685831,0.41673537588197096,0.22717654171704957,0.22717654171704957,0.9837722211575628,251408.0,4845999.0,57114.0,0.958320085704319,0.46855363471828515,0.29405419877001177,0.5333777473143421,0.8441511637231763,0.9199755822807386,0.3059549752054771,0.17237018817244865,0.36367765887748416,0.28066760741846997,0.2790361344926566,0.7441154951835608,0.5333777473143421,0.5333777473143421,120954.0,97575.0,0.36367765887748416,0.5120315671219874,0.9755888798764368,0.5614035087719298,0.5080170835875534,0.5080170835875534,0.9802139067795682,245850.0,4833919.0,124896.0,0.6607158123692379,0.5861660569641176,0.44049460113403716,0.8997810460344146,0.9526934396912725,0.3677599657624305,0.41673537588197096,0.5614035087719298,0.4486329501387771,0.9640135889772071,0.6454570135746607,0.22717654171704957,0.5080170835875534,0.4602168796264212,0.6400870083158099,0.9758003206729869,0.9837722211575628,0.9802139067795682
4,33411072.0,275124736.0,1199570944.0,24,1271.0,16.92,81.0,2.0,0.0001,2697184.0,11.656534433364868,1.580078125,10047180.0,16094848.0,0.7647803297723625,0.9588599179404216,0.9588599179404216,961642.0,1966097.0,0.9209710916552258,0.5936214287311421,0.7199170855639816,0.9455145213679925,0.9725874331755222,0.9725874331755222,0.5569732263692029,35080334.0,2471777.0,34118692.0,0.7080411260020074,0.43640470671607634,0.43640470671607634,512481.0,480043.0,0.2791033642724277,0.42364035796824423,0.9867418028577609,0.44459395355832976,0.42851168890256797,0.42851168890256797,0.9875705631014468,896748.0,38141417.0,384267.0,0.9588599179404216,0.43640470671607634,0.2975157953909125,0.480558418504124,0.40482630687037097,0.39555559677425295,0.6048945484043183,0.2975157953909125,0.2975157953909125,1640037.0,629360.0,0.17475392405136939,0.28613761137357585,0.9572999114435764,0.4329717179598298,0.22661798242387546,0.22661798242387546,0.9831711143847611,2120604.0,36768244.0,480567.0,0.9588599179404216,0.43640470671607634,0.2975157953909125,0.480558418504124,0.8446262435468717,0.9209710916552258,0.2791033642724277,0.17475392405136939,0.3162730468591091,0.2567101117276354,0.2465374281458339,0.7334793542678391,0.480558418504124,0.480558418504124,728589.0,767249.0,0.3162730468591091,0.4609652567517044,0.9808563414103135,0.4741923899828808,0.48709770070438896,0.48709770070438896,0.9798610078312893,1420522.0,37330437.0,691933.0,0.6535328047390205,0.5287037013015887,0.422775356709533,0.9027600391191827,0.9455145213679925,0.44459395355832976,0.4329717179598298,0.4741923899828808,0.45058602050034685,0.9725874331755222,0.42851168890256797,0.22661798242387546,0.48709770070438896,0.38074245734361084,0.5569732263692029,0.9875705631014468,0.9831711143847611,0.9798610078312893,0.8168687282211515,0.9571102232297196,0.9571102232297196,195420.0,196608.0,0.9177482074795948,0.6342753133080292,0.6778277857460804,0.9569858409100953,0.957234637886233,0.957234637886233,0.67650281855607,4569586.0,411150.0,4374166.0,0.7703447614401369,0.4603817967299024,0.4603817967299024,48653.0,96330.0,0.2990233525117246,0.45405699398846217,0.9903065588373529,0.39099869133944887,0.5597013574660633,0.5597013574660633,0.9809881654142105,110500.0,4970514.0,61847.0,0.9571102232297196,0.4603817967299024,0.30831169354027016,0.5006398453138852,0.4231111118613526,0.4209208714614173,0.6242051156988369,0.30831169354027016,0.30831169354027016,182486.0,126763.0,0.1822508865037245,0.27998685481795293,0.9633684280678384,0.3522089071722411,0.2741440208744352,0.2741440208744352,0.9742662105232386,251408.0,4799173.0,68922.0,0.9571102232297196,0.4603817967299024,0.30831169354027016,0.5006398453138852,0.8411032102465215,0.9177482074795948,0.2990233525117246,0.1822508865037245,0.3339023274355935,0.27172552215034756,0.2665609745921816,0.7408426818534855,0.5006398453138852,0.5006398453138852,121051.0,127909.0,0.3339023274355935,0.47543510733265915,0.9754193000254232,0.4938466530541178,0.5076225340654871,0.5076225340654871,0.9740628296414839,245850.0,4803585.0,124799.0,0.6639344156542911,0.5746756375730546,0.43323119348265937,0.8942295509048656,0.9569858409100953,0.39099869133944887,0.3522089071722411,0.4938466530541178,0.41235141718860263,0.957234637886233,0.5597013574660633,0.2741440208744352,0.5076225340654871,0.4471559708019952,0.67650281855607,0.9809881654142105,0.9742662105232386,0.9740628296414839
4,33411072.0,275124736.0,1199570944.0,25,1271.0,18.64,81.0,21.0,0.0001,2697184.0,10.154911518096924,1.57080078125,10063476.0,16094848.0,0.7646693111659646,0.9591908817843916,0.9591908817843916,934998.0,1970453.0,0.9215819356279801,0.595813686683485,0.7251961031254528,0.9454406769294172,0.9733469470387597,0.9733469470387597,0.5559916752931696,35080334.0,2467421.0,34145336.0,0.7376900376621055,0.49603958481884436,0.49603958481884436,460567.0,425725.0,0.3298222345560174,0.4846747806244473,0.9880855908048318,0.5060656266460611,0.4864030920615379,0.4864030920615379,0.9889769832626731,896748.0,38195735.0,436181.0,0.9591908817843916,0.49603958481884436,0.29634054391224623,0.5070227661099167,0.43313429828033573,0.41913178499834125,0.6032100307448638,0.29634054391224623,0.29634054391224623,1649559.0,587430.0,0.17394353246672678,0.28811120284026187,0.9571094526319255,0.4450223198469496,0.22212775228189705,0.22212775228189705,0.9842923092078305,2120604.0,36810174.0,471045.0,0.9591908817843916,0.49603958481884436,0.29634054391224623,0.5070227661099167,0.8471146132240976,0.9215819356279801,0.3298222345560174,0.17394353246672678,0.33960515579251294,0.281123640938419,0.2651275931927706,0.7492072401257354,0.5070227661099167,0.5070227661099167,684690.0,746206.0,0.33960515579251294,0.4883552633797356,0.981998976237618,0.4965000897412887,0.5180011291623783,0.5180011291623783,0.9804133510890924,1420522.0,37351480.0,735832.0,0.6418079056747715,0.5499697301361433,0.44123821461080925,0.9056178357075301,0.9454406769294172,0.5060656266460611,0.4450223198469496,0.4965000897412887,0.48252934541143316,0.9733469470387597,0.4864030920615379,0.22212775228189705,0.5180011291623783,0.4088439911686044,0.5559916752931696,0.9889769832626731,0.9842923092078305,0.9804133510890924,0.7531323372545908,0.9599958300113101,0.9599958300113101,84989.0,288768.0,0.9230692123299372,0.6075607050459368,0.7896202525378795,0.9395043119476512,0.9814011597549537,0.9814011597549537,0.5248635147542279,4569586.0,318990.0,4484597.0,0.7218344091964879,0.46942612599971933,0.46942612599971933,60316.0,53126.0,0.30669942429687214,0.45852281013222695,0.9881128112267281,0.48576130093892167,0.45415384615384613,0.45415384615384613,0.9895149722391295,110500.0,5013718.0,50184.0,0.9599958300113101,0.46942612599971933,0.253647005570155,0.4477455330375345,0.3902728882024696,0.3760384368664979,0.5905735525652736,0.253647005570155,0.253647005570155,200976.0,95815.0,0.14524383465381038,0.23501224911002785,0.9600532448489862,0.34484126170109475,0.20059823076433525,0.20059823076433525,0.9805488743662119,251408.0,4830121.0,50432.0,0.9599958300113101,0.46942612599971933,0.253647005570155,0.4477455330375345,0.842007981574423,0.9230692123299372,0.30669942429687214,0.14524383465381038,0.2884485389265504,0.24679726595907767,0.23155624209535844,0.6756740377186351,0.4477455330375345,0.4477455330375345,156240.0,64812.0,0.2884485389265504,0.43926756461932437,0.9688945995976047,0.5802929634378521,0.36449054301403294,0.36449054301403294,0.9868575324232373,245850.0,4866682.0,89610.0,0.6508014715170558,0.5001609449217921,0.4158652525517926,0.9029384564749802,0.9395043119476512,0.48576130093892167,0.34484126170109475,0.5802929634378521,0.4702985086926228,0.9814011597549537,0.45415384615384613,0.20059823076433525,0.36449054301403294,0.33974753997740476,0.5248635147542279,0.9895149722391295,0.9805488743662119,0.9868575324232373
4,33411072.0,275124736.0,1199570944.0,26,1271.0,17.52,81.0,0.0,0.0001,2697192.0,11.037056684494019,1.482421875,10114660.0,16094848.0,0.7671329555169792,0.9591354560446987,0.9591354560446987,962098.0,1945158.0,0.9214796119387151,0.5972156428651996,0.7215195955556507,0.9460628137218587,0.9725744344395353,0.9725744344395353,0.5616914765944233,35080334.0,2492716.0,34118236.0,0.7484085672093246,0.4924399417512537,0.4924399417512537,439551.0,502919.0,0.32664698103191686,0.4805366278327862,0.9886002917364272,0.4761893354552992,0.5098388845026697,0.5098388845026697,0.9869782499159794,896748.0,38118541.0,457197.0,0.9591354560446987,0.4924399417512537,0.26803836024486055,0.5256996828993076,0.4287259949651406,0.41656530702848005,0.5904844815246625,0.26803836024486055,0.26803836024486055,1704700.0,566809.0,0.1547599866488701,0.2618858018114783,0.9557628622650365,0.4232202077310466,0.19612525488021337,0.19612525488021337,0.9848437081691116,2120604.0,36830795.0,415904.0,0.9591354560446987,0.4924399417512537,0.26803836024486055,0.5256996828993076,0.8465323345620829,0.9214796119387151,0.32664698103191686,0.1547599866488701,0.35657571039062813,0.2793275593571383,0.2630770368222395,0.7615845739938742,0.5256996828993076,0.5256996828993076,649713.0,741176.0,0.35657571039062813,0.5077083531558261,0.982905088990295,0.5097993697027418,0.5426237678825108,0.5426237678825108,0.9805453801052378,1420522.0,37356510.0,770809.0,0.6313462181273187,0.5552905854262322,0.43986557250253255,0.9049536355494662,0.9460628137218587,0.4761893354552992,0.4232202077310466,0.5097993697027418,0.4697363042963625,0.9725744344395353,0.5098388845026697,0.19612525488021337,0.5426237678825108,0.4161959690884646,0.5616914765944233,0.9869782499159794,0.9848437081691116,0.9805453801052378,0.818212690985348,0.9543171514765928,0.9543171514765928,224904.0,191053.0,0.9126258050652444,0.6217162251698741,0.6494687574519684,0.9578782711071083,0.9507824122360319,0.9507824122360319,0.6856429697346641,4569586.0,416705.0,4344682.0,0.8423589950453187,0.4230133614160926,0.4230133614160926,30766.0,186747.0,0.26824156341359207,0.44786756355746565,0.9937351133599125,0.29921082553728034,0.7215746606334842,0.7215746606334842,0.9631433294571532,110500.0,4880097.0,79734.0,0.9543171514765928,0.4230133614160926,0.283636577136878,0.29195397067413087,0.33286796974236715,0.3283246636096519,0.6184853007365233,0.283636577136878,0.283636577136878,183775.0,157858.0,0.1652543822355143,0.24956284144814742,0.9628876301457252,0.29993658283479163,0.26901689683701396,0.26901689683701396,0.9679537046360326,251408.0,4768078.0,67633.0,0.9543171514765928,0.4230133614160926,0.283636577136878,0.29195397067413087,0.8273608770548575,0.9126258050652444,0.26824156341359207,0.1652543822355143,0.17092863170049297,0.2014748591165331,0.1964045628133774,0.6080948866295726,0.29195397067413087,0.29195397067413087,188118.0,91905.0,0.17092863170049297,0.27444481511313434,0.9625837384716333,0.3858136690791716,0.23482611348383162,0.23482611348383162,0.9813636597753135,245850.0,4839589.0,57732.0,0.6812228492543667,0.5440500207975905,0.3792625956037109,0.8787866906274723,0.9578782711071083,0.29921082553728034,0.29993658283479163,0.3858136690791716,0.3283203591504145,0.9507824122360319,0.7215746606334842,0.26901689683701396,0.23482611348383162,0.4084725569847765,0.6856429697346641,0.9631433294571532,0.9679537046360326,0.9813636597753135
4,33411072.0,275124736.0,1199570944.0,27,1271.0,17.52,82.0,34.0,3e-05,2697192.0,10.05236530303955,1.48193359375,10062724.0,16094848.0,0.7681564551907061,0.959129840103437,0.959129840103437,972008.0,1934820.0,0.9214692447314956,0.5979226027880091,0.720290458127078,0.9463193362754738,0.9722919399798189,0.9722919399798189,0.5640209704015932,35080334.0,2503054.0,34108326.0,0.7246578058617887,0.46365930507500674,0.46365930507500674,482799.0,474877.0,0.3017945867128406,0.45126723862350365,0.987501767437025,0.46572557508443724,0.4616112887901618,0.4616112887901618,0.9877043229334158,896748.0,38146583.0,413949.0,0.959129840103437,0.46365930507500674,0.3091359327024391,0.5065381173887826,0.4264444517220762,0.4153216960177613,0.6105278206233068,0.3091359327024391,0.3091359327024391,1615385.0,642765.0,0.1828271939071474,0.29661164329905315,0.9579000372789067,0.4400923706253746,0.23824297228525457,0.23824297228525457,0.9828126689613591,2120604.0,36754839.0,505219.0,0.959129840103437,0.46365930507500674,0.3091359327024391,0.5065381173887826,0.8468396571091463,0.9214692447314956,0.3017945867128406,0.1828271939071474,0.33917043567468563,0.27459740543155786,0.2620858094504563,0.7454761823900082,0.5065381173887826,0.5065381173887826,696483.0,714213.0,0.33917043567468563,0.48803045563084857,0.9817099841186792,0.5034159521419056,0.5096992514019494,0.5096992514019494,0.9812531133780671,1420522.0,37383473.0,724039.0,0.628339993321085,0.5454613631142962,0.4363153652565423,0.904685075801008,0.9463193362754738,0.46572557508443724,0.4400923706253746,0.5034159521419056,0.46974463261723914,0.9722919399798189,0.4616112887901618,0.23824297228525457,0.5096992514019494,0.40318450415912194,0.5640209704015932,0.9877043229334158,0.9828126689613591,0.9812531133780671,0.7930798334766919,0.9607402965391649,0.9607402965391649,128539.0,234419.0,0.9244467897098358,0.6376878914412744,0.743883971801912,0.9498618961190178,0.9718707559065526,0.9718707559065526,0.6142889110468311,4569586.0,373339.0,4441047.0,0.7867596375672458,0.5145625308947108,0.5145625308947108,45440.0,77315.0,0.346404706759311,0.5068537395950167,0.9909751182182055,0.4569622475856014,0.5887782805429864,0.5887782805429864,0.9847409945915051,110500.0,4989529.0,65060.0,0.9607402965391649,0.5145625308947108,0.2729714846649268,0.47972288204495195,0.4224189658681965,0.40984070451931987,0.6022836085006972,0.2729714846649268,0.2729714846649268,194402.0,109256.0,0.15805846993323425,0.24940646739973604,0.9612055839437471,0.342868484680805,0.2267469611150003,0.2267469611150003,0.977820255886394,251408.0,4816680.0,57006.0,0.9607402965391649,0.5145625308947108,0.2729714846649268,0.47972288204495195,0.8459804618817355,0.9244467897098358,0.346404706759311,0.15805846993323425,0.31554962998472,0.2733376022257551,0.2577356279236361,0.7052835471757344,0.47972288204495195,0.47972288204495195,140529.0,87920.0,0.31554962998472,0.46064393499493983,0.9718045554034497,0.5450240890908244,0.4283953630262355,0.4283953630262355,0.9821717313252333,245850.0,4843574.0,105321.0,0.6332778523239908,0.5539478401476936,0.43611489909677525,0.9017044260532041,0.9498618961190178,0.4569622475856014,0.342868484680805,0.5450240890908244,0.4482849404524103,0.9718707559065526,0.5887782805429864,0.2267469611150003,0.4283953630262355,0.4146402015614074,0.6142889110468311,0.9847409945915051,0.977820255886394,0.9821717313252333
4,33411072.0,275124736.0,1199570944.0,28,1271.0,16.7,81.0,23.0,3e-05,2697192.0,9.490163803100586,1.6357421875,10042872.0,16094848.0,0.7709564120232021,0.9599087443680046,0.9599087443680046,937672.0,1914312.0,0.9229081959589504,0.6052553725058754,0.7290931500152835,0.9469086895644654,0.9732707219948362,0.9732707219948362,0.568642102051568,35080334.0,2523562.0,34142662.0,0.7337045529018686,0.49004786596387867,0.49004786596387867,467728.0,425163.0,0.3245452984353712,0.47864962992476523,0.9879027597359561,0.5022577129256846,0.47841757104560034,0.47841757104560034,0.9889915347581371,896748.0,38196297.0,429020.0,0.9599087443680046,0.49004786596387867,0.304795626357212,0.528801369001703,0.4412149537742646,0.4281706238223354,0.6081955814543941,0.304795626357212,0.304795626357212,1625978.0,630394.0,0.1797987493993089,0.2932135181868593,0.9576493100807362,0.439659739382411,0.23324769735415005,0.23324769735415005,0.9831434655546382,2120604.0,36767210.0,494626.0,0.9599087443680046,0.49004786596387867,0.304795626357212,0.528801369001703,0.8491992206897361,0.9229081959589504,0.3245452984353712,0.1797987493993089,0.3594357402595456,0.2879265960314086,0.2724027367802159,0.7607465526895161,0.528801369001703,0.528801369001703,653085.0,714594.0,0.3594357402595456,0.510969265396024,0.9828298990195571,0.5178278996863088,0.540249992608351,0.540249992608351,0.9812431127706811,1420522.0,37383092.0,767437.0,0.619726293419131,0.5562964957507344,0.446671996013294,0.9067654332909023,0.9469086895644654,0.5022577129256846,0.439659739382411,0.5178278996863088,0.4865817839981348,0.9732707219948362,0.47841757104560034,0.23324769735415005,0.540249992608351,0.41730508700270047,0.568642102051568,0.9889915347581371,0.9831434655546382,0.9812431127706811,0.7907284409380382,0.9598170878261746,0.9598170878261746,134886.0,236433.0,0.9227387573790282,0.6301506363000487,0.733537991074868,0.9493842286229058,0.9704817898164079,0.9704817898164079,0.6109750920596685,4569586.0,371325.0,4434700.0,0.7725336627245196,0.49629249601192815,0.49629249601192815,48589.0,77083.0,0.33004589968174086,0.48736895429631094,0.9903561681899828,0.4454221045512756,0.5602805429864254,0.5602805429864254,0.9847867824626139,110500.0,4989761.0,61911.0,0.9598170878261746,0.49629249601192815,0.19920836262493502,0.4719764511911095,0.3891591032759909,0.3812888868541225,0.5674093890545999,0.19920836262493502,0.19920836262493502,212303.0,102091.0,0.11062266088447209,0.17791963410486147,0.9578441697900856,0.27695543783110005,0.1555439763253357,0.1555439763253357,0.9792748017838641,251408.0,4823845.0,39105.0,0.9598170878261746,0.49629249601192815,0.19920836262493502,0.4719764511911095,0.8415036427344237,0.9227387573790282,0.33004589968174086,0.11062266088447209,0.3088803517190686,0.24984963742842717,0.23555091687305968,0.7148456384299775,0.4719764511911095,0.4719764511911095,134494.0,114665.0,0.3088803517190686,0.4472453899934548,0.9728367549440826,0.49267988372761823,0.4529428513321131,0.4529428513321131,0.976748425527842,245850.0,4816829.0,111356.0,0.6378493339200563,0.5348122901150705,0.4180719174160774,0.8975783722310127,0.9493842286229058,0.4454221045512756,0.27695543783110005,0.49267988372761823,0.4050191420366646,0.9704817898164079,0.5602805429864254,0.1555439763253357,0.4529428513321131,0.38958912354795805,0.6109750920596685,0.9847867824626139,0.9792748017838641,0.976748425527842
4,33411072.0,275124736.0,1199570944.0,29,1271.0,17.33,81.0,0.0,3e-05,2697192.0,10.874538660049438,1.69189453125,9964620.0,16094848.0,0.768112706124384,0.9607786678402229,0.9607786678402229,843811.0,1951426.0,0.9245178463027413,0.6094607549072868,0.7466230104024942,0.9460752528417679,0.9759463236581499,0.9759463236581499,0.5602790885906179,35080334.0,2486448.0,34236523.0,0.7409333759822986,0.5061638527920179,0.5061638527920179,455199.0,406391.0,0.33883492091020223,0.4952281936707276,0.9882287084227086,0.5207314196759205,0.4923891661871563,0.4923891661871563,0.9894775857774408,896748.0,38215069.0,441549.0,0.9607786678402229,0.5061638527920179,0.3088217603694654,0.5452200695731303,0.4534018942448712,0.43955812805985683,0.6082726334945783,0.3088217603694654,0.3088217603694654,1628984.0,571619.0,0.18260745859462607,0.3015842737554285,0.9576391805178676,0.46237957787477696,0.23183017668551034,0.23183017668551034,0.9847150903036462,2120604.0,36825985.0,491620.0,0.9607786678402229,0.5061638527920179,0.3088217603694654,0.5452200695731303,0.8516545947593175,0.9245178463027413,0.33883492091020223,0.18260745859462607,0.3747783827435321,0.2987402540827868,0.2816882422626492,0.7640069027900951,0.5452200695731303,0.5452200695731303,646418.0,644976.0,0.3747783827435321,0.5282720109526279,0.9830332599738241,0.5454970826169068,0.5449433377307779,0.5449433377307779,0.9830704678494122,1420522.0,37452710.0,774104.0,0.6134546643268212,0.5612772510653986,0.45518465213777537,0.9095502508615775,0.9460752528417679,0.5207314196759205,0.46237957787477696,0.5454970826169068,0.5095360267225347,0.9759463236581499,0.4923891661871563,0.23183017668551034,0.5449433377307779,0.4230542268678148,0.5602790885906179,0.9894775857774408,0.9847150903036462,0.9830704678494122,0.8134712370580006,0.9592310684217595,0.9592310684217595,169854.0,204138.0,0.9216561326126101,0.6430031060547597,0.7038156917314473,0.955659477787166,0.9628294554473863,0.9628294554473863,0.6641130186686148,4569586.0,403620.0,4399732.0,0.7695905236731813,0.49885243963587894,0.49885243963587894,49315.0,73618.0,0.3323140594618669,0.4893392205852935,0.990220208422698,0.4538845574653383,0.553710407239819,0.553710407239819,0.9854706401065436,110500.0,4993226.0,61185.0,0.9592310684217595,0.49885243963587894,0.26406719242132,0.5177644915352448,0.4268947078641479,0.42587230958863287,0.5969832908513673,0.26406719242132,0.26406719242132,197331.0,104085.0,0.1521183258179486,0.2422664610508948,0.9606846294874344,0.34190892881981766,0.21509657608349775,0.21509657608349775,0.9788700056192366,251408.0,4821851.0,54077.0,0.9592310684217595,0.49885243963587894,0.26406719242132,0.5177644915352448,0.8445314989084464,0.9216561326126101,0.3323140594618669,0.1521183258179486,0.3493132424492558,0.27791520924302376,0.2705449578091975,0.7625055870485579,0.5177644915352448,0.5177644915352448,109585.0,144244.0,0.3493132424492558,0.4932439561093718,0.9776212594461524,0.48577763993312156,0.5542607280862314,0.5542607280862314,0.9707504460108843,245850.0,4787250.0,136265.0,0.6331512331962585,0.5714742917142336,0.4388504400854203,0.8983870880513252,0.955659477787166,0.4538845574653383,0.34190892881981766,0.48577763993312156,0.42719037540609256,0.9628294554473863,0.553710407239819,0.21509657608349775,0.5542607280862314,0.4410225704698494,0.6641130186686148,0.9854706401065436,0.9788700056192366,0.9707504460108843
4,33411072.0,275124736.0,1199570944.0,30,1271.0,15.93,81.0,0.0,3e-05,2697192.0,10.539928913116455,1.76611328125,10028304.0,16094848.0,0.7724024514053868,0.9605452024268085,0.9605452024268085,901779.0,1906018.0,0.9240855924369076,0.6106923812988065,0.7373689981608412,0.9471791449492835,0.9742938878518089,0.9742938878518089,0.5705110149589646,35080334.0,2531856.0,34178555.0,0.7502415123681089,0.5070518296788321,0.5070518296788321,437356.0,455872.0,0.33963123419733554,0.4955135102447507,0.9886703977810605,0.5019229424515768,0.512286617868119,0.512286617868119,0.9881964068680987,896748.0,38165588.0,459392.0,0.9605452024268085,0.5070518296788321,0.3186694871560724,0.5230971980105931,0.4496061716151658,0.4366435965454654,0.6122532580032946,0.3186694871560724,0.3186694871560724,1612855.0,558328.0,0.18953411284795582,0.312267031158331,0.958055510629567,0.476277979920775,0.23943602860317154,0.23943602860317154,0.9850704874034176,2120604.0,36839276.0,507749.0,0.9605452024268085,0.5070518296788321,0.3186694871560724,0.5230971980105931,0.8509204062164634,0.9240855924369076,0.33963123419733554,0.18953411284795582,0.35418525667767337,0.29445020124098825,0.27929881860631267,0.7552746606527347,0.5230971980105931,0.5230971980105931,669141.0,700913.0,0.35418525667767337,0.5051444452435782,0.9824215175813196,0.5173752697456575,0.5289471053598607,0.5289471053598607,0.9816022159456089,1420522.0,37396773.0,751381.0,0.6134827775543997,0.56374090992074,0.45185904903996804,0.9083680363239143,0.9471791449492835,0.5019229424515768,0.476277979920775,0.5173752697456575,0.49852539737266977,0.9742938878518089,0.512286617868119,0.23943602860317154,0.5289471053598607,0.4268899172770504,0.5705110149589646,0.9881964068680987,0.9850704874034176,0.9816022159456089,0.788318715992935,0.960656996505917,0.960656996505917,123285.0,240905.0,0.9242925514256237,0.6340016570308443,0.7484687985832561,0.9486037097580093,0.973020531838114,0.973020531838114,0.6036169001477562,4569586.0,366853.0,4446301.0,0.7901022669529263,0.5244719258003391,0.5244719258003391,44764.0,74439.0,0.35544693115027115,0.5166571934619144,0.9911132622312255,0.4689566613162119,0.59489592760181,0.59489592760181,0.9853086063040425,110500.0,4992405.0,65736.0,0.960656996505917,0.5244719258003391,0.22838976739886294,0.46012769796351677,0.4043297970542396,0.3926218876833507,0.5789468469952462,0.22838976739886294,0.22838976739886294,206938.0,93544.0,0.1289164869315151,0.21069330875890155,0.9589354140332147,0.3222136884663875,0.17688379049194933,0.17688379049194933,0.9810099034985432,251408.0,4832392.0,44470.0,0.960656996505917,0.5244719258003391,0.22838976739886294,0.46012769796351677,0.8438272629424103,0.9242925514256237,0.35544693115027115,0.1289164869315151,0.2988089969246133,0.26105747166879983,0.2442623080872245,0.703391029199366,0.46012769796351677,0.46012769796351677,140527.0,106626.0,0.2988089969246133,0.43660988416515834,0.9716987268887973,0.4969261473278949,0.4284034980679276,0.4284034980679276,0.9783785603308044,245850.0,4824868.0,105323.0,0.633243155630329,0.5433009369999502,0.4268662416080058,0.9004288685472706,0.9486037097580093,0.4689566613162119,0.3222136884663875,0.4969261473278949,0.4293654990368314,0.973020531838114,0.59489592760181,0.17688379049194933,0.4284034980679276,0.40006107205389557,0.6036169001477562,0.9853086063040425,0.9810099034985432,0.9783785603308044
4,33411072.0,275124736.0,1199570944.0,31,1271.0,17.47,81.0,0.0,9e-06,2697192.0,10.021815061569214,1.802734375,10049216.0,16094848.0,0.7738639695893952,0.9616138310825724,0.9616138310825724,832430.0,1901819.0,0.9260657160766167,0.6193190548519624,0.7528770352250344,0.9473904959105772,0.9762707504438242,0.9762707504438242,0.5714571887349663,35080334.0,2536055.0,34247904.0,0.7433032635061059,0.5140262355429003,0.5140262355429003,451307.0,390956.0,0.3459187825773625,0.5034633363597392,0.9883328368467547,0.5325712550379784,0.4967292929563266,0.4967292929563266,0.989877234055885,896748.0,38230504.0,445441.0,0.9616138310825724,0.5140262355429003,0.3533687603534294,0.5481394988449577,0.47184483158042917,0.4582692135988109,0.6294533747335662,0.3533687603534294,0.3533687603534294,1537824.0,595040.0,0.21460103017921348,0.343105228008456,0.9598902337660224,0.49479546959637294,0.2748179292314831,0.2748179292314831,0.9840888202356494,2120604.0,36802564.0,582780.0,0.9616138310825724,0.5140262355429003,0.3533687603534294,0.5481394988449577,0.8550055781450533,0.9260657160766167,0.3459187825773625,0.21460103017921348,0.3775428137957329,0.31268754218410294,0.29724334341700054,0.7598854724915176,0.5481394988449577,0.5481394988449577,660036.0,593782.0,0.3775428137957329,0.531871071310681,0.9827052447939075,0.5615476404965635,0.5353567209800341,0.5353567209800341,0.9844142240030012,1420522.0,37503904.0,760486.0,0.6057626578345228,0.570793673402917,0.4660320856572314,0.9118989150520186,0.9473904959105772,0.5325712550379784,0.49479546959637294,0.5615476404965635,0.5296381217103049,0.9762707504438242,0.4967292929563266,0.2748179292314831,0.5353567209800341,0.4356346477226147,0.5714571887349663,0.989877234055885,0.9840888202356494,0.9844142240030012,0.812785314887205,0.9604234511380934,0.9604234511380934,156980.0,206684.0,0.9238602507814675,0.649313441796221,0.7187010576037445,0.9552563272710741,0.9656467785046611,0.9656467785046611,0.6599238512697488,4569586.0,401074.0,4412606.0,0.7973685119496645,0.5104797426875859,0.5104797426875859,42889.0,86781.0,0.34271419954278415,0.5053391789153188,0.9914613956095937,0.4379177677599876,0.6118642533936651,0.6118642533936651,0.9828727705056639,110500.0,4980063.0,67611.0,0.9604234511380934,0.5104797426875859,0.2494235343246727,0.4418558170252702,0.4005863646791763,0.3847189769877133,0.5956568457824842,0.2494235343246727,0.2494235343246727,196458.0,134258.0,0.14248079944822722,0.21914980597047426,0.9606149471465895,0.29042112384254365,0.21856901928339592,0.21856901928339592,0.9727446722815725,251408.0,4791678.0,54950.0,0.9604234511380934,0.5104797426875859,0.2494235343246727,0.4418558170252702,0.8431093848795834,0.9238602507814675,0.34271419954278415,0.14248079944822722,0.283578260505842,0.2562577531656178,0.2381746405156565,0.6953885915593242,0.4418558170252702,0.4418558170252702,144156.0,112760.0,0.283578260505842,0.4170798019006745,0.9709532147599483,0.47419959525119604,0.4136424649176327,0.4136424649176327,0.9771347182010157,245850.0,4818734.0,101694.0,0.6376492200018484,0.5524306290248386,0.4231583775695802,0.8956061254573774,0.9552563272710741,0.4379177677599876,0.29042112384254365,0.47419959525119604,0.40084616228457576,0.9656467785046611,0.6118642533936651,0.21856901928339592,0.4136424649176327,0.4146919125315646,0.6599238512697488,0.9828727705056639,0.9727446722815725,0.9771347182010157
4,33411072.0,275124736.0,1199570944.0,32,1271.0,18.07,82.0,23.0,9e-06,2697192.0,10.816912651062012,1.6787109375,10114320.0,16094848.0,0.7742846236730645,0.9607637745383739,0.9607637745383739,902319.0,1889244.0,0.9244902660235937,0.6135146834588185,0.738530184016049,0.9476188639674559,0.9742784946118244,0.9742784946118244,0.5742907527343047,35080334.0,2548630.0,34178015.0,0.7590378021455457,0.533230295401651,0.533230295401651,422710.0,407200.0,0.3635405706362524,0.5225099389676469,0.9890594422906351,0.5379227858989285,0.5286189654172633,0.5286189654172633,0.9894566388738282,896748.0,38214260.0,474038.0,0.9607637745383739,0.533230295401651,0.3420451399242622,0.561444978689153,0.4789068046716887,0.46377615520084553,0.6243543864098386,0.3420451399242622,0.3420451399242622,1559108.0,601069.0,0.20630545991381036,0.3316801843767279,0.9593512745960223,0.4829803064774873,0.2647811661205958,0.2647811661205958,0.9839276066990815,2120604.0,36796535.0,561496.0,0.9607637745383739,0.533230295401651,0.3420451399242622,0.561444978689153,0.854019766138561,0.9244902660235937,0.3635405706362524,0.20630545991381036,0.390283979668397,0.3200433367394866,0.30189360539542953,0.7713510315730024,0.561444978689153,0.561444978689153,626732.0,613356.0,0.390283979668397,0.5451796644174778,0.9835551158348723,0.5641134608633361,0.5588016236284972,0.5588016236284972,0.9839004395175077,1420522.0,37484330.0,793790.0,0.6018954509526343,0.5816200624445451,0.4711550690605134,0.9111581932055218,0.9476188639674559,0.5379227858989285,0.4829803064774873,0.5641134608633361,0.5283388510799173,0.9742784946118244,0.5286189654172633,0.2647811661205958,0.5588016236284972,0.45073391838878546,0.5742907527343047,0.9894566388738282,0.9839276066990815,0.9839004395175077,0.8022916372516351,0.957747098288931,0.957747098288931,170508.0,217640.0,0.9189200593412552,0.6262627876816798,0.6958614120643709,0.9528582859078679,0.9626863352610061,0.9626863352610061,0.6418969392422642,4569586.0,390118.0,4399078.0,0.8678747277817651,0.5259695345045053,0.5259695345045053,26474.0,124983.0,0.3568240594862474,0.5402464548571102,0.9946714543202099,0.40202096560435197,0.7604162895927602,0.7604162895927602,0.97533316597077,110500.0,4941861.0,84026.0,0.957747098288931,0.5259695345045053,0.1964056519041318,0.5206318608196284,0.4143356824094219,0.42414993700701137,0.5621437262087909,0.1964056519041318,0.1964056519041318,216748.0,66875.0,0.1088967993892228,0.19266405335152972,0.9572978415854497,0.3413601221253755,0.13786355247247503,0.13786355247247503,0.9864238999451069,251408.0,4859061.0,34660.0,0.957747098288931,0.5259695345045053,0.1964056519041318,0.5206318608196284,0.84066510812134,0.9189200593412552,0.3568240594862474,0.1088967993892228,0.35192853423765036,0.27254979770437354,0.26915627759752075,0.7502900729466018,0.5206318608196284,0.5206318608196284,116751.0,120983.0,0.35192853423765036,0.4965396531174741,0.9763050960147847,0.5162266776497308,0.5251128737034777,0.5251128737034777,0.9754672721897258,245850.0,4810511.0,129099.0,0.6291966000689736,0.5965197627574298,0.4341423631135939,0.8975380040422271,0.9528582859078679,0.40202096560435197,0.3413601221253755,0.5162266776497308,0.41986925512648615,0.9626863352610061,0.7604162895927602,0.13786355247247503,0.5251128737034777,0.474464238589571,0.6418969392422642,0.97533316597077,0.9864238999451069,0.9754672721897258
4,33411072.0,275124736.0,1199570944.0,33,1271.0,18.8,81.0,0.0,9e-06,2697192.0,12.730334997177124,1.81201171875,10074476.0,16094848.0,0.7751595914953857,0.9607861641767379,0.9607861641767379,908714.0,1880669.0,0.9245317287520579,0.6142686752979958,0.7378144151666557,0.9478349627120763,0.9740961987420074,0.9740961987420074,0.5762229842487642,35080334.0,2557205.0,34171620.0,0.7526324031446061,0.5251749538339932,0.5251749538339932,434322.0,401862.0,0.3560930533416499,0.5144493083157272,0.9887638304213389,0.5350369321337332,0.5156699541008176,0.5156699541008176,0.9895948521883947,896748.0,38219598.0,462426.0,0.9607861641767379,0.5251749538339932,0.33647582648717295,0.5291863759642629,0.4636123854284763,0.4489560898166235,0.6212407488117082,0.33647582648717295,0.33647582648717295,1573176.0,585860.0,0.20226686924341133,0.32740086168819155,0.9590157801553318,0.48304402764345866,0.25814720711646305,0.25814720711646305,0.9843342905069533,2120604.0,36811744.0,547428.0,0.9607861641767379,0.5251749538339932,0.33647582648717295,0.5291863759642629,0.8525747770766595,0.9245317287520579,0.3560930533416499,0.20226686924341133,0.3597915924331993,0.3060505050060869,0.2894541456041334,0.7598078720521733,0.5291863759642629,0.5291863759642629,656148.0,703969.0,0.3597915924331993,0.5114053463151153,0.9827555761367353,0.5205691040853534,0.5380937430043322,0.5380937430043322,0.9815220011000143,1420522.0,37393717.0,764374.0,0.6081544467268101,0.5715017757409051,0.46067081094257967,0.9096021762930141,0.9478349627120763,0.5350369321337332,0.48304402764345866,0.5205691040853534,0.5128833546208483,0.9740961987420074,0.5156699541008176,0.25814720711646305,0.5380937430043322,0.43730363474053763,0.5762229842487642,0.9895948521883947,0.9843342905069533,0.9815220011000143,0.828398707098958,0.9589990854321977,0.9589990854321977,191233.0,183150.0,0.921227899045939,0.6530507343123612,0.6894766668669348,0.959848760375692,0.9581509134525534,0.9581509134525534,0.6986465007453625,4569586.0,424608.0,4378353.0,0.7937944498055929,0.5111891297939056,0.5111891297939056,43741.0,83932.0,0.3433539746543779,0.5051732875158905,0.9912981858902932,0.44301915841025674,0.6041538461538462,0.6041538461538462,0.9834350534573395,110500.0,4982912.0,66759.0,0.9589990854321977,0.5111891297939056,0.33313854281106103,0.46843905611131403,0.4375889095720935,0.42079799019123093,0.6521556825091196,0.33313854281106103,0.33313854281106103,165896.0,176452.0,0.19985976721357454,0.29843705492346106,0.9662496083720893,0.326426531889878,0.34013237446700184,0.34013237446700184,0.9641789905512373,251408.0,4749484.0,85512.0,0.9589990854321977,0.5111891297939056,0.33313854281106103,0.46843905611131403,0.8446439100422541,0.921227899045939,0.3433539746543779,0.19985976721357454,0.3058572745541102,0.2830236721406875,0.26646242062609,0.7039592299112526,0.46843905611131403,0.46843905611131403,140677.0,98013.0,0.3058572745541102,0.4467772407152988,0.971718429531189,0.5176193241660351,0.42779336994102096,0.42779336994102096,0.9801250898814842,245850.0,4833481.0,105173.0,0.632567887819266,0.5825576260036056,0.4425747288670004,0.8954006146781052,0.959848760375692,0.44301915841025674,0.326426531889878,0.5176193241660351,0.4290216714887232,0.9581509134525534,0.6041538461538462,0.34013237446700184,0.42779336994102096,0.457359863520623,0.6986465007453625,0.9834350534573395,0.9641789905512373,0.9801250898814842
4,33411072.0,275124736.0,1199570944.0,34,1271.0,17.93,82.0,16.0,9e-06,2697192.0,10.143533945083618,1.6865234375,10102592.0,16094848.0,0.7734498024341969,0.9603517422436688,0.9603517422436688,926497.0,1893595.0,0.9237275540827701,0.6100655407004261,0.733057679320129,0.9474693509373983,0.9735892765445163,0.9735892765445163,0.5733103283238776,35080334.0,2544279.0,34153837.0,0.7522025522677624,0.5127588184606519,0.5127588184606519,434087.0,445186.0,0.3447717995072783,0.5013843367554566,0.988757240575917,0.5096244190926444,0.5159320121148863,0.5159320121148863,0.9884730924206386,896748.0,38176274.0,462661.0,0.9603517422436688,0.5127588184606519,0.31907698598974726,0.5511644440872622,0.46100008284588706,0.4465265247545409,0.6145347490079577,0.31907698598974726,0.31907698598974726,1599386.0,625214.0,0.1898224864138847,0.30756636598455134,0.9583186871517232,0.45464362474180764,0.24578752091385284,0.24578752091385284,0.9832819771020624,2120604.0,36772390.0,521218.0,0.9603517422436688,0.5127588184606519,0.31907698598974726,0.5511644440872622,0.8516776949971239,0.9237275540827701,0.3447717995072783,0.1898224864138847,0.38041891078524726,0.30500439890213676,0.2874374953096555,0.7668623527961831,0.5511644440872622,0.5511644440872622,638690.0,634665.0,0.38041891078524726,0.5344542298795761,0.9832372357241385,0.5519475155965738,0.5503835913840124,0.5503835913840124,0.9833411142083538,1420522.0,37463021.0,781832.0,0.6065811579104877,0.571423100239317,0.45968518769729505,0.9089366602858105,0.9474693509373983,0.5096244190926444,0.45464362474180764,0.5519475155965738,0.5054051864770087,0.9735892765445163,0.5159320121148863,0.24578752091385284,0.5503835913840124,0.4373677081375838,0.5733103283238776,0.9884730924206386,0.9832819771020624,0.9833411142083538,0.809340891341042,0.9592550675169914,0.9592550675169914,164339.0,209892.0,0.92170044511137,0.6400757197261899,0.7076884766232958,0.9545209797581394,0.9640363481505765,0.9640363481505765,0.6546454345315076,4569586.0,397866.0,4405247.0,0.8233123187759159,0.5442587416999781,0.5442587416999781,37181.0,85608.0,0.3738705203255349,0.5417762190789521,0.9925910899791707,0.4613375952481328,0.6635203619909502,0.6635203619909502,0.9831042755608816,110500.0,4981236.0,73319.0,0.9592550675169914,0.5442587416999781,0.3014600563692649,0.4856310779257435,0.4437832919983289,0.43099311687634567,0.6179637729615122,0.3014600563692649,0.3014600563692649,186163.0,116207.0,0.1774818764196238,0.27575613220086526,0.9627367845421798,0.3595716773581994,0.25951839241392477,0.25951839241392477,0.9764091535090996,251408.0,4809729.0,65245.0,0.9592550675169914,0.5442587416999781,0.3014600563692649,0.4856310779257435,0.8453296153785042,0.92170044511137,0.3738705203255349,0.1774818764196238,0.32068214742585077,0.29067818139033647,0.27469166739300965,0.7199747004431987,0.4856310779257435,0.4856310779257435,132291.0,108267.0,0.32068214742585077,0.4620365565286984,0.9733043044137868,0.511928268102026,0.46190359975594875,0.46190359975594875,0.9780458011304485,245850.0,4823227.0,113559.0,0.6277968438365792,0.5872446755778501,0.4484337473205948,0.8995674229875396,0.9545209797581394,0.4613375952481328,0.3595716773581994,0.511928268102026,0.4442791802361194,0.9640363481505765,0.6635203619909502,0.25951839241392477,0.46190359975594875,0.46164745138694124,0.6546454345315076,0.9831042755608816,0.9764091535090996,0.9780458011304485
4,33411072.0,275124736.0,1199570944.0,35,1271.0,15.9,81.0,0.0,9e-06,2697192.0,10.065041303634644,1.58056640625,9956212.0,16094848.0,0.7741294797886786,0.9607996208209759,0.9607996208209759,898098.0,1891155.0,0.9245566495847651,0.6136609934176754,0.7392900696902042,0.9475747927329593,0.9743988184377036,0.9743988184377036,0.5738601411396538,35080334.0,2546719.0,34182236.0,0.7483197561770889,0.5172370851934555,0.5172370851934555,441936.0,407061.0,0.3488333030374848,0.50635936299354,0.9885675659629916,0.527701877190723,0.5071792744449946,0.5071792744449946,0.9894602379091831,896748.0,38214399.0,454812.0,0.9607996208209759,0.5172370851934555,0.3277722235666072,0.5514268473863779,0.46547871871548024,0.45011760577701193,0.6190283416526752,0.3277722235666072,0.3277722235666072,1579485.0,640076.0,0.196009316545199,0.31503740389528906,0.9587999983201613,0.458111488788896,0.25517211134186296,0.25517211134186296,0.9828845719634873,2120604.0,36757528.0,541119.0,0.9607996208209759,0.5172370851934555,0.3277722235666072,0.5514268473863779,0.8528468300220892,0.9245566495847651,0.3488333030374848,0.196009316545199,0.3806689682129294,0.30850386259853774,0.29042049090613237,0.7657072009692074,0.5514268473863779,0.5514268473863779,642384.0,623611.0,0.3806689682129294,0.5348293100004812,0.9831468080495095,0.5551193544636023,0.5477831388743012,0.5477831388743012,0.9836312630641136,1420522.0,37474075.0,778138.0,0.6057179475305092,0.5711333357747156,0.46251705934509457,0.9098667884940532,0.9475747927329593,0.527701877190723,0.458111488788896,0.5551193544636023,0.5136442401477405,0.9743988184377036,0.5071792744449946,0.25517211134186296,0.5477831388743012,0.43671150822038624,0.5738601411396538,0.9894602379091831,0.9828845719634873,0.9836312630641136,0.8086309145050765,0.9595796270770233,0.9595796270770233,160166.0,211310.0,0.9222999203496584,0.6414175403869021,0.7122494224004426,0.9542691306352027,0.9649495599820203,0.9649495599820203,0.6523122690281329,4569586.0,396448.0,4409420.0,0.8130039761325667,0.5350272396410245,0.5350272396410245,39496.0,83918.0,0.36521309755269576,0.5310270056895067,0.9921360650299795,0.4583209615161178,0.6425701357466064,0.6425701357466064,0.9834378165185271,110500.0,4982926.0,71004.0,0.9595796270770233,0.5350272396410245,0.2726862855602656,0.45874011897970823,0.42215121472699946,0.4109185037084368,0.6004048999640083,0.2726862855602656,0.2726862855602656,195765.0,101059.0,0.15786726133226656,0.2519427905697224,0.9610079746773421,0.35508800142946484,0.22132549481321198,0.22132549481321198,0.9794843051148046,251408.0,4824877.0,55643.0,0.9595796270770233,0.5350272396410245,0.2726862855602656,0.45874011897970823,0.8436272850049238,0.9222999203496584,0.36521309755269576,0.15786726133226656,0.29763969375237936,0.2735733508791139,0.2585886908049692,0.7155443512649411,0.45874011897970823,0.45874011897970823,133266.0,132406.0,0.29763969375237936,0.4318070255936056,0.9729812580362237,0.45954528756275764,0.45793776693105553,0.45793776693105553,0.9731509355988266,245850.0,4799088.0,112584.0,0.6321421099614494,0.5716957393682236,0.43575499324675,0.8978833548630341,0.9542691306352027,0.4583209615161178,0.35508800142946484,0.45954528756275764,0.42431808350278005,0.9649495599820203,0.6425701357466064,0.22132549481321198,0.45793776693105553,0.44061113249695794,0.6523122690281329,0.9834378165185271,0.9794843051148046,0.9731509355988266
4,33411072.0,275124736.0,1199570944.0,36,1271.0,17.59,81.0,0.0,9e-06,2697192.0,10.73564100265503,1.56494140625,10028868.0,16094848.0,0.777942474532661,0.960988561244017,0.960988561244017,918894.0,1854681.0,0.9249066231596224,0.6175787231780119,0.7376153133831341,0.9485041434639783,0.9738060076622987,0.9738060076622987,0.5820789414030232,35080334.0,2583193.0,34161440.0,0.7715173094182202,0.5412208772048211,0.5412208772048211,399484.0,443552.0,0.3710094754905618,0.5304668996060312,0.9896446084276511,0.528545432900801,0.5545192183311254,0.5545192183311254,0.988515400505315,896748.0,38177908.0,497264.0,0.960988561244017,0.5412208772048211,0.3533639156440495,0.5655744654908669,0.48671975277991253,0.473121719363609,0.6279145235908159,0.3533639156440495,0.3533639156440495,1546691.0,553766.0,0.21459745659725468,0.346255544240024,0.959711651798286,0.5089329498908821,0.27063657335362945,0.27063657335362945,0.9851924738280025,2120604.0,36843838.0,573913.0,0.960988561244017,0.5412208772048211,0.3533639156440495,0.5655744654908669,0.855147682311206,0.9249066231596224,0.3710094754905618,0.21459745659725468,0.39428638983647835,0.3266311073080983,0.3098621058165917,0.7758660859266044,0.5655744654908669,0.5655744654908669,613415.0,626485.0,0.39428638983647835,0.5493055852218721,0.9838933652370291,0.5629963057829563,0.5681763464416602,0.5681763464416602,0.9835558254115486,1420522.0,37471201.0,807107.0,0.5974086582364134,0.5917845364471783,0.47619998627097926,0.9119776888668636,0.9485041434639783,0.528545432900801,0.5089329498908821,0.5629963057829563,0.5334915628582132,0.9738060076622987,0.5545192183311254,0.27063657335362945,0.5681763464416602,0.46444404604213835,0.5820789414030232,0.988515400505315,0.9851924738280025,0.9835558254115486,0.7966959859741638,0.9612295256793428,0.9612295256793428,128212.0,230067.0,0.9253531453211306,0.6432597456675325,0.7465680179797313,0.9507503145175118,0.9719423159997427,0.9719423159997427,0.6214496559485848,4569586.0,377691.0,4441374.0,0.813801234551456,0.5371499735829119,0.5371499735829119,39333.0,83313.0,0.3671941510631382,0.5331172180492759,0.9921692086427186,0.4606874676333506,0.6440452488687782,0.6440452488687782,0.9835572202341339,110500.0,4983531.0,71167.0,0.9612295256793428,0.5371499735829119,0.25628866292766705,0.47404956347221894,0.4224960666609327,0.41187399037947814,0.5911895149607213,0.25628866292766705,0.25628866292766705,200822.0,92764.0,0.1469788361633137,0.23892062106032777,0.9601068257133402,0.35288454830833627,0.20121078088207217,0.20121078088207217,0.9811682490393704,251408.0,4833172.0,50586.0,0.9612295256793428,0.5371499735829119,0.25628866292766705,0.47404956347221894,0.8464538561742693,0.9253531453211306,0.3671941510631382,0.1469788361633137,0.31065855883949506,0.274943848688649,0.2593459132867512,0.7086265327952053,0.47404956347221894,0.47404956347221894,138259.0,100482.0,0.31065855883949506,0.4518244116141248,0.9721772066767942,0.5170829468503843,0.43762863534675617,0.43762863534675617,0.9796244302436543,245850.0,4831012.0,107591.0,0.6246766787541064,0.5637067452743374,0.4375461728467694,0.9021455788914161,0.9507503145175118,0.4606874676333506,0.35288454830833627,0.5170829468503843,0.4435516542640237,0.9719423159997427,0.6440452488687782,0.20121078088207217,0.43762863534675617,0.42762822169920217,0.6214496559485848,0.9835572202341339,0.9811682490393704,0.9796244302436543
4,33411072.0,275124736.0,1199570944.0,37,1271.0,17.27,82.0,0.0,9e-06,2697192.0,9.891736507415771,1.4775390625,10029092.0,16094848.0,0.7731689199323839,0.9601730541966367,0.9601730541966367,937730.0,1894667.0,0.9233969729980535,0.6086345405973452,0.730609890382963,0.9474247925155043,0.9732690686468378,0.9732690686468378,0.57306877121793,35080334.0,2543207.0,34142604.0,0.7459774399970004,0.5094559803526181,0.5094559803526181,445774.0,422692.0,0.3417919723519069,0.49826229641070585,0.9884647617249546,0.5161858192947877,0.5028993652620357,0.5028993652620357,0.9890555147319651,896748.0,38198768.0,450974.0,0.9601730541966367,0.5094559803526181,0.3473889469347511,0.5714665797214366,0.4761038356696019,0.46381483280760205,0.627474897944968,0.3473889469347511,0.3473889469347511,1544906.0,618127.0,0.21020611370740683,0.3356590998428692,0.9596886921832506,0.482229807551358,0.27147831466883965,0.27147831466883965,0.9834714812210964,2120604.0,36779477.0,575698.0,0.9601730541966367,0.5094559803526181,0.3473889469347511,0.5714665797214366,0.8531156355502603,0.9233969729980535,0.3417919723519069,0.21020611370740683,0.40003724911805055,0.3173451117257881,0.30192638407991607,0.7770987501223368,0.5714665797214366,0.5714665797214366,610763.0,603687.0,0.40003724911805055,0.5555313935933661,0.9839714784204662,0.5728970190583864,0.5700432657853944,0.5700432657853944,0.9841542344592792,1420522.0,37493999.0,809759.0,0.602424733872042,0.579422503590777,0.46885807704385446,0.9104419663968568,0.9474247925155043,0.5161858192947877,0.482229807551358,0.5728970190583864,0.5237708819681773,0.9732690686468378,0.5028993652620357,0.27147831466883965,0.5700432657853944,0.4481403152387566,0.57306877121793,0.9890555147319651,0.9834714812210964,0.9841542344592792,0.7809160151961625,0.9611529783276824,0.9611529783276824,108752.0,251836.0,0.9252112758435167,0.6327068892199628,0.7659606519839716,0.9465619277394768,0.9762009074782705,0.9762009074782705,0.5856311229140546,4569586.0,355922.0,4460834.0,0.8196058929483074,0.5528911915514699,0.5528911915514699,38147.0,78873.0,0.3820660812259403,0.548611752431148,0.9924102458398311,0.4784428603547009,0.6547782805429865,0.6547782805429865,0.9844335053536284,110500.0,4987971.0,72353.0,0.9611529783276824,0.5528911915514699,0.1961471904809576,0.5143930373830763,0.42114380647183464,0.4200396854998732,0.5617039374488633,0.1961471904809576,0.1961471904809576,217120.0,63919.0,0.10873791334075421,0.19445119522091958,0.9572525805072791,0.3491400816642398,0.13638388595430534,0.13638388595430534,0.9870239889434211,251408.0,4862017.0,34288.0,0.9611529783276824,0.5528911915514699,0.1961471904809576,0.5143930373830763,0.8464792387965997,0.9252112758435167,0.3820660812259403,0.10873791334075421,0.3462510948905109,0.27901836315240186,0.26585457979225685,0.7313864206829902,0.5143930373830763,0.5143930373830763,127259.0,96650.0,0.3462510948905109,0.49305666810927673,0.9743538173230181,0.5509684493195999,0.4823713646532439,0.4823713646532439,0.9804014767127366,245850.0,4834844.0,118591.0,0.619185179094725,0.5624336096572016,0.4405665913251805,0.9051100332525712,0.9465619277394768,0.4784428603547009,0.3491400816642398,0.5509684493195999,0.4595171304461802,0.9762009074782705,0.6547782805429865,0.13638388595430534,0.4823713646532439,0.42451117705017855,0.5856311229140546,0.9844335053536284,0.9870239889434211,0.9804014767127366
4,33411072.0,275124736.0,1199570944.0,38,1271.0,17.57,82.0,6.0,9e-06,2697192.0,9.867031335830688,1.4775390625,10108832.0,16094848.0,0.7781251423140862,0.9609488934350857,0.9609488934350857,923666.0,1852456.0,0.9248331360831391,0.6174281547464733,0.7367786009112349,0.9485559271033641,0.9736699770304353,0.9736699770304353,0.5825803075977372,35080334.0,2585418.0,34156668.0,0.759756641479866,0.5276311011694398,0.5276311011694398,420863.0,431222.0,0.3583552339284773,0.5166076774964916,0.9890999482247347,0.5246183746790621,0.530678629893794,0.530678629893794,0.988834653065938,896748.0,38190238.0,475885.0,0.9609488934350857,0.5276311011694398,0.3476449717477449,0.5652236470692089,0.48016657332879786,0.4672779194252694,0.6261234515871087,0.3476449717477449,0.3476449717477449,1552942.0,577491.0,0.21039362957938842,0.33886957260481887,0.9595304048635168,0.49570843372021034,0.2676888282772267,0.2676888282772267,0.9845580748969908,2120604.0,36820113.0,567662.0,0.9609488934350857,0.5276311011694398,0.3476449717477449,0.5652236470692089,0.8545574594151699,0.9248331360831391,0.3583552339284773,0.21039362957938842,0.3939454716511302,0.32089811171966526,0.30486800271713477,0.7777755621526059,0.5652236470692089,0.5652236470692089,607350.0,643652.0,0.3939454716511302,0.548847234297432,0.9840428818878473,0.5581813589012812,0.5724459036889257,0.5724459036889257,0.9831052206162862,1420522.0,37454034.0,813172.0,0.5986747273165195,0.5861208347225955,0.4718818678105337,0.9113112365823876,0.9485559271033641,0.5246183746790621,0.49570843372021034,0.5581813589012812,0.5261693891001845,0.9736699770304353,0.530678629893794,0.2676888282772267,0.5724459036889257,0.45693778728664874,0.5825803075977372,0.988834653065938,0.9845580748969908,0.9831052206162862,0.8236870024435996,0.9590848195563699,0.9590848195563699,184362.0,189791.0,0.9213861394043801,0.6498990143395481,0.6939181078779205,0.9585157644291876,0.9596545507623666,0.9596545507623666,0.6877194541248326,4569586.0,417967.0,4385224.0,0.854921617658838,0.5423162022689959,0.5423162022689959,29738.0,106579.0,0.37203967219307255,0.5493454517506206,0.9940404845447989,0.4310962362750279,0.7308778280542987,0.7308778280542987,0.9789654072633773,110500.0,4960265.0,80762.0,0.9590848195563699,0.5423162022689959,0.315173186552206,0.4774164641817023,0.4449686176676348,0.43332256275788433,0.6276212490524102,0.315173186552206,0.315173186552206,180807.0,126005.0,0.18706562836998195,0.28703951211851303,0.9636987530763513,0.35909890847685216,0.2808224081970343,0.2808224081970343,0.9744200899077861,251408.0,4799931.0,70601.0,0.9590848195563699,0.5423162022689959,0.315173186552206,0.4774164641817023,0.8451401584880655,0.9213861394043801,0.37203967219307255,0.18706562836998195,0.3135568282137764,0.2908873762589436,0.27658696835557883,0.7144671693991467,0.4774164641817023,0.4774164641817023,135034.0,107566.0,0.3135568282137764,0.45384898308671917,0.9727697046277023,0.5074410894670807,0.45074639007524914,0.45074639007524914,0.9781879487230442,245850.0,4823928.0,110816.0,0.6260841918897025,0.6055252942722371,0.4485120670453027,0.8976423046256923,0.9585157644291876,0.4310962362750279,0.35909890847685216,0.5074410894670807,0.43254541140632025,0.9596545507623666,0.7308778280542987,0.2808224081970343,0.45074639007524914,0.48748220877552734,0.6877194541248326,0.9789654072633773,0.9744200899077861,0.9781879487230442
4,33411072.0,275124736.0,1199570944.0,39,1271.0,15.36,80.0,0.0,9e-06,2697192.0,9.780657529830933,1.45166015625,10003444.0,16094848.0,0.7795098571657055,0.9617123700733132,0.9617123700733132,877349.0,1846025.0,0.9262485099058914,0.6237136557350337,0.7471032209749919,0.9487912428108289,0.9749902894311098,0.9749902894311098,0.5840294249003014,35080334.0,2591849.0,34202985.0,0.7489755016500936,0.5155913689879159,0.5155913689879159,440536.0,416705.0,0.3473378948466371,0.5045467314961193,0.9886005257406394,0.5226292992346352,0.5087404711245522,0.5087404711245522,0.989210532175635,896748.0,38204755.0,456212.0,0.9617123700733132,0.5155913689879159,0.36993827904636295,0.5486439784766304,0.47805787550363643,0.465880163984848,0.6374481872673029,0.36993827904636295,0.36993827904636295,1503790.0,597268.0,0.22694740591168386,0.3589830150416431,0.960740782859789,0.5080497033972994,0.2908671303081575,0.2908671303081575,0.9840292442264483,2120604.0,36800336.0,616814.0,0.9617123700733132,0.5155913689879159,0.36993827904636295,0.5486439784766304,0.8558797829343303,0.9262485099058914,0.3473378948466371,0.22694740591168386,0.37802163655252813,0.317435645770283,0.3036791214400585,0.7625719300988728,0.5486439784766304,0.5486439784766304,651674.0,613351.0,0.37802163655252813,0.5321066240850392,0.9829118458620041,0.5562498598248153,0.5412432894386712,0.5412432894386712,0.9839005707590744,1420522.0,37484335.0,768848.0,0.6013903601054924,0.5789602950756227,0.4696388618041851,0.9121076289694108,0.9487912428108289,0.5226292992346352,0.5080497033972994,0.5562498598248153,0.5289762874855833,0.9749902894311098,0.5087404711245522,0.2908671303081575,0.5412432894386712,0.4469502969571269,0.5840294249003014,0.989210532175635,0.9840292442264483,0.9839005707590744,0.80306985699734,0.9598549043886948,0.9598549043886948,150283.0,219384.0,0.922808662405486,0.6390323157428219,0.7210042754480124,0.9527055824201978,0.9671123379667217,0.9671123379667217,0.6390273760279584,4569586.0,388374.0,4419303.0,0.8179509167417293,0.5125607163199101,0.5125607163199101,38058.0,99725.0,0.34459269829944106,0.5125725053886878,0.9923962728990403,0.4207658842867681,0.6555837104072398,0.6555837104072398,0.9803181230762187,110500.0,4967119.0,72442.0,0.9598549043886948,0.5125607163199101,0.24390399185076717,0.47694382101430494,0.4111361763949941,0.4027110601309299,0.5881699236073331,0.24390399185076717,0.24390399185076717,201605.0,107171.0,0.13888989595040424,0.22105618152790218,0.959842601242538,0.3172691018894849,0.19809632151721504,0.19809632151721504,0.9782435256974512,251408.0,4818765.0,49803.0,0.9598549043886948,0.5125607163199101,0.24390399185076717,0.47694382101430494,0.8434511592946807,0.922808662405486,0.34459269829944106,0.13888989595040424,0.3131491980367617,0.26554393076220234,0.252121610611002,0.7106175129729961,0.47694382101430494,0.47694382101430494,137258.0,100924.0,0.3131491980367617,0.45462882100501373,0.9723706215271544,0.5182993184291415,0.44170022371364653,0.44170022371364653,0.9795348022323458,245850.0,4830570.0,108592.0,0.6275350262847128,0.5656231484012058,0.42986011367302324,0.8981709540644779,0.9527055824201978,0.4207658842867681,0.3172691018894849,0.5182993184291415,0.4187781015351315,0.9671123379667217,0.6555837104072398,0.19809632151721504,0.44170022371364653,0.43179341854603387,0.6390273760279584,0.9803181230762187,0.9782435256974512,0.9795348022323458
4,33411072.0,275124736.0,1199570944.0,40,1271.0,17.11,82.0,0.0,9e-06,2697192.0,10.772247552871704,1.5361328125,10019648.0,16094848.0,0.7724966325027232,0.9605301711636668,0.9605301711636668,903819.0,1904924.0,0.9240577691792767,0.6106514362604247,0.7370149113891565,0.9472048772777605,0.9742357356118673,0.9742357356118673,0.570757529393579,35080334.0,2532950.0,34176515.0,0.7538048267962125,0.5287549758154871,0.5287549758154871,432370.0,395370.0,0.3593928727871603,0.5181691618934224,0.9888156434581201,0.5401326900440594,0.5178467083283153,0.5178467083283153,0.9897629452641097,896748.0,38226090.0,464378.0,0.9605301711636668,0.5287549758154871,0.3345964848878135,0.5706771758827565,0.47800954552868574,0.4631062004969622,0.6211104627799795,0.3345964848878135,0.3345964848878135,1572502.0,607491.0,0.20091015892041883,0.32397148294768197,0.9590095200757299,0.47430366919841155,0.25846504109206625,0.25846504109206625,0.9837558844678926,2120604.0,36790113.0,548102.0,0.9605301711636668,0.5287549758154871,0.3345964848878135,0.5706771758827565,0.853574995812269,0.9240577691792767,0.3593928727871603,0.20091015892041883,0.3992640194738438,0.31985568372714096,0.3013260907466149,0.7774171526286823,0.5706771758827565,0.5706771758827565,609604.0,610510.0,0.3992640194738438,0.5546640501970206,0.9839985426589859,0.5704953047217305,0.5708591630400656,0.5708591630400656,0.983975142217299,1420522.0,37487176.0,810918.0,0.6009619666964656,0.5803516620180785,0.47090620509017495,0.9109702798264536,0.9472048772777605,0.5401326900440594,0.47430366919841155,0.5704953047217305,0.5283105546547339,0.9742357356118673,0.5178467083283153,0.25846504109206625,0.5708591630400656,0.449056970820149,0.570757529393579,0.9897629452641097,0.9837558844678926,0.983975142217299,0.7932380881683103,0.9600401273586759,0.9600401273586759,135837.0,233256.0,0.9231511259375178,0.6332943778052313,0.7338298660302269,0.9500201949644365,0.970273674683002,0.970273674683002,0.6162025016536187,4569586.0,374502.0,4433749.0,0.8346406875902235,0.5318350751690606,0.5318350751690606,34371.0,99659.0,0.36224477657392734,0.534086333115827,0.9931279385855122,0.4330727922270007,0.6889502262443439,0.6889502262443439,0.9803311489361031,110500.0,4967185.0,76129.0,0.9600401273586759,0.5318350751690606,0.26968437749447527,0.4857235898850741,0.42908101418287,0.4222495901518383,0.5957880438808777,0.26968437749447527,0.26968437749447527,198872.0,85667.0,0.1558584884669584,0.2554690180758025,0.9605345434866776,0.3801364659233157,0.20896709730796156,0.20896709730796156,0.9826089904537939,251408.0,4840269.0,52536.0,0.9600401273586759,0.5318350751690606,0.26968437749447527,0.4857235898850741,0.8453156911959322,0.9231511259375178,0.36224477657392734,0.1558584884669584,0.32076283209629486,0.2796220323790602,0.2676276219078748,0.7093925609988152,0.4857235898850741,0.4857235898850741,138457.0,88955.0,0.32076283209629486,0.4662772942962684,0.9722029489684393,0.5469523499093446,0.4368232662192394,0.4368232662192394,0.9819618557783909,245850.0,4842539.0,107393.0,0.6230153735679916,0.5762535661136367,0.4405043057686746,0.9019696199441258,0.9500201949644365,0.4330727922270007,0.3801364659233157,0.5469523499093446,0.4533872026865537,0.970273674683002,0.6889502262443439,0.20896709730796156,0.4368232662192394,0.4449135299238483,0.6162025016536187,0.9803311489361031,0.9826089904537939,0.9819618557783909
4,33411072.0,275124736.0,1199570944.0,41,1271.0,14.09,81.0,0.0,9e-06,2697196.0,10.41162371635437,1.37353515625,10082616.0,16094848.0,0.7762467471772847,0.9615515624099316,0.9615515624099316,859449.0,1877252.0,0.9259502230475768,0.6204210962027356,0.7487043397637066,0.9479958757982441,0.9755005468305975,0.9755005468305975,0.576992947523972,35080334.0,2560622.0,34220885.0,0.7368424768272762,0.5097612760176204,0.5097612760176204,463377.0,370171.0,0.3420668566814453,0.4998009676236308,0.9880309699688485,0.5393258846457311,0.48326954729756855,0.48326954729756855,0.9904154063569839,896748.0,38251289.0,433371.0,0.9615515624099316,0.5097612760176204,0.35954548281827253,0.5712804162913901,0.48019572504242775,0.47046193374985446,0.6303937903435499,0.35954548281827253,0.35954548281827253,1536778.0,543148.0,0.2191743075181173,0.35307388689459385,0.9599706016222349,0.5180474438629462,0.27531118492655865,0.27531118492655865,0.9854763957605412,2120604.0,36854456.0,583826.0,0.9615515624099316,0.5097612760176204,0.35954548281827253,0.5712804162913901,0.8558630833565983,0.9259502230475768,0.3420668566814453,0.2191743075181173,0.39985482302166303,0.3203653290737419,0.30758432505262906,0.7839409310997801,0.5712804162913901,0.5712804162913901,589287.0,658320.0,0.39985482302166303,0.5550697190527711,0.9845041316609348,0.5580425026266234,0.5851616518434772,0.5851616518434772,0.982720210356083,1420522.0,37439366.0,831235.0,0.598561460699015,0.5798107327245505,0.4717615525672006,0.9127265335513189,0.9479958757982441,0.5393258846457311,0.5180474438629462,0.5580425026266234,0.5384719437117669,0.9755005468305975,0.48326954729756855,0.27531118492655865,0.5851616518434772,0.4479141280225348,0.576992947523972,0.9904154063569839,0.9854763957605412,0.982720210356083,0.7822573547896914,0.9608436946670923,0.9608436946670923,113621.0,249558.0,0.9246382760091834,0.6313736441837811,0.7591862168067975,0.9469648751052753,0.9751353842558166,0.9751353842558166,0.5893793253235663,4569586.0,358200.0,4455965.0,0.794542531879448,0.5257554579994882,0.5257554579994882,43733.0,76718.0,0.3566270337253897,0.5186497138616942,0.9913122318285037,0.4653239014531136,0.6042262443438914,0.6042262443438914,0.9848588194150046,110500.0,4990126.0,66767.0,0.9608436946670923,0.5257554579994882,0.24577201365187715,0.5287845275000871,0.43343733305048415,0.43205916380366793,0.5824213798130362,0.24577201365187715,0.24577201365187715,206401.0,69835.0,0.1401026637156296,0.24058626390129653,0.95922944820565,0.39190365894010903,0.17901976070769426,0.17901976070769426,0.9858229989183781,251408.0,4856101.0,45007.0,0.9608436946670923,0.5257554579994882,0.24577201365187715,0.5287845275000871,0.8475789496827453,0.9246382760091834,0.3566270337253897,0.1401026637156296,0.35942017833836937,0.2853832919264629,0.27555833347117886,0.7376615347226949,0.5287845275000871,0.5287845275000871,124403.0,92047.0,0.35942017833836937,0.5084064972672496,0.9749382032092025,0.5688543940344928,0.4939882041895465,0.4939882041895465,0.9813348652558433,245850.0,4839447.0,121447.0,0.617692275137841,0.5630923983742372,0.44519703794714294,0.9057126588459257,0.9469648751052753,0.4653239014531136,0.39190365894010903,0.5688543940344928,0.47536065147590517,0.9751353842558166,0.6042262443438914,0.17901976070769426,0.4939882041895465,0.42574473641371063,0.5893793253235663,0.9848588194150046,0.9858229989183781,0.9813348652558433
4,33411072.0,275124736.0,1199570944.0,42,1271.0,19.15,81.0,0.0,2.7e-06,2697196.0,12.002380609512329,1.43896484375,10115620.0,16094848.0,0.772457038976068,0.9600118553427146,0.9600118553427146,943607.0,1900242.0,0.9230988451883497,0.6070246448421314,0.7289450681208616,0.9472696496755874,0.9731015388850061,0.9731015388850061,0.5718125390671299,35080334.0,2537632.0,34136727.0,0.7447704845184585,0.5065891002654825,0.5065891002654825,447848.0,426597.0,0.3392161530062078,0.49531042700076516,0.9884105439703752,0.5127373366213704,0.5005865638953195,0.5005865638953195,0.9889544051415975,896748.0,38194863.0,448900.0,0.9600118553427146,0.5065891002654825,0.32888796249565877,0.5515642415649384,0.4623471014420266,0.44895608889530936,0.619193038655458,0.32888796249565877,0.32888796249565877,1579396.0,629327.0,0.19680784717871103,0.31686250775072616,0.9588137720898997,0.46235951936507663,0.255214080516683,0.255214080516683,0.9831719967942332,2120604.0,36768277.0,541208.0,0.9600118553427146,0.5065891002654825,0.32888796249565877,0.5515642415649384,0.8513820617358108,0.9230988451883497,0.3392161530062078,0.19680784717871103,0.3807999342413825,0.30560797814210044,0.2894541448382026,0.7687077701433747,0.5515642415649384,0.5515642415649384,632963.0,647648.0,0.3807999342413825,0.5347621340136575,0.9833793823128593,0.5487424462115917,0.5544152079306058,0.5544152079306058,0.9830003323561436,1420522.0,37450038.0,787559.0,0.6028654468593313,0.5708293478069036,0.4599806949036628,0.9088062393922316,0.9472696496755874,0.5127373366213704,0.46235951936507663,0.5487424462115917,0.5079464340660129,0.9731015388850061,0.5005865638953195,0.255214080516683,0.5544152079306058,0.4367386174475361,0.5718125390671299,0.9889544051415975,0.9831719967942332,0.9830003323561436,0.80985784197168,0.9597304012899227,0.9597304012899227,160216.0,209812.0,0.9225785339492547,0.6431815635367402,0.7129578867783904,0.9545781049545136,0.9649386180717465,0.9649386180717465,0.6547770658716133,4569586.0,397946.0,4409370.0,0.8302213499283896,0.5328729301374822,0.5328729301374822,35423.0,96205.0,0.3632084371447232,0.5336801811044741,0.9929239789678993,0.4383239336299202,0.6794298642533937,0.6794298642533937,0.9810128356033855,110500.0,4970639.0,75077.0,0.9597304012899227,0.5328729301374822,0.26857554615343415,0.5155570014957029,0.43900182592887305,0.4327243721696171,0.5991303372085865,0.26857554615343415,0.26857554615343415,196245.0,104211.0,0.1551182585857336,0.24671624220580118,0.9608915557486394,0.34612295606560667,0.21941624769299306,0.21941624769299306,0.9788444267241799,251408.0,4821725.0,55163.0,0.9597304012899227,0.5328729301374822,0.26857554615343415,0.5155570014957029,0.8460553922392967,0.9225785339492547,0.3632084371447232,0.1551182585857336,0.34730670158111204,0.28854446577052295,0.2760997264843886,0.7374664457666362,0.5155570014957029,0.5155570014957029,123829.0,105485.0,0.34730670158111204,0.4927931796612274,0.9749832216731134,0.5363418986751998,0.49632296115517593,0.49632296115517593,0.9786099303780964,245850.0,4826009.0,122021.0,0.6194260950329937,0.5900269227933272,0.4470529828152059,0.9003904318507714,0.9545781049545136,0.4383239336299202,0.34612295606560667,0.5363418986751998,0.4402629294569089,0.9649386180717465,0.6794298642533937,0.21941624769299306,0.49632296115517593,0.4650563577005209,0.6547770658716133,0.9810128356033855,0.9788444267241799,0.9786099303780964
4,33411072.0,275124736.0,1199570944.0,43,1271.0,18.94,82.0,19.0,2.7e-06,2697196.0,9.65579605102539,1.4453125,10048076.0,16094848.0,0.7755646610952565,0.9613819045633383,0.9613819045633383,866271.0,1882443.0,0.9256356198561596,0.6187556628084735,0.7468303785659886,0.9478497170889615,0.9753060788987927,0.9753060788987927,0.5758232432917203,35080334.0,2555431.0,34214063.0,0.7613512701910937,0.5369271910316752,0.5369271910316752,418584.0,406201.0,0.36698596798493266,0.5262649354428148,0.9891653543241867,0.5406862551095984,0.5332200350600168,0.5332200350600168,0.9894825053221706,896748.0,38215259.0,478164.0,0.9613819045633383,0.5369271910316752,0.3701968316703681,0.5624387754669321,0.48985426605632515,0.47719520747684097,0.6347402388714315,0.3701968316703681,0.3701968316703681,1519272.0,526779.0,0.22714204933702453,0.3646644810405276,0.9604254190865942,0.5330432909527519,0.28356638014452484,0.28356638014452484,0.9859140975983381,2120604.0,36870825.0,601332.0,0.9613819045633383,0.5369271910316752,0.3701968316703681,0.5624387754669321,0.8562673499905687,0.9256356198561596,0.36698596798493266,0.22714204933702453,0.39124509333480173,0.32845770355225296,0.3133659742994168,0.7720502971360871,0.5624387754669321,0.5624387754669321,624742.0,613446.0,0.39124509333480173,0.5461959604626886,0.983606436928701,0.5646929591137263,0.5602025171028678,0.5602025171028678,0.9838980771693063,1420522.0,37484240.0,795780.0,0.5956484289904732,0.5880737528015505,0.4777521826282296,0.9132331860796927,0.9478497170889615,0.5406862551095984,0.5330432909527519,0.5646929591137263,0.5461408350586923,0.9753060788987927,0.5332200350600168,0.28356638014452484,0.5602025171028678,0.45899631076913644,0.5758232432917203,0.9894825053221706,0.9859140975983381,0.9838980771693063,0.7984607112746896,0.9602503262301625,0.9602503262301625,140392.0,226302.0,0.9235399158612545,0.638213438161577,0.7309714706197973,0.9513903566880951,0.9692768666570669,0.9692768666570669,0.6276445558923124,4569586.0,381456.0,4429194.0,0.8058007778015457,0.5569756003160832,0.5569756003160832,41425.0,68461.0,0.38597795050318223,0.5496715971177835,0.9917804408421909,0.5022321428571429,0.6251131221719457,0.6251131221719457,0.9864884334311457,110500.0,4998383.0,69075.0,0.9602503262301625,0.5569756003160832,0.2976241980172501,0.4559551878878445,0.43685166207372594,0.41722866202906145,0.6165821497401717,0.2976241980172501,0.2976241980172501,186742.0,118474.0,0.17482872916227338,0.27131339764357604,0.9626082554897637,0.3530959921371628,0.2572153630751607,0.2572153630751607,0.9759489364051827,251408.0,4807462.0,64666.0,0.9602503262301625,0.5569756003160832,0.2976241980172501,0.4559551878878445,0.8458773999520571,0.9235399158612545,0.38597795050318223,0.17482872916227338,0.2952991935927861,0.2853686244194139,0.2636064048038266,0.6971985697483305,0.4559551878878445,0.4559551878878445,143939.0,99261.0,0.2952991935927861,0.43403690587418126,0.9710743519315651,0.5065864036744676,0.41452511694122435,0.41452511694122435,0.9798720225554366,245850.0,4832233.0,101911.0,0.620491775530803,0.5665326172113494,0.44491144727987403,0.9010114066208466,0.9513903566880951,0.5022321428571429,0.3530959921371628,0.5065864036744676,0.4539715128895911,0.9692768666570669,0.6251131221719457,0.2572153630751607,0.41452511694122435,0.43228453406277695,0.6276445558923124,0.9864884334311457,0.9759489364051827,0.9798720225554366
4,33411072.0,275124736.0,1199570944.0,44,1271.0,20.06,82.0,25.0,2.7e-06,2697196.0,9.683104753494263,1.4501953125,9974176.0,16094848.0,0.772777599135421,0.9604260302580646,0.9604260302580646,914500.0,1901079.0,0.923865023762072,0.6101161409226944,0.735026997112678,0.9472902213727025,0.973931263026173,0.973931263026173,0.5716239352446689,35080334.0,2536795.0,34165834.0,0.7634668221324128,0.5347242428726693,0.5347242428726693,414350.0,425141.0,0.3649307922223424,0.5238647408771046,0.9892685102141069,0.5315452008123067,0.5379415398751934,0.5379415398751934,0.988992104389632,896748.0,38196319.0,482398.0,0.9604260302580646,0.5347242428726693,0.3516427560425904,0.5709464763861439,0.4857711584338012,0.4724768857150861,0.6270969369194763,0.3516427560425904,0.3516427560425904,1550186.0,553282.0,0.21332921448408795,0.34463312121926626,0.9596247984216909,0.507624810892587,0.26898845800536075,0.26898845800536075,0.9852054158335919,2120604.0,36844322.0,570418.0,0.9604260302580646,0.5347242428726693,0.3516427560425904,0.5709464763861439,0.854205465096823,0.923865023762072,0.3649307922223424,0.21332921448408795,0.39952770624175665,0.3259292376493957,0.30930915630449807,0.7774318730046644,0.5709464763861439,0.5709464763861439,609613.0,609147.0,0.39952770624175665,0.5549513855025929,0.9839988826754642,0.5710401561628555,0.5708528273409352,0.5708528273409352,0.9840109186683936,1420522.0,37488539.0,810909.0,0.5984530328320429,0.5879285220619156,0.47541318417756473,0.9117204656648399,0.9472902213727025,0.5315452008123067,0.507624810892587,0.5710401561628555,0.5367367226225831,0.973931263026173,0.5379415398751934,0.26898845800536075,0.5708528273409352,0.4592609417404965,0.5716239352446689,0.988992104389632,0.9852054158335919,0.9840109186683936,0.817863835181684,0.9593885690408513,0.9593885690408513,173882.0,198263.0,0.9219469828008395,0.6471519996508577,0.7019388834321545,0.9568427461494609,0.9619479751557362,0.9619479751557362,0.673779695207632,4569586.0,409495.0,4395704.0,0.7817023603661846,0.4858121016096389,0.4858121016096389,46289.0,89634.0,0.3208400371750927,0.4795407675767169,0.9907855062775965,0.4173746303097273,0.5810950226244344,0.5810950226244344,0.9823096981079347,110500.0,4977210.0,64211.0,0.9593885690408513,0.4858121016096389,0.28655732766784797,0.4978335219748619,0.4234009837507829,0.4174388293518367,0.6122807762824845,0.28655732766784797,0.28655732766784797,188622.0,124015.0,0.16724068583970614,0.25882476713152625,0.9622041128590616,0.33611169105090444,0.2497374785209699,0.2497374785209699,0.974824074043999,251408.0,4801921.0,62786.0,0.9593885690408513,0.4858121016096389,0.28655732766784797,0.4978335219748619,0.8444275155294025,0.9219469828008395,0.3208400371750927,0.16724068583970614,0.3314103524859319,0.2731636918335769,0.26377421428889725,0.7350580603329224,0.4978335219748619,0.4978335219748619,124234.0,121115.0,0.3314103524859319,0.4729773381304764,0.9748239628923281,0.5010320066246173,0.49467561521252795,0.49467561521252795,0.975440505453317,245850.0,4810379.0,121616.0,0.6226902241948284,0.5718640228784171,0.43535951457539257,0.8970462461061115,0.9568427461494609,0.4173746303097273,0.33611169105090444,0.5010320066246173,0.41817277599508307,0.9619479751557362,0.5810950226244344,0.2497374785209699,0.49467561521252795,0.44183603878597744,0.673779695207632,0.9823096981079347,0.974824074043999,0.975440505453317
4,33411072.0,275124736.0,1199570944.0,45,1271.0,17.19,82.0,21.0,2.7e-06,2697196.0,10.652464389801025,1.54150390625,10032060.0,16094848.0,0.7720218691886825,0.960455055656063,0.960455055656063,905233.0,1908959.0,0.9239187404852534,0.6097979467876662,0.7364024497488169,0.947096889873257,0.9741954281279078,0.9741954281279078,0.5698483102494573,35080334.0,2528915.0,34175101.0,0.7558824177535128,0.5330310604209839,0.5330310604209839,428739.0,391272.0,0.36335538268039314,0.5225495654145221,0.9889097025377864,0.5446518659204614,0.5218957834307966,0.5218957834307966,0.9898690520762291,896748.0,38230188.0,468009.0,0.960455055656063,0.5330310604209839,0.356832490749733,0.545229042193659,0.4783641977881253,0.46340393865769175,0.631090672110892,0.356832490749733,0.356832490749733,1530883.0,594985.0,0.21716135983758955,0.34646464289663553,0.9600640974571016,0.4977783517598459,0.2780910533036814,0.2780910533036814,0.9840902909181026,2120604.0,36802619.0,589721.0,0.960455055656063,0.5330310604209839,0.356832490749733,0.545229042193659,0.85353370397964,0.9239187404852534,0.36335538268039314,0.21716135983758955,0.37478686199222283,0.3184345348367352,0.30157824187892346,0.7615126796034051,0.545229042193659,0.545229042193659,654289.0,623928.0,0.37478686199222283,0.5284953823440159,0.9828396927857332,0.5511829205394195,0.5394024168580283,0.5394024168580283,0.983622942348782,1420522.0,37473758.0,766233.0,0.5982269190041778,0.5783961704301035,0.4698055862488647,0.9109487960587687,0.947096889873257,0.5446518659204614,0.4977783517598459,0.5511829205394195,0.5312043794065756,0.9741954281279078,0.5218957834307966,0.2780910533036814,0.5394024168580283,0.44646308453083544,0.5698483102494573,0.9898690520762291,0.9840902909181026,0.983622942348782,0.7974293868820914,0.9597803012346183,0.9597803012346183,143825.0,227099.0,0.9226707611610936,0.6345875195706606,0.7257780980926015,0.95119152521245,0.9685255950976741,0.9685255950976741,0.6263331786665087,4569586.0,380659.0,4425761.0,0.8209778562060878,0.5337722060309602,0.5337722060309602,37607.0,89731.0,0.3640445285695022,0.5319114136433243,0.9925006780039564,0.4482302735143644,0.6596651583710407,0.6596651583710407,0.9822905540411349,110500.0,4977113.0,72893.0,0.9597803012346183,0.5337722060309602,0.25484610608158226,0.45699179523346406,0.41520336911533545,0.4016190884987485,0.5937480720849599,0.25484610608158226,0.25484610608158226,198669.0,109742.0,0.14603073515159906,0.23115082180900268,0.9603839626326781,0.32458564385989747,0.2097745497358875,0.2097745497358875,0.9777215944340324,251408.0,4816194.0,52739.0,0.9597803012346183,0.5337722060309602,0.25484610608158226,0.45699179523346406,0.8432850612686558,0.9226707611610936,0.3640445285695022,0.14603073515159906,0.29616938770757156,0.26874821714289093,0.25126619418992857,0.6970003038752308,0.45699179523346406,0.45699179523346406,144117.0,97646.0,0.29616938770757156,0.43546737805154695,0.9710490130002923,0.5102493241514904,0.41380109823062844,0.41380109823062844,0.9801995095198331,245850.0,4833848.0,101733.0,0.623392628718026,0.5629416003588077,0.4322288531474416,0.8987476976611947,0.95119152521245,0.4482302735143644,0.32458564385989747,0.5102493241514904,0.4276884138419174,0.9685255950976741,0.6596651583710407,0.2097745497358875,0.41380109823062844,0.42774693544585224,0.6263331786665087,0.9822905540411349,0.9777215944340324,0.9801995095198331
4,33411072.0,275124736.0,1199570944.0,46,1271.0,19.57,82.0,0.0,8.1e-07,2697196.0,13.25886583328247,1.57568359375,10106936.0,16094848.0,0.7749446630825906,0.9609453806117151,0.9609453806117151,894372.0,1884391.0,0.9248266286304038,0.6152405340369155,0.7406004602861779,0.9477578996801057,0.9745050317935969,0.9745050317935969,0.5753842943715842,35080334.0,2553483.0,34185962.0,0.7536577565992069,0.5281975764969364,0.5281975764969364,432606.0,396566.0,0.3588780450841791,0.5175864433595574,0.9888092608161417,0.539256054318073,0.5175835351737612,0.5175835351737612,0.9897319780246526,896748.0,38224894.0,464142.0,0.9609453806117151,0.5281975764969364,0.3478429105923695,0.5525523424955884,0.4761976098616314,0.4615195373820226,0.6271592300043473,0.3478429105923695,0.3478429105923695,1547074.0,603504.0,0.21053864237394407,0.3371338460707243,0.9596498010206991,0.48726714776293634,0.2704559644327748,0.2704559644327748,0.9838624955759198,2120604.0,36794100.0,573530.0,0.9609453806117151,0.5281975764969364,0.3478429105923695,0.5525523424955884,0.8541326811796512,0.9248266286304038,0.3588780450841791,0.21053864237394407,0.38174253806749786,0.31705307517520703,0.29998400928450614,0.76702098443794,0.5525523424955884,0.5525523424955884,638485.0,628076.0,0.38174253806749786,0.53593619881329,0.9832454233149152,0.5545917242093364,0.5505279045308696,0.5505279045308696,0.9835140643450103,1420522.0,37469610.0,782037.0,0.5978142875146313,0.5782681089827506,0.4689964635390062,0.9111159848138863,0.9477578996801057,0.539256054318073,0.48726714776293634,0.5545917242093364,0.5270383087634486,0.9745050317935969,0.5175835351737612,0.2704559644327748,0.5505279045308696,0.4461891347124685,0.5753842943715842,0.9897319780246526,0.9838624955759198,0.9835140643450103,0.8055302461351426,0.9597766460916979,0.9597766460916979,154218.0,215870.0,0.9226640052692993,0.6403257269846996,0.7176042746280026,0.953388273286754,0.9662512096281808,0.9662512096281808,0.6448092826421042,4569586.0,391888.0,4415368.0,0.8144924923983936,0.5253493483486354,0.5253493483486354,39032.0,90110.0,0.3562534270475051,0.5227938090483847,0.99221813776799,0.44231269108418225,0.6467692307692308,0.6467692307692308,0.9822157540275565,110500.0,4976734.0,71468.0,0.9597766460916979,0.5253493483486354,0.2699408599439574,0.4811429627544233,0.42547772368233866,0.4153366427932581,0.6007437236713017,0.2699408599439574,0.2699408599439574,195197.0,108850.0,0.1560298452775511,0.24651417441582,0.9610562691691591,0.3405468281423231,0.22358477057213771,0.22358477057213771,0.9779026767704656,251408.0,4817086.0,56211.0,0.9597766460916979,0.5253493483486354,0.2699408599439574,0.4811429627544233,0.844577054765904,0.9226640052692993,0.3562534270475051,0.1560298452775511,0.3167796250442165,0.2763542991230909,0.2620977136275585,0.7167613405907453,0.4811429627544233,0.4811429627544233,133908.0,107525.0,0.3167796250442165,0.4576186306161562,0.9729908587889534,0.5100630163076909,0.4553264185478951,0.4553264185478951,0.9781962626335954,245850.0,4823969.0,111942.0,0.6234510548507111,0.5729829073793611,0.437931725659643,0.8991075346741495,0.953388273286754,0.44231269108418225,0.3405468281423231,0.5100630163076909,0.4309741785113988,0.9662512096281808,0.6467692307692308,0.22358477057213771,0.4553264185478951,0.4418934732964212,0.6448092826421042,0.9822157540275565,0.9779026767704656,0.9781962626335954
4,33411072.0,275124736.0,1199570944.0,47,1271.0,17.39,81.0,0.0,8.1e-07,2697196.0,10.200096845626831,1.48046875,9996068.0,16094848.0,0.7793574349385243,0.9618738484574381,0.9618738484574381,863396.0,1849143.0,0.9265481338931499,0.6247650324727672,0.7498944853419356,0.9487290288068726,0.9753880336487104,0.9753880336487104,0.5833268362283381,35080334.0,2588731.0,34216938.0,0.7455318978502936,0.5117318054509006,0.5117318054509006,446827.0,411756.0,0.3438438094190006,0.5007301925592499,0.988441099383698,0.5221457692383573,0.5017251223309113,0.5017251223309113,0.9893386733696758,896748.0,38209704.0,449921.0,0.9618738484574381,0.5117318054509006,0.3715468908347247,0.5859255711750289,0.489734755820218,0.4799484816288363,0.6367053329359504,0.3715468908347247,0.3715468908347247,1509072.0,559680.0,0.22815940400345636,0.36331530993771793,0.9606469304662092,0.522136043688077,0.28837633051715456,0.28837633051715456,0.9850343353547463,2120604.0,36837924.0,611532.0,0.9618738484574381,0.5117318054509006,0.3715468908347247,0.5859255711750289,0.857437466217761,0.9265481338931499,0.3438438094190006,0.22815940400345636,0.4143527096108408,0.3287853076777659,0.3157448782677662,0.785122643600821,0.5859255711750289,0.5859255711750289,588578.0,587294.0,0.4143527096108408,0.5704935688863192,0.9845513408892681,0.5861906177822184,0.5856607641416325,0.5856607641416325,0.9845845230600094,1420522.0,37510392.0,831944.0,0.5944897696548829,0.5877875626596022,0.47822601423161193,0.913764485474645,0.9487290288068726,0.5221457692383573,0.522136043688077,0.5861906177822184,0.5434908102362176,0.9753880336487104,0.5017251223309113,0.28837633051715456,0.5856607641416325,0.4585874056632327,0.5833268362283381,0.9893386733696758,0.9850343353547463,0.9845845230600094,0.7996414743094982,0.9597147421662551,0.9597147421662551,147315.0,223946.0,0.9225495939111286,0.635750566923041,0.7226369587688067,0.9518003571507745,0.9677618497605691,0.9677618497605691,0.6315210988584272,4569586.0,383812.0,4422271.0,0.8610974195505443,0.5612976777785005,0.5612976777785005,28525.0,99616.0,0.3901416360486588,0.5673573000185802,0.9942901500534554,0.45142655748357574,0.7418552036199095,0.7418552036199095,0.9803396354811792,110500.0,4967228.0,81975.0,0.9597147421662551,0.5612976777785005,0.25938486308284037,0.4877288424343412,0.43613712776522734,0.4281433156113216,0.5918796507875778,0.25938486308284037,0.25938486308284037,200660.0,89139.0,0.14901907813018467,0.24360651922140408,0.9601664093609137,0.3627785283836239,0.20185515178514607,0.20185515178514607,0.9819041497900095,251408.0,4836797.0,50748.0,0.9597147421662551,0.5612976777785005,0.25938486308284037,0.4877288424343412,0.8451312199581492,0.9225495939111286,0.3901416360486588,0.14901907813018467,0.32251414701279546,0.2872249537305463,0.27238063104832855,0.7159162803609409,0.4877288424343412,0.4877288424343412,134770.0,98569.0,0.32251414701279546,0.4659248638250653,0.9728707177071056,0.5298379672691022,0.45182021557860486,0.45182021557860486,0.9800123451432771,245850.0,4832925.0,111080.0,0.6195239085185377,0.5908231051860574,0.4460561137756919,0.9012485938736156,0.9518003571507745,0.45142655748357574,0.3627785283836239,0.5298379672691022,0.4480143510454339,0.9677618497605691,0.7418552036199095,0.20185515178514607,0.45182021557860486,0.4651768569945535,0.6315210988584272,0.9803396354811792,0.9819041497900095,0.9800123451432771
4,33411072.0,275124736.0,1199570944.0,48,1271.0,17.48,82.0,0.0,8.1e-07,2697196.0,11.726613283157349,1.40625,10154704.0,16094848.0,0.7785157946608963,0.9614899825535677,0.9614899825535677,885349.0,1853836.0,0.9258360212237069,0.6214801505291849,0.744811115047125,0.9485742959527026,0.9747622414313387,0.9747622414313387,0.5822693478904538,35080334.0,2584038.0,34194985.0,0.7496423509720981,0.5149461896656023,0.5149461896656023,439199.0,422778.0,0.34675254598999944,0.5038127456051031,0.9886329428883536,0.5197489114840281,0.5102314139535299,0.5102314139535299,0.9890532879906663,896748.0,38198682.0,457549.0,0.9614899825535677,0.5149461896656023,0.34915115288343584,0.5599626173412972,0.47468665329677845,0.46132409186948553,0.6283801919256977,0.34915115288343584,0.34915115288343584,1540956.0,620075.0,0.21149795360930632,0.3372368594767492,0.9597855708543801,0.48315152747759277,0.27334099152882857,0.27334099152882857,0.9834193923225669,2120604.0,36777529.0,579648.0,0.9614899825535677,0.5149461896656023,0.34915115288343584,0.5599626173412972,0.8550606322476301,0.9258360212237069,0.34675254598999944,0.21149795360930632,0.38885283401980375,0.31570111120636984,0.2998188828666282,0.768999068777154,0.5599626173412972,0.5599626173412972,633814.0,602629.0,0.38885283401980375,0.5437800614673552,0.9833770582926518,0.5662470660466107,0.5538161323795056,0.5538161323795056,0.9841820051748025,1420522.0,37495057.0,786708.0,0.5969881174180836,0.5780376948233007,0.46823483871070404,0.9114504888480773,0.9485742959527026,0.5197489114840281,0.48315152747759277,0.5662470660466107,0.5230491683360772,0.9747622414313387,0.5102314139535299,0.27334099152882857,0.5538161323795056,0.44579617928728804,0.5822693478904538,0.9890532879906663,0.9834193923225669,0.9841820051748025,0.7907115570759954,0.960167835072511,0.960167835072511,131311.0,236929.0,0.9233873190866979,0.6323876363940969,0.7384972318476919,0.9493222113944119,0.9712641364009781,0.9712641364009781,0.6101589777510127,4569586.0,370829.0,4438275.0,0.8133351181208301,0.5374552303438991,0.5374552303438991,39446.0,82855.0,0.36747950660701817,0.5332815666810035,0.992147604179212,0.46166241090514526,0.6430226244343892,0.6430226244343892,0.983647611807271,110500.0,4983989.0,71054.0,0.960167835072511,0.5374552303438991,0.28201434003833953,0.44520512880180574,0.4215582330613481,0.40605172727583977,0.6058617817548804,0.28201434003833953,0.28201434003833953,192783.0,105726.0,0.16415407102096133,0.2595783093416487,0.9615433334935836,0.35670607419486344,0.23318669254757207,0.23318669254757207,0.9785368709621887,251408.0,4820210.0,58625.0,0.960167835072511,0.5374552303438991,0.28201434003833953,0.44520512880180574,0.8444042744336,0.9233873190866979,0.36747950660701817,0.16415407102096133,0.28634332222790965,0.2726589666186297,0.25474586234964275,0.685602835833422,0.44520512880180574,0.44520512880180574,150191.0,88221.0,0.28634332222790965,0.42655079419224146,0.9699224826693453,0.5202251468348923,0.38909497661175513,0.38909497661175513,0.9821106950550887,245850.0,4843273.0,95659.0,0.6218094312691991,0.5591421074986737,0.43534105473564677,0.9007732536219344,0.9493222113944119,0.46166241090514526,0.35670607419486344,0.5202251468348923,0.4461978773116337,0.9712641364009781,0.6430226244343892,0.23318669254757207,0.38909497661175513,0.42176809786457214,0.6101589777510127,0.983647611807271,0.9785368709621887,0.9821106950550887
4,33411072.0,275124736.0,1199570944.0,49,1271.0,17.64,82.0,0.0,8.1e-07,2697196.0,12.044646501541138,1.60546875,9914516.0,16094848.0,0.7745922746516769,0.9608306890843621,0.9608306890843621,899990.0,1886808.0,0.9246141884595785,0.614194220682381,0.7392131567844741,0.9476862492497329,0.9743448850857578,0.9743448850857578,0.5748396642175961,35080334.0,2551066.0,34180344.0,0.7597777027416344,0.534966969184182,0.534966969184182,421436.0,404917.0,0.3651569336196333,0.5242958042458024,0.9890927007336486,0.5399867534471143,0.5300396543956608,0.5300396543956608,0.9895157510876078,896748.0,38216543.0,475312.0,0.9608306890843621,0.534966969184182,0.3491951102562598,0.5637338439786115,0.4826319744730177,0.46730266335231774,0.6280166389025215,0.3491951102562598,0.3491951102562598,1543095.0,609545.0,0.21153021318616677,0.33801572794114315,0.9597430591314835,0.4865060898661729,0.2723323166418624,0.2723323166418624,0.9837009611631804,2120604.0,36788059.0,577509.0,0.9608306890843621,0.534966969184182,0.3491951102562598,0.5637338439786115,0.8545264600048484,0.9246141884595785,0.3651569336196333,0.21153021318616677,0.39249956675176045,0.3230622378525202,0.3048890685583122,0.7704339423424031,0.5637338439786115,0.5637338439786115,630084.0,593335.0,0.39249956675176045,0.5477386558132891,0.9834772955204397,0.5712194124325305,0.5564419276857381,0.5564419276857381,0.9844259569990681,1420522.0,37504351.0,790438.0,0.5973390136192094,0.5832896959522548,0.47345022550428484,0.9115697503287599,0.9476862492497329,0.5399867534471143,0.4865060898661729,0.5712194124325305,0.5325707519152726,0.9743448850857578,0.5300396543956608,0.2723323166418624,0.5564419276857381,0.45293796624108706,0.5748396642175961,0.9895157510876078,0.9837009611631804,0.9844259569990681,0.7967639798570451,0.9601558039473498,0.9601558039473498,139177.0,228526.0,0.9233650652590019,0.6364515669972087,0.7315305096940833,0.9509488756550585,0.969542755076718,0.969542755076718,0.6239852046373721,4569586.0,379232.0,4430409.0,0.8059184505477293,0.5290187843703673,0.5290187843703673,41093.0,82492.0,0.3596366688774664,0.5239874106269627,0.9918230126884285,0.4569286170415868,0.6281176470588236,0.6281176470588236,0.9837192540366351,110500.0,4984352.0,69407.0,0.9601558039473498,0.5290187843703673,0.2659125740240859,0.4358867475348182,0.4102727019764238,0.3923911817696665,0.6017221103866442,0.2659125740240859,0.2659125740240859,193977.0,123115.0,0.1533443873940986,0.23836333570593418,0.9611797395051791,0.31809621924606474,0.2284374403360275,0.2284374403360275,0.9750067804372611,251408.0,4802821.0,57431.0,0.9601558039473498,0.5290187843703673,0.2659125740240859,0.4358867475348182,0.8433284244407873,0.9233650652590019,0.3596366688774664,0.1533443873940986,0.2786797866764583,0.2638869476493411,0.24408374557288962,0.6820863292946553,0.4358867475348182,0.4358867475348182,151739.0,91853.0,0.2786797866764583,0.4162046621673008,0.9695997900380255,0.5060710675184444,0.3827984543420785,0.3827984543420785,0.9813742042472322,245850.0,4839641.0,94111.0,0.6246002029769028,0.5522240742034119,0.4287564770517563,0.8984062098249604,0.9509488756550585,0.4569286170415868,0.31809621924606474,0.5060710675184444,0.4270319679353653,0.969542755076718,0.6281176470588236,0.2284374403360275,0.3827984543420785,0.41311784724564315,0.6239852046373721,0.9837192540366351,0.9750067804372611,0.9813742042472322
4,33411072.0,275124736.0,1199570944.0,50,1271.0,15.95,81.0,0.0,2.43e-07,2697196.0,9.960138320922852,1.66650390625,10070752.0,16094848.0,0.7794244538967254,0.9618933803440982,0.9618933803440982,862504.0,1848661.0,0.9265843817303991,0.6249484769339939,0.7501231995554676,0.9487429758553445,0.9754134610006849,0.9754134610006849,0.583435446792766,35080334.0,2589213.0,34217830.0,0.7580066543158877,0.5337342946907674,0.5337342946907674,424727.0,399980.0,0.36400926023036445,0.5231166286372385,0.98900986583237,0.5413078654726313,0.5263697270582148,0.5263697270582148,0.9896435815735604,896748.0,38221480.0,472021.0,0.9618933803440982,0.5337342946907674,0.37627311831948534,0.5963747982323835,0.5021274037475454,0.490645205816119,0.6384659266958677,0.37627311831948534,0.37627311831948534,1502290.0,547599.0,0.2317342421097645,0.36880418341768695,0.9608292020073375,0.5303260191798187,0.2915744759511913,0.2915744759511913,0.9853573774405441,2120604.0,36850005.0,618314.0,0.9618933803440982,0.5337342946907674,0.37627311831948534,0.5963747982323835,0.8584975479496716,0.9265843817303991,0.36400926023036445,0.2317342421097645,0.4248817971359842,0.34020843315870436,0.32506949837557203,0.7900192333417518,0.5963747982323835,0.5963747982323835,575362.0,568643.0,0.4248817971359842,0.5813638660387932,0.9849003809402089,0.5977919130175845,0.594964386331222,0.594964386331222,0.9850740803522817,1420522.0,37529043.0,845160.0,0.590075850091368,0.5970805125853282,0.48680242030162807,0.9148523384461158,0.9487429758553445,0.5413078654726313,0.5303260191798187,0.5977919130175845,0.5564752658900115,0.9754134610006849,0.5263697270582148,0.2915744759511913,0.594964386331222,0.4709695297802094,0.583435446792766,0.9896435815735604,0.9853573774405441,0.9850740803522817,0.7776837301076711,0.9601245304861626,0.9601245304861626,115082.0,254923.0,0.9233072215224388,0.623470276003739,0.7540546720892808,0.9458696355204147,0.9748156616376188,0.9748156616376188,0.5805517985777233,4569586.0,352835.0,4454504.0,0.7881281911360776,0.5222343080171475,0.5222343080171475,45204.0,74268.0,0.35339452719085557,0.5142322987256672,0.99102699998809,0.4678570404975495,0.5909140271493213,0.5909140271493213,0.9853423551228339,110500.0,4992576.0,65296.0,0.9601245304861626,0.5222343080171475,0.21435569564268078,0.5002465983308175,0.4122788673302153,0.4104120668417505,0.5692913864148929,0.21435569564268078,0.21435569564268078,213120.0,67542.0,0.120043894027277,0.21050865833958346,0.9579770459077901,0.36178777284323915,0.1522942786227964,0.1522942786227964,0.9862884942069893,251408.0,4858394.0,38288.0,0.9601245304861626,0.5222343080171475,0.21435569564268078,0.5002465983308175,0.8441327720445403,0.9233072215224388,0.35339452719085557,0.120043894027277,0.333552567891533,0.26899699636988855,0.2581877090789997,0.7275734894808145,0.5002465983308175,0.5002465983308175,128699.0,105372.0,0.333552567891533,0.47728148504936996,0.9740254996093703,0.5264669270142862,0.47651413463494,0.47651413463494,0.9786328443266888,245850.0,4826122.0,117151.0,0.6195174357559108,0.5486345255111691,0.43257455265802613,0.9030188065540942,0.9458696355204147,0.4678570404975495,0.36178777284323915,0.5264669270142862,0.45203724678502494,0.9748156616376188,0.5909140271493213,0.1522942786227964,0.47651413463494,0.40657414680235254,0.5805517985777233,0.9853423551228339,0.9862884942069893,0.9786328443266888
4,33411072.0,275124736.0,1199570944.0,51,1271.0,16.79,81.0,4.0,2.43e-07,2697196.0,10.090941190719604,1.71826171875,9985336.0,16094848.0,0.7746120293161767,0.9609130130514257,0.9609130130514257,893790.0,1887417.0,0.9247666702797257,0.614787228076137,0.740497705303946,0.9476792415448916,0.9745216222855803,0.9745216222855803,0.5747024363467732,35080334.0,2550457.0,34186544.0,0.7592661297487666,0.5330907301464608,0.5330907301464608,422261.0,408901.0,0.3634108401262514,0.5223482427981452,0.9890704550972413,0.5371218535909476,0.5291196634952071,0.5291196634952071,0.9894125960023261,896748.0,38212559.0,474487.0,0.9609130130514257,0.5330907301464608,0.3482806936975265,0.5651543870679763,0.4821752703039879,0.46756374331223793,0.6269200593156399,0.3482806936975265,0.3482806936975265,1548783.0,591254.0,0.21085949190554962,0.3384514137826367,0.9596199288371651,0.491645852589042,0.26965006196347835,0.26965006196347835,0.9841900566678015,2120604.0,36806350.0,571821.0,0.9609130130514257,0.5330907301464608,0.3482806936975265,0.5651543870679763,0.8546357597972519,0.9247666702797257,0.3634108401262514,0.21085949190554962,0.3938781858998169,0.3227161726438726,0.3051113814827374,0.7724228141687473,0.5651543870679763,0.5651543870679763,624133.0,601395.0,0.3938781858998169,0.5490954664137491,0.9836273332111941,0.5697511203447743,0.5606312327440195,0.5606312327440195,0.9842143955934751,1420522.0,37496291.0,796389.0,0.5966122203798436,0.5834806451220713,0.4732287970528359,0.9117124187412546,0.9476792415448916,0.5371218535909476,0.491645852589042,0.5697511203447743,0.5328396088415879,0.9745216222855803,0.5291196634952071,0.26965006196347835,0.5606312327440195,0.45313365273423495,0.5747024363467732,0.9894125960023261,0.9841900566678015,0.9842143955934751,0.8125852453584738,0.9613279666651776,0.9613279666651776,147598.0,208175.0,0.9255356222297432,0.6545436222205807,0.7302574468046222,0.9550393798231294,0.96769991854842,0.96769991854842,0.6574705721685276,4569586.0,399583.0,4421988.0,0.7900253927109218,0.5040215501595247,0.5040215501595247,44545.0,85260.0,0.3369176542705353,0.49785362359447866,0.9911373146212522,0.4361670469199484,0.5968778280542987,0.5968778280542987,0.9831729573675447,110500.0,4981584.0,65955.0,0.9613279666651776,0.5040215501595247,0.30463549423142483,0.491818669527897,0.4334919046396155,0.42232187154473094,0.6222207482049222,0.30463549423142483,0.30463549423142483,183495.0,126543.0,0.17968731396397947,0.27634882728298993,0.9631749700173875,0.3492461019459415,0.2701306243238083,0.2701306243238083,0.9743108720860361,251408.0,4799393.0,67913.0,0.9613279666651776,0.5040215501595247,0.30463549423142483,0.491818669527897,0.8482902924965096,0.9255356222297432,0.3369176542705353,0.17968731396397947,0.32610048910626943,0.28090181911359474,0.26768569832316386,0.7144568766313164,0.491818669527897,0.491818669527897,135840.0,91500.0,0.32610048910626943,0.4716426707224607,0.972700053900512,0.5459282417746018,0.4474679682733374,0.4474679682733374,0.9814457849892954,245850.0,4839994.0,110010.0,0.6203809538974038,0.5705440847999661,0.4420602698926318,0.9012084188340586,0.9550393798231294,0.4361670469199484,0.3492461019459415,0.5459282417746018,0.44378046354683054,0.96769991854842,0.5968778280542987,0.2701306243238083,0.4474679682733374,0.43815880688381476,0.6574705721685276,0.9831729573675447,0.9743108720860361,0.9814457849892954
4,33411072.0,275124736.0,1199570944.0,52,1271.0,16.88,81.0,26.0,2.43e-07,2697196.0,10.864163160324097,1.607421875,10041008.0,16094848.0,0.7756048253110324,0.9608569593063941,0.9608569593063941,907364.0,1876888.0,0.9246628439767469,0.6150676969128414,0.7383874176481612,0.9479363275161861,0.9741346818419688,0.9741346818419688,0.577074968780096,35080334.0,2560986.0,34172970.0,0.7510614576372261,0.5213860743845705,0.5213860743845705,437020.0,407008.0,0.35261812793191366,0.5105439767099607,0.9886933154835603,0.5304129515792583,0.5126613050712129,0.5126613050712129,0.9894616102032393,896748.0,38214452.0,459728.0,0.9608569593063941,0.5213860743845705,0.34339192164328214,0.5555017938565169,0.4734265966281232,0.4592773996790377,0.6254898366325328,0.34339192164328214,0.34339192164328214,1553484.0,615324.0,0.20728615665324526,0.3319692632810663,0.9594768999517005,0.47961679369170973,0.26743324071821045,0.26743324071821045,0.9835464325468551,2120604.0,36782280.0,567120.0,0.9608569593063941,0.5213860743845705,0.34339192164328214,0.5555017938565169,0.8537721211877415,0.9246628439767469,0.35261812793191366,0.20728615665324526,0.3845638516503207,0.3148227120784932,0.2980922065940756,0.7693446877358603,0.5555017938565169,0.5555017938565169,631795.0,630443.0,0.3845638516503207,0.5389363481355951,0.9834170353592655,0.555766398669645,0.5552374408844073,0.5552374408844073,0.9834519345873133,1420522.0,37467243.0,788727.0,0.5993638758240252,0.5773666671289498,0.4672827450530566,0.9106826149606784,0.9479363275161861,0.5304129515792583,0.47961679369170973,0.555766398669645,0.5219320479802043,0.9741346818419688,0.5126613050712129,0.26743324071821045,0.5552374408844073,0.4451106622246102,0.577074968780096,0.9894616102032393,0.9835464325468551,0.9834519345873133,0.8155573212737119,0.9597549124605604,0.9597549124605604,167255.0,201948.0,0.9226238354374086,0.6474843379192989,0.7081395653198154,0.9561390610777496,0.9633982159434137,0.9633982159434137,0.6677164266040101,4569586.0,405810.0,4402331.0,0.7842401339256293,0.5342113249275616,0.5342113249275616,46248.0,65797.0,0.36445316709870273,0.5250279786527495,0.9908370721346781,0.4940599312566802,0.5814660633484163,0.5814660633484163,0.9870142045028424,110500.0,5001047.0,64252.0,0.9597549124605604,0.5342113249275616,0.3385233292354035,0.49068190685070173,0.45447218700455566,0.4394900844580433,0.6431151812006508,0.3385233292354035,0.3385233292354035,172517.0,135790.0,0.2037484697751538,0.30859965233194214,0.9652370108548576,0.36748012166889477,0.31379669700248203,0.31379669700248203,0.9724336653988196,251408.0,4790146.0,78891.0,0.9597549124605604,0.5342113249275616,0.3385233292354035,0.49068190685070173,0.8474289692922871,0.9226238354374086,0.36445316709870273,0.2037484697751538,0.32510171916567926,0.29776778534651194,0.28163235624517685,0.7252462039682726,0.49068190685070173,0.49068190685070173,129513.0,111998.0,0.32510171916567926,0.46662335504128677,0.9738305183926721,0.5095013905007992,0.47320317266625994,0.47320317266625994,0.9772892352702852,245850.0,4819496.0,116337.0,0.6203987115546118,0.5829660372401431,0.4539817978692361,0.9004251987119264,0.9561390610777496,0.4940599312566802,0.36748012166889477,0.5095013905007992,0.4570138144754581,0.9633982159434137,0.5814660633484163,0.31379669700248203,0.47320317266625994,0.45615531100571943,0.6677164266040101,0.9870142045028424,0.9724336653988196,0.9772892352702852
4,33411072.0,275124736.0,1199570944.0,53,1271.0,17.55,81.0,2.0,2.43e-07,2697196.0,11.315746545791626,1.701171875,10075804.0,16094848.0,0.775776841366955,0.9609634121245312,0.9609634121245312,900710.0,1876203.0,0.9248600322048572,0.6159308736981361,0.7398582074012074,0.9479639449124271,0.9743243607657783,0.9743243607657783,0.5772293219681316,35080334.0,2561671.0,34179624.0,0.7567051393539712,0.5290184074634041,0.5290184074634041,426831.0,409897.0,0.3596363205002124,0.5182140024113429,0.9889531899281321,0.5341094822314717,0.5240234714769366,0.5240234714769366,0.9893868072310058,896748.0,38211563.0,469917.0,0.9609634121245312,0.5290184074634041,0.33651456237123356,0.5687639128871269,0.47809896090725484,0.463596681372943,0.6218125245482203,0.33651456237123356,0.33651456237123356,1569836.0,601996.0,0.20229486520238008,0.32623706409838843,0.9590820322579872,0.47778036094118137,0.25972223008161827,0.25972223008161827,0.9839028190148225,2120604.0,36795608.0,550768.0,0.9609634121245312,0.5290184074634041,0.33651456237123356,0.5687639128871269,0.8542997569325231,0.9248600322048572,0.3596363205002124,0.20229486520238008,0.3973934964387688,0.3197748940471204,0.3017415256478468,0.777184196608683,0.5687639128871269,0.5687639128871269,609941.0,619222.0,0.3973934964387688,0.5526335502946593,0.9839861763704728,0.5669179600266611,0.5706219263059635,0.5706219263059635,0.9837464669114024,1420522.0,37478464.0,810581.0,0.598808001621841,0.5821729971575742,0.4710461785865547,0.9112480505188899,0.9479639449124271,0.5341094822314717,0.47778036094118137,0.5669179600266611,0.5262692677331047,0.9743243607657783,0.5240234714769366,0.25972223008161827,0.5706219263059635,0.4514558759548395,0.5772293219681316,0.9893868072310058,0.9839028190148225,0.9837464669114024,0.7739468077299845,0.9599567655431975,0.9599567655431975,112009.0,259874.0,0.9229969810289349,0.6198946823266068,0.7564455210233685,0.9449121994059928,0.975488151443041,0.975488151443041,0.5724054640169278,4569586.0,347884.0,4457577.0,0.8095727102123467,0.5366618362844547,0.5366618362844547,40321.0,80860.0,0.3667380852842809,0.5317084969896757,0.9919780037224164,0.4646415826375969,0.63510407239819,0.63510407239819,0.9840413480265033,110500.0,4985984.0,70179.0,0.9599567655431975,0.5366618362844547,0.244739227326838,0.4253937482541858,0.40226493728849283,0.3871246315509469,0.5852665112891475,0.244739227326838,0.244739227326838,204020.0,88457.0,0.13943183322789932,0.2293193737124532,0.9595318773245815,0.34883875004600834,0.18849042194361357,0.18849042194361357,0.9820426006346814,251408.0,4837479.0,47388.0,0.9599567655431975,0.5366618362844547,0.244739227326838,0.4253937482541858,0.8420749060298574,0.9229969810289349,0.3667380852842809,0.13943183322789932,0.2701588081353917,0.2587762422158573,0.24002141710627484,0.6726792397510705,0.4253937482541858,0.4253937482541858,156760.0,83919.0,0.2701588081353917,0.40868335430890496,0.9686751586374613,0.5149443092555879,0.3623754321740899,0.3623754321740899,0.9829830473280511,245850.0,4847575.0,89090.0,0.6255131250695337,0.5403645194897336,0.42483142691912673,0.9008931992929193,0.9449121994059928,0.4646415826375969,0.34883875004600834,0.5149443092555879,0.4428082139797311,0.975488151443041,0.63510407239819,0.18849042194361357,0.3623754321740899,0.39532330883863115,0.5724054640169278,0.9840413480265033,0.9820426006346814,0.9829830473280511
4,33411072.0,275124736.0,1199570944.0,54,1271.0,18.15,81.0,25.0,2.43e-07,2697196.0,10.195965051651001,1.59326171875,9998400.0,16094848.0,0.7782192386104737,0.9612989675245746,0.9612989675245746,897405.0,1854943.0,0.9254818638560637,0.6199352636488097,0.7421498958721227,0.9485279541477921,0.9744185730956838,0.9744185730956838,0.5820199041252636,35080334.0,2582931.0,34182929.0,0.745969470559475,0.5041984988607425,0.5041984988607425,445329.0,442473.0,0.3370758075030185,0.4927059738967118,0.9884702424244872,0.5050039602099583,0.503395602778038,0.503395602778038,0.988543338340912,896748.0,38178987.0,451419.0,0.9612989675245746,0.5041984988607425,0.35749599320179143,0.5611383715799628,0.47427762121416556,0.46300615922032884,0.6316655906018269,0.35749599320179143,0.35749599320179143,1528056.0,601839.0,0.21765304177167347,0.34661474147108107,0.9601277753593516,0.4961105571309802,0.27942416405891907,0.27942416405891907,0.9839070171447347,2120604.0,36795765.0,592548.0,0.9612989675245746,0.5041984988607425,0.35749599320179143,0.5611383715799628,0.8548977474855908,0.9254818638560637,0.3370758075030185,0.21765304177167347,0.38998772397324183,0.31490552441597797,0.30124138883045853,0.7698451055426863,0.5611383715799628,0.5611383715799628,631399.0,602934.0,0.38998772397324183,0.5449765696708709,0.9834392147269206,0.5668754943224308,0.5555162116461414,0.5555162116461414,0.984173999439231,1420522.0,37494752.0,789123.0,0.5986900545075956,0.5781886378946955,0.46754960927599937,0.9113778387926902,0.9485279541477921,0.5050039602099583,0.4961105571309802,0.5668754943224308,0.522663337221123,0.9744185730956838,0.503395602778038,0.27942416405891907,0.5555162116461414,0.4461119928276995,0.5820199041252636,0.988543338340912,0.9839070171447347,0.984173999439231,0.7769509475334919,0.959453420575083,0.959453420575083,120967.0,255031.0,0.9220667671651449,0.6184009949725927,0.7446304998585584,0.9457801919785699,0.9735277987984032,0.9735277987984032,0.5803740962685806,4569586.0,352727.0,4448619.0,0.7785670337201451,0.520935996199839,0.520935996199839,47442.0,68537.0,0.3522065271424342,0.5115959589790435,0.9905976298067938,0.47918233975454994,0.5706606334841628,0.5706606334841628,0.9864734339561273,110500.0,4998307.0,63058.0,0.959453420575083,0.520935996199839,0.23037591161892046,0.43818829579059143,0.39650006786978365,0.3830146876606636,0.578933360782326,0.23037591161892046,0.23037591161892046,207231.0,87936.0,0.130183530576642,0.2151846133040215,0.9589253693240211,0.33438798604225173,0.17571835422898238,0.17571835422898238,0.9821483673356698,251408.0,4838000.0,44177.0,0.959453420575083,0.520935996199839,0.23037591161892046,0.43818829579059143,0.8409887534403097,0.9220667671651449,0.3522065271424342,0.130183530576642,0.2805641004031295,0.2543180527074019,0.23686961454618652,0.691949220618009,0.43818829579059143,0.43818829579059143,145979.0,110115.0,0.2805641004031295,0.4138879750045545,0.9706123456372583,0.47560789766936845,0.4062273744152939,0.4062273744152939,0.9776710668207241,245850.0,4821379.0,99871.0,0.6259118876879728,0.5315335402317105,0.4212552313218377,0.8992496925064281,0.9457801919785699,0.47918233975454994,0.33438798604225173,0.47560789766936845,0.4297260744887234,0.9735277987984032,0.5706606334841628,0.17571835422898238,0.4062273744152939,0.38420212070947973,0.5803740962685806,0.9864734339561273,0.9821483673356698,0.9776710668207241
4,33411072.0,275124736.0,1199570944.0,55,1271.0,17.24,81.0,0.0,2.43e-07,2697196.0,10.115430116653442,1.49560546875,10036776.0,16094848.0,0.7815145434734827,0.9620874485221482,0.9620874485221482,866914.0,1829552.0,0.9269446131586535,0.6276936380467609,0.7505452867085861,0.9492397019868395,0.9752877495408111,0.9752877495408111,0.5877413374061544,35080334.0,2608322.0,34213420.0,0.7500978711863014,0.5264677026299964,0.5264677026299964,439291.0,383630.0,0.35728277118163543,0.5161096898655174,0.9886420967062155,0.5438878498894882,0.5101288210288732,0.5101288210288732,0.9900669213437296,896748.0,38237830.0,457457.0,0.9620874485221482,0.5264677026299964,0.37740357158464016,0.572025172025172,0.4919654820799362,0.48041111522524016,0.6399925621484004,0.37740357158464016,0.37740357158464016,1494466.0,571393.0,0.23259238401825857,0.3680668177394195,0.9610010543394105,0.5228574458615267,0.29526399082525545,0.29526399082525545,0.9847211334715454,2120604.0,36826211.0,626138.0,0.9620874485221482,0.5264677026299964,0.37740357158464016,0.572025172025172,0.8578373609728697,0.9269446131586535,0.35728277118163543,0.23259238401825857,0.4005849128562199,0.3301533560187046,0.3161454522592463,0.7795033692737902,0.572025172025172,0.572025172025172,603344.0,619440.0,0.4005849128562199,0.5559837980116157,0.9841565438838031,0.5688206607462805,0.575265993768488,0.575265993768488,0.9837407447790923,1420522.0,37478246.0,817178.0,0.5928219589427929,0.5889866387908569,0.4793511703036919,0.9138621113588956,0.9492397019868395,0.5438878498894882,0.5228574458615267,0.5688206607462805,0.5451886521657651,0.9752877495408111,0.5101288210288732,0.29526399082525545,0.575265993768488,0.4602196018742055,0.5877413374061544,0.9900669213437296,0.9847211334715454,0.9837407447790923,0.8009131547544381,0.9589773565594921,0.9589773565594921,156377.0,221195.0,0.9211877979811642,0.6322692704338503,0.7119810660478137,0.9522711010952002,0.965778737942562,0.965778737942562,0.6360475715663142,4569586.0,386563.0,4413209.0,0.8363724526178855,0.5377371759708568,0.5377371759708568,34037.0,97425.0,0.36774317662618733,0.5396727312354337,0.9931973020248405,0.43972557048214944,0.691972850678733,0.691972850678733,0.9807720545570379,110500.0,4969419.0,76463.0,0.9589773565594921,0.5377371759708568,0.27352580960164485,0.4540349072002076,0.4217659642575698,0.4077333931231305,0.604251496231164,0.27352580960164485,0.27352580960164485,193006.0,117221.0,0.15843029170249764,0.24756873316058534,0.9614120819613889,0.3325418652454405,0.2322996881563037,0.2322996881563037,0.9762033043060243,251408.0,4808715.0,58402.0,0.9589773565594921,0.5377371759708568,0.27352580960164485,0.4540349072002076,0.8425395109860563,0.9211877979811642,0.36774317662618733,0.15843029170249764,0.2936902710901032,0.27328791313959605,0.25607105704670513,0.6933140538376044,0.4540349072002076,0.4540349072002076,146126.0,93705.0,0.2936902710901032,0.4335824329160093,0.9706804791012688,0.5155586804460551,0.40562944885092533,0.40562944885092533,0.9809986588242833,245850.0,4837789.0,99724.0,0.623812428003625,0.5739201814071311,0.4352628843499881,0.8977185985710048,0.9522711010952002,0.43972557048214944,0.3325418652454405,0.5155586804460551,0.4292753720578817,0.965778737942562,0.691972850678733,0.2322996881563037,0.40562944885092533,0.44330066256198736,0.6360475715663142,0.9807720545570379,0.9762033043060243,0.9809986588242833
4,33411072.0,275124736.0,1199570944.0,56,1271.0,17.95,81.0,27.0,7.29e-08,2697196.0,10.02277398109436,1.57958984375,10052020.0,16094848.0,0.7779861159140099,0.9615362358079528,0.9615362358079528,876830.0,1859615.0,0.925921798105352,0.6214571411803034,0.7462207196399282,0.9484344379641706,0.9750050840450949,0.9750050840450949,0.5809671477829249,35080334.0,2578259.0,34203504.0,0.7610940541805543,0.5424116796285616,0.5424116796285616,419522.0,385671.0,0.3721295458036726,0.5320990262465601,0.9891471058142567,0.553050943507742,0.5321740332847132,0.5321740332847132,0.9900140750763954,896748.0,38235789.0,477226.0,0.9615362358079528,0.5424116796285616,0.37909299679610226,0.5741894091081572,0.49856469517760704,0.4856586810301784,0.6399093026279228,0.37909299679610226,0.37909299679610226,1496039.0,549880.0,0.2338770799600372,0.3713338646210716,0.9609835111905944,0.5317958695383777,0.294522221027594,0.294522221027594,0.9852963842282516,2120604.0,36847724.0,624565.0,0.9615362358079528,0.5424116796285616,0.37909299679610226,0.5741894091081572,0.857411668786973,0.925921798105352,0.3721295458036726,0.2338770799600372,0.4027108598968972,0.336239161886869,0.32070622055043907,0.7789017953250185,0.5741894091081572,0.5741894091081572,605670.0,602895.0,0.4027108598968972,0.558328893174419,0.9841033419516892,0.574751348442282,0.5736285675265853,0.5736285675265853,0.9841750231234516,1420522.0,37494791.0,814852.0,0.5927548525147572,0.5938324764709969,0.48365982094148974,0.9140127760853933,0.9484344379641706,0.553050943507742,0.5317958695383777,0.574751348442282,0.5531993871628006,0.9750050840450949,0.5321740332847132,0.294522221027594,0.5736285675265853,0.46677494061296415,0.5809671477829249,0.9900140750763954,0.9852963842282516,0.9841750231234516,0.7925900830593654,0.9592829101206353,0.9592829101206353,142669.0,233135.0,0.9217518569161107,0.6281018971211544,0.7242002582680575,0.949971588299873,0.9687785720632022,0.9687785720632022,0.6164015940555286,4569586.0,374623.0,4426917.0,0.8486395739426091,0.5581941876384987,0.5581941876384987,31405.0,93801.0,0.387149353160288,0.5609007491567433,0.993724582611309,0.4574715435868962,0.7157918552036199,0.7157918552036199,0.9814872926815983,110500.0,4973043.0,79095.0,0.9592829101206353,0.5581941876384987,0.29761757690370527,0.46157941521802165,0.4391303932534085,0.42457313008310743,0.6137225318086682,0.29761757690370527,0.29761757690370527,188772.0,106872.0,0.17482415987495814,0.2747200113628916,0.9623046761115979,0.3695164829978526,0.2491408387959015,0.2491408387959015,0.978304224821435,251408.0,4819064.0,62636.0,0.9592829101206353,0.5581941876384987,0.29761757690370527,0.46157941521802165,0.8445488815935145,0.9217518569161107,0.387149353160288,0.17482415987495814,0.30003460678045707,0.28733603993856777,0.2694971998957366,0.6895955479360654,0.46157941521802165,0.46157941521802165,148748.0,77786.0,0.30003460678045707,0.44638628972785366,0.9702650058291368,0.5552239147340012,0.3949644091925971,0.3949644091925971,0.9842266866795336,245850.0,4853708.0,97102.0,0.6196183600003207,0.5821689188138301,0.4459399941829535,0.9011860135235364,0.949971588299873,0.4574715435868962,0.3695164829978526,0.5552239147340012,0.46073731377291666,0.9687785720632022,0.7157918552036199,0.2491408387959015,0.3949644091925971,0.45329903439737285,0.6164015940555286,0.9814872926815983,0.978304224821435,0.9842266866795336
4,33411072.0,275124736.0,1199570944.0,57,1271.0,15.55,81.0,0.0,7.29e-08,2697196.0,9.825985670089722,1.56396484375,10040868.0,16094848.0,0.7776080028422532,0.9612808690800204,0.9612808690800204,893122.0,1860910.0,0.9254483146263293,0.619398115713875,0.7426225171364629,0.9483770610851794,0.9745406642935611,0.9745406642935611,0.5806753413909453,35080334.0,2576964.0,34187212.0,0.7553687171641192,0.531147179404388,0.531147179404388,429569.0,395205.0,0.3616068076779883,0.5205823381955881,0.988887340753621,0.5417296703092822,0.520970216827916,0.520970216827916,0.9897672175003224,896748.0,38226255.0,467179.0,0.9612808690800204,0.531147179404388,0.3482461206777013,0.5875275825923824,0.48897362755815726,0.4746088751081189,0.6279159515136419,0.3482461206777013,0.3482461206777013,1542980.0,619104.0,0.21083414728868916,0.33642442273406414,0.9597358974653379,0.48266941192986207,0.272386546474495,0.272386546474495,0.9834453565527888,2120604.0,36778500.0,577624.0,0.9612808690800204,0.531147179404388,0.3482461206777013,0.5875275825923824,0.855992198738311,0.9254483146263293,0.3616068076779883,0.21083414728868916,0.4159568536359113,0.32946593620086295,0.3111391349820256,0.7851752401930001,0.5875275825923824,0.5875275825923824,588731.0,579183.0,0.4159568536359113,0.572205296992323,0.9845506761262179,0.5895154694558511,0.585553057256417,0.585553057256417,0.9847974231295833,1420522.0,37518503.0,831791.0,0.594578359554063,0.5883626212130972,0.47846153080722953,0.9125870788473,0.9483770610851794,0.5417296703092822,0.48266941192986207,0.5895154694558511,0.5379715172316651,0.9745406642935611,0.520970216827916,0.272386546474495,0.585553057256417,0.4596366068529427,0.5806753413909453,0.9897672175003224,0.9834453565527888,0.9847974231295833,0.8083742269947853,0.9597284714454886,0.9597284714454886,158339.0,211865.0,0.9225749673059496,0.6420943274430333,0.7143091701670059,0.9541726438814374,0.9653493773834216,0.9653493773834216,0.6513990766061492,4569586.0,395893.0,4411247.0,0.8162284007818716,0.5241664418569043,0.5241664418569043,38609.0,91915.0,0.35516636612899244,0.5222082334405916,0.9922990510892707,0.43887891774416077,0.6505972850678733,0.6505972850678733,0.98185951649587,110500.0,4974929.0,71891.0,0.9597284714454886,0.5241664418569043,0.2619028138492719,0.4429330277643089,0.409667427823495,0.39546467697656607,0.5991924930987812,0.2619028138492719,0.2619028138492719,195390.0,120351.0,0.15068364182171784,0.2350738188706976,0.9609296187243488,0.3176181755297133,0.22281709412588302,0.22281709412588302,0.9755678920716794,251408.0,4805585.0,56018.0,0.9597284714454886,0.5241664418569043,0.2619028138492719,0.4429330277643089,0.8426812362804795,0.9225749673059496,0.35516636612899244,0.15068364182171784,0.28446626616729925,0.26343875803933653,0.2464667940319257,0.6957704669852643,0.4429330277643089,0.4429330277643089,143996.0,112203.0,0.28446626616729925,0.4182655748233914,0.9709877748355072,0.4758265321853525,0.4142932682529998,0.4142932682529998,0.977247665717529,245850.0,4819291.0,101854.0,0.6280791563323781,0.5632642562075445,0.42822281035598975,0.8964075016070016,0.9541726438814374,0.43887891774416077,0.3176181755297133,0.4758265321853525,0.41077454181974216,0.9653493773834216,0.6505972850678733,0.22281709412588302,0.4142932682529998,0.429235882482252,0.6513990766061492,0.98185951649587,0.9755678920716794,0.977247665717529
4,33411072.0,275124736.0,1199570944.0,58,1271.0,18.12,81.0,25.0,7.29e-08,2697196.0,11.039549112319946,1.4765625,9988640.0,16094848.0,0.7768906677369685,0.9611048333697261,0.9611048333697261,900101.0,1866394.0,0.9251220568165062,0.6176773698882213,0.7407230308035445,0.9482227837850127,0.9743417209197609,0.9743417209197609,0.5794396145541761,35080334.0,2571480.0,34180233.0,0.7418822558853289,0.508657794999759,0.508657794999759,453586.0,402566.0,0.34107382818933685,0.49781409806968463,0.9882710909670133,0.5240006243142004,0.4941878877901038,0.4941878877901038,0.9895766239805538,896748.0,38218894.0,443162.0,0.9611048333697261,0.508657794999759,0.3308496383917701,0.555300376249236,0.4649359365469217,0.45039866842911425,0.6212060875189003,0.3308496383917701,0.3308496383917701,1568987.0,662327.0,0.19821440057263368,0.31657981302289945,0.9590388422552644,0.4544006972315033,0.2601225877155754,0.2601225877155754,0.9822895873222253,2120604.0,36735277.0,551617.0,0.9611048333697261,0.508657794999759,0.3308496383917701,0.555300376249236,0.8534240588822296,0.9251220568165062,0.34107382818933685,0.19821440057263368,0.3843708180718923,0.3078863489446209,0.2906545440126392,0.7685995049066983,0.555300376249236,0.555300376249236,634097.0,625484.0,0.3843708180718923,0.5387741443822593,0.9833597852155624,0.5569941122267795,0.5536169098401855,0.5536169098401855,0.983582099973211,1420522.0,37472202.0,786425.0,0.6019624612026943,0.5705672765664065,0.46219527591259224,0.9099966526822268,0.9482227837850127,0.5240006243142004,0.4544006972315033,0.5569941122267795,0.511798477924161,0.9743417209197609,0.4941878877901038,0.2601225877155754,0.5536169098401855,0.4359757951152883,0.5794396145541761,0.9895766239805538,0.9822895873222253,0.983582099973211,0.8145747514542951,0.9597284534819006,0.9597284534819006,166265.0,203274.0,0.9225749341065944,0.6466138936395233,0.7086898093557764,0.9558732643091047,0.9636148657668332,0.9636148657668332,0.6655346371417571,4569586.0,404484.0,4403321.0,0.77005140361883,0.49318415637860086,0.49318415637860086,49140.0,76972.0,0.3273022104634292,0.48405233107835477,0.9902480883157254,0.443570540438944,0.5552941176470588,0.5552941176470588,0.9848086895906012,110500.0,4989872.0,61360.0,0.9597284534819006,0.49318415637860086,0.23973870722040766,0.504740306432878,0.4125543900106288,0.41521009209109494,0.5832503619692238,0.23973870722040766,0.23973870722040766,204982.0,89471.0,0.13619495480801105,0.2238553702562994,0.9593406416848179,0.34162637880159236,0.18466397250684147,0.18466397250684147,0.9818367514316061,251408.0,4836465.0,46426.0,0.9597284534819006,0.49318415637860086,0.23973870722040766,0.504740306432878,0.8439041518867748,0.9225749341065944,0.3273022104634292,0.13619495480801105,0.33756029712053504,0.2670191541306584,0.26199693096162846,0.7621910920089916,0.504740306432878,0.504740306432878,108972.0,159642.0,0.33756029712053504,0.479953009700359,0.9776734420253629,0.461614730878187,0.5567541183648567,0.5567541183648567,0.9676280656531266,245850.0,4771852.0,136878.0,0.6258930910991717,0.5650817685713975,0.43090809912464245,0.8977547174767603,0.9558732643091047,0.443570540438944,0.34162637880159236,0.461614730878187,0.4156038833729078,0.9636148657668332,0.5552941176470588,0.18466397250684147,0.5567541183648567,0.4322374028395856,0.6655346371417571,0.9848086895906012,0.9818367514316061,0.9676280656531266
4,33411072.0,275124736.0,1199570944.0,59,1271.0,17.77,81.0,0.0,7.29e-08,2697196.0,10.673317670822144,1.71728515625,10056884.0,16094848.0,0.7796693747014523,0.9618381368411065,0.9618381368411065,869074.0,1845656.0,0.9264818627747015,0.6247134297931672,0.7489163006183818,0.9488127048913446,0.975226176580873,0.975226176580873,0.5841125728220314,35080334.0,2592218.0,34211260.0,0.7520045938392286,0.5318695959886346,0.5318695959886346,436075.0,374857.0,0.36227680765646564,0.5217334901698346,0.9887268663250254,0.5513542302490635,0.5137151128299143,0.5137151128299143,0.9902940748485427,896748.0,38246603.0,460673.0,0.9618381368411065,0.5318695959886346,0.3702676348238381,0.5653723309346075,0.4891698539156934,0.4751970018100645,0.6381996529560223,0.3702676348238381,0.3702676348238381,1499767.0,612009.0,0.22719536209481547,0.35827609450147846,0.960826620889728,0.5035803336345335,0.29276423132277407,0.29276423132277407,0.9836350745892705,2120604.0,36785595.0,620837.0,0.9618381368411065,0.5318695959886346,0.3702676348238381,0.5653723309346075,0.8570168216155046,0.9264818627747015,0.36227680765646564,0.22719536209481547,0.394089939240421,0.32785403633056737,0.31164485010467696,0.7720964027082697,0.5653723309346075,0.5653723309346075,625202.0,597596.0,0.394089939240421,0.5493599869898405,0.9836013846136575,0.570974847011593,0.5598786924806515,0.5598786924806515,0.984314112935888,1420522.0,37500090.0,795320.0,0.5947342274793938,0.5853960533035532,0.47751099294160093,0.9132015803955483,0.9488127048913446,0.5513542302490635,0.5035803336345335,0.570974847011593,0.54196980363173,0.975226176580873,0.5137151128299143,0.29276423132277407,0.5598786924806515,0.45545267887777996,0.5841125728220314,0.9902940748485427,0.9836350745892705,0.984314112935888,0.7887623083755515,0.9612473218348798,0.9612473218348798,117855.0,241088.0,0.9253861309246896,0.6382624180353436,0.7567617769980909,0.9486261882250306,0.9742088232938388,0.9742088232938388,0.6033157934572643,4569586.0,366670.0,4451731.0,0.7615399701127155,0.4726495421430639,0.4726495421430639,50910.0,82063.0,0.3094571646681865,0.46342082519304867,0.9898901660169379,0.42067587696695447,0.5392760180995475,0.5392760180995475,0.9838039221258835,110500.0,4984781.0,59590.0,0.9612473218348798,0.4726495421430639,0.25749502423255216,0.47835290548540976,0.40283249062034193,0.3964741738175912,0.5923028975886654,0.25749502423255216,0.25749502423255216,200111.0,95726.0,0.14777290613999206,0.23888493893906462,0.9602190396994545,0.3489045931588935,0.20403885317889645,0.20403885317889645,0.9805669419984344,251408.0,4830210.0,51297.0,0.9612473218348798,0.4726495421430639,0.25749502423255216,0.47835290548540976,0.8454652621799528,0.9253861309246896,0.3094571646681865,0.14777290613999206,0.314365208076059,0.2571984262947458,0.2472515049922809,0.7057087775776194,0.47835290548540976,0.47835290548540976,140206.0,90205.0,0.314365208076059,0.4586344267702194,0.9718546340004356,0.5394155701586426,0.42970917225950783,0.42970917225950783,0.981708382895731,245850.0,4841289.0,105644.0,0.6223841784875604,0.5368082167079476,0.42424535245223177,0.9016712043858781,0.9486261882250306,0.42067587696695447,0.3489045931588935,0.5394155701586426,0.4363320134281636,0.9742088232938388,0.5392760180995475,0.20403885317889645,0.42970917225950783,0.3910080145126506,0.6033157934572643,0.9838039221258835,0.9805669419984344,0.981708382895731
4,33411072.0,275124736.0,1199570944.0,60,1271.0,18.75,81.0,17.0,2.187e-08,2697196.0,12.065939664840698,1.5576171875,9931120.0,16094848.0,0.7781971525753799,0.9613377999102557,0.9613377999102557,894188.0,1855546.0,0.9255538517019224,0.6201936539792677,0.7427919215674543,0.9485166789616869,0.9745102768975917,0.9745102768975917,0.5818840282531681,35080334.0,2582328.0,34186146.0,0.7637937284965217,0.536054494261352,0.536054494261352,413835.0,422070.0,0.36617107136845267,0.5252375484560136,0.989282557983696,0.5336155485793656,0.5385158372251736,0.5385158372251736,0.98907161976787,896748.0,38199390.0,482913.0,0.9613377999102557,0.536054494261352,0.3423693512414278,0.5848580374974025,0.4877606276667274,0.47345025959044224,0.624204720047481,0.3423693512414278,0.3423693512414278,1560226.0,592547.0,0.20654139780646194,0.3326212888672006,0.9593323474246235,0.4860489624216666,0.26425395783465466,0.26425395783465466,0.9841554822603074,2120604.0,36805057.0,560378.0,0.9613377999102557,0.536054494261352,0.3423693512414278,0.5848580374974025,0.8558630865396435,0.9255538517019224,0.36617107136845267,0.20654139780646194,0.41328577131803396,0.3286660801643162,0.3101440110712805,0.7845102291686491,0.5848580374974025,0.5848580374974025,590278.0,588364.0,0.41328577131803396,0.5693898902855095,0.9845069764511963,0.5852525856332405,0.5844640209725721,0.5844640209725721,0.9845564373647261,1420522.0,37509322.0,830244.0,0.5926322955792619,0.590436023232498,0.47788802304871775,0.9124826965838128,0.9485166789616869,0.5336155485793656,0.4860489624216666,0.5852525856332405,0.5349723655447575,0.9745102768975917,0.5385158372251736,0.26425395783465466,0.5844640209725721,0.4624112720108002,0.5818840282531681,0.98907161976787,0.9841554822603074,0.9845564373647261,0.7705597539701343,0.959379180504573,0.959379180504573,113558.0,263785.0,0.9219296428931278,0.6136550353010489,0.7518026100963651,0.9441111332165066,0.9751491710627614,0.9751491710627614,0.5659703368775072,4569586.0,343973.0,4456028.0,0.7818025556733521,0.5142850243684526,0.5142850243684526,46606.0,74083.0,0.3461532210441915,0.5057471986711239,0.9907516162248156,0.46307717952992167,0.5782262443438914,0.5782262443438914,0.9853788670028127,110500.0,4992761.0,63894.0,0.959379180504573,0.5142850243684526,0.21675631295853814,0.4379532967032967,0.3896648780100958,0.3768517275593759,0.5730353512605973,0.21675631295853814,0.21675631295853814,210223.0,87419.0,0.1215517063280081,0.2017336311149607,0.9583612941050639,0.3202466486267923,0.16381738051295106,0.16381738051295106,0.9822533220082437,251408.0,4838517.0,41185.0,0.959379180504573,0.5142850243684526,0.21675631295853814,0.4379532967032967,0.8403102270301989,0.9219296428931278,0.3461532210441915,0.1215517063280081,0.280371448420201,0.2493587919308002,0.23217332264582835,0.6848646630254989,0.4379532967032967,0.4379532967032967,150201.0,95301.0,0.280371448420201,0.4172104069456394,0.9698778315552281,0.5009112333071485,0.38905430140329467,0.38905430140329467,0.9806750246477031,245850.0,4836193.0,95649.0,0.6269157815583145,0.5265617743307246,0.41750150467138214,0.8994488293611551,0.9441111332165066,0.46307717952992167,0.3202466486267923,0.5009112333071485,0.4280783538212875,0.9751491710627614,0.5782262443438914,0.16381738051295106,0.38905430140329467,0.37703264208671233,0.5659703368775072,0.9853788670028127,0.9822533220082437,0.9806750246477031
4,33411072.0,275124736.0,1199570944.0,61,1271.0,17.46,82.0,4.0,2.187e-08,2697196.0,11.068305492401123,1.54541015625,10123564.0,16094848.0,0.7850147752407943,0.9629464029206778,0.9629464029206778,832851.0,1802794.0,0.9285406324539502,0.6361026235977265,0.7598421075851856,0.9499922289085324,0.9762587494178362,0.9762587494178362,0.5937708010637526,35080334.0,2635080.0,34247483.0,0.768093845578672,0.5536230081792539,0.5536230081792539,407038.0,382652.0,0.38276535876191964,0.5434587841424674,0.9894674837756172,0.561360994632962,0.5460954471044263,0.5460954471044263,0.9900922440529177,896748.0,38238808.0,489710.0,0.9629464029206778,0.5536230081792539,0.3847401893995927,0.5863832845599428,0.5082488273795965,0.4942881844416856,0.6432052434283055,0.3847401893995927,0.3847401893995927,1481292.0,563428.0,0.23819090085364109,0.3757228849045549,0.9613395822282531,0.5315463026090427,0.3014763718261401,0.3014763718261401,0.9849341150304709,2120604.0,36834176.0,639312.0,0.9629464029206778,0.5536230081792539,0.3847401893995927,0.5863832845599428,0.8606441829630385,0.9285406324539502,0.38276535876191964,0.23819090085364109,0.41481066130248934,0.3452556403060167,0.3282754238455681,0.7828795323705147,0.5863832845599428,0.5863832845599428,595671.0,567978.0,0.41481066130248934,0.5711482060334141,0.9843759979408991,0.5922126836819165,0.5806675292603705,0.5806675292603705,0.9850915354806589,1420522.0,37529708.0,824851.0,0.5882531335302451,0.6011245244021932,0.4910768883430001,0.9160677528697657,0.9499922289085324,0.561360994632962,0.5315463026090427,0.5922126836819165,0.5617066603079737,0.9762587494178362,0.5460954471044263,0.3014763718261401,0.5806675292603705,0.4760797827303123,0.5937708010637526,0.9900922440529177,0.9849341150304709,0.9850915354806589,0.8084682608554319,0.9610217188014202,0.9610217188014202,145412.0,213470.0,0.9249680538969228,0.6498592984395595,0.7305688345377062,0.9539701624359265,0.9681782988655865,0.9681782988655865,0.6487582228452772,4569586.0,394288.0,4424174.0,0.8125476241529928,0.5063176895306859,0.5063176895306859,39253.0,99685.0,0.33897280966767374,0.5056163658381491,0.9921594547152731,0.4168148737509653,0.6447692307692308,0.6447692307692308,0.9803260175367546,110500.0,4967159.0,71247.0,0.9610217188014202,0.5063176895306859,0.2938738170795582,0.49211971635932916,0.4307704076565244,0.4227030531836459,0.6122867648822239,0.2938738170795582,0.2938738170795582,189409.0,108536.0,0.17224623830373614,0.2704613548870857,0.9621697172790095,0.36355586829683056,0.24660710876344427,0.24660710876344427,0.9779664210010036,251408.0,4817400.0,61999.0,0.9610217188014202,0.5063176895306859,0.2938738170795582,0.49211971635932916,0.8474844519632724,0.9249680538969228,0.33897280966767374,0.17224623830373614,0.32636524377859816,0.27919476391666936,0.26799205694072875,0.7132112533491793,0.49211971635932916,0.49211971635932916,136579.0,88962.0,0.32636524377859816,0.4726074885415192,0.9725696012802285,0.5512250735245897,0.44446207036811064,0.44446207036811064,0.981960436330248,245850.0,4842532.0,109271.0,0.6202994834018659,0.576004177191593,0.44063808641173274,0.9013677669476859,0.9539701624359265,0.4168148737509653,0.36355586829683056,0.5512250735245897,0.4438652718574619,0.9681782988655865,0.6447692307692308,0.24660710876344427,0.44446207036811064,0.4452794699669285,0.6487582228452772,0.9803260175367546,0.9779664210010036,0.981960436330248
4,33411072.0,275124736.0,1199570944.0,62,1271.0,18.73,81.0,25.0,2.187e-08,2697196.0,10.195640802383423,1.4609375,10026636.0,16094848.0,0.7769927382203414,0.9612044285178754,0.9612044285178754,893327.0,1866345.0,0.9253066290477691,0.6184467384028758,0.7421748551743564,0.9482338008404877,0.974534820563567,0.974534820563567,0.579450655877116,35080334.0,2571529.0,34187007.0,0.7581776759108245,0.5343018526835459,0.5343018526835459,424446.0,398872.0,0.36453744153378304,0.5237061781940153,0.989017371941143,0.5421442788696632,0.5266830815346117,0.5266830815346117,0.9896722702870373,896748.0,38222588.0,472302.0,0.9612044285178754,0.5343018526835459,0.34592295718890564,0.5897035631492132,0.48997612434055493,0.476634023938563,0.6253599513685003,0.34592295718890564,0.34592295718890564,1556120.0,578552.0,0.20913352173790623,0.33712065819978104,0.9594498234431367,0.4938462130676549,0.2661901986415191,0.2661901986415191,0.9845297040954816,2120604.0,36819052.0,564484.0,0.9612044285178754,0.5343018526835459,0.34592295718890564,0.5897035631492132,0.8559202001244034,0.9253066290477691,0.36453744153378304,0.20913352173790623,0.41814156778700373,0.3306041770195643,0.3128821513861489,0.7900501364227376,0.5897035631492132,0.5897035631492132,573953.0,604077.0,0.41814156778700373,0.5742726013996984,0.9849227801874992,0.5835806943940838,0.595956275228402,0.595956275228402,0.9841439976170732,1420522.0,37493609.0,846569.0,0.5906879241589092,0.590841093992025,0.47927979002661547,0.912752977058069,0.9482338008404877,0.5421442788696632,0.4938462130676549,0.5835806943940838,0.5398570621104674,0.974534820563567,0.5266830815346117,0.2661901986415191,0.595956275228402,0.4629431851348443,0.579450655877116,0.9896722702870373,0.9845297040954816,0.9841439976170732,0.7927376597354077,0.9601586010344524,0.9601586010344524,133997.0,234109.0,0.9233702389514739,0.6337055057555695,0.7360424390224685,0.949866351100221,0.9706763369810745,0.9706763369810745,0.614798982489741,4569586.0,373649.0,4435589.0,0.7607887150622745,0.4938724057903261,0.4938724057903261,51341.0,69913.0,0.32790874271809684,0.48348310522269183,0.9898299853890599,0.4583410809470683,0.5353755656108597,0.5353755656108597,0.9862018645136894,110500.0,4996931.0,59159.0,0.9601586010344524,0.4938724057903261,0.242887320550502,0.4857269247623576,0.4074955503677286,0.4016248821054972,0.5855953107697424,0.242887320550502,0.242887320550502,203519.0,95034.0,0.13823093042991325,0.22458878767565502,0.9595744972460587,0.33506853340609977,0.19048319862534208,0.19048319862534208,0.9807074229141426,251408.0,4830902.0,47889.0,0.9601586010344524,0.4938724057903261,0.242887320550502,0.4857269247623576,0.8439204062806196,0.9233702389514739,0.32790874271809684,0.13823093042991325,0.32076574080677633,0.26230180465159547,0.2512707296360738,0.7257898009692605,0.4857269247623576,0.4857269247623576,128911.0,118712.0,0.32076574080677633,0.4607720771758148,0.9739135960084935,0.49623808089080884,0.4756518202155786,0.4756518202155786,0.9759277817229424,245850.0,4812782.0,116939.0,0.6221353404129608,0.5430467303582137,0.4275689132265651,0.8999935101859177,0.949866351100221,0.4583410809470683,0.33506853340609977,0.49623808089080884,0.4298825650813256,0.9706763369810745,0.5353755656108597,0.19048319862534208,0.4756518202155786,0.40050352815059354,0.614798982489741,0.9862018645136894,0.9807074229141426,0.9759277817229424
4,33411072.0,275124736.0,1199570944.0,63,1271.0,17.04,81.0,0.0,2.187e-08,2697196.0,10.828734159469604,1.3583984375,10105168.0,16094848.0,0.7764276414578891,0.9613161443062694,0.9613161443062694,879404.0,1873122.0,0.9255137056734287,0.6188593216659782,0.7446677792759677,0.9480756417382777,0.9749317096011686,0.9749317096011686,0.5779235733146096,35080334.0,2564752.0,34200930.0,0.7608921704856115,0.537305098360628,0.537305098360628,419494.0,402471.0,0.367339147595594,0.526692450216288,0.9891431037807566,0.5425036232913695,0.5322052572183044,0.5322052572183044,0.9895790837529187,896748.0,38218989.0,477254.0,0.9613161443062694,0.537305098360628,0.3406886016035091,0.5739869844109046,0.48399356145834727,0.4687668024607874,0.6235785249439362,0.3406886016035091,0.3406886016035091,1562630.0,596988.0,0.20531926794014702,0.33066114029063143,0.9592675239212031,0.4831102668312897,0.2631203185507525,0.2631203185507525,0.9840367313371199,2120604.0,36800616.0,557974.0,0.9613161443062694,0.537305098360628,0.3406886016035091,0.5739869844109046,0.8554010902912401,0.9255137056734287,0.367339147595594,0.20531926794014702,0.40251174297577264,0.32505671950383785,0.30613678126501237,0.7780381559767435,0.5739869844109046,0.5739869844109046,608333.0,597280.0,0.40251174297577264,0.5581714550353593,0.984036916046999,0.5762375759949314,0.5717539045505807,0.5717539045505807,0.9843224074029063,1420522.0,37500406.0,812189.0,0.5961640712435962,0.5855027974802015,0.4751709660462356,0.9121958920809364,0.9480756417382777,0.5425036232913695,0.4831102668312897,0.5762375759949314,0.5339504887058636,0.9749317096011686,0.5322052572183044,0.2631203185507525,0.5717539045505807,0.4556931601065459,0.5779235733146096,0.9895790837529187,0.9840367313371199,0.9843224074029063,0.8002231045835366,0.9597742099943419,0.9597742099943419,147458.0,223220.0,0.9226595025961827,0.6365236822838296,0.7228212242197309,0.9519476258829264,0.9677305558971863,0.9677305558971863,0.632715653269887,4569586.0,384538.0,4422128.0,0.7968181899773065,0.5382414693956052,0.5382414693956052,43335.0,71907.0,0.3682150356071861,0.5306519427794876,0.9913988367440265,0.48295127703635526,0.6078280542986425,0.6078280542986425,0.9858083256559704,110500.0,4994937.0,67165.0,0.9597742099943419,0.5382414693956052,0.27555823836668725,0.48308910659745985,0.4322962714532508,0.42035737536345563,0.6021401476841147,0.27555823836668725,0.27555823836668725,194802.0,102832.0,0.15979561878952123,0.2541576735672266,0.9611786271006272,0.35503455888809443,0.22515592184815122,0.22515592184815122,0.9791243735200782,251408.0,4823104.0,56606.0,0.9597742099943419,0.5382414693956052,0.27555823836668725,0.48308910659745985,0.8450914618910657,0.9226595025961827,0.3682150356071861,0.15979561878952123,0.3184690074404148,0.28215988727904073,0.26610916216582503,0.7235368052765363,0.48308910659745985,0.48308910659745985,130069.0,117705.0,0.3184690074404148,0.4581840636643117,0.9736907896626481,0.49587983861987445,0.4709416310758593,0.4709416310758593,0.9761319794772132,245850.0,4813789.0,115781.0,0.6210464903070957,0.5679140407799598,0.4422847911083262,0.9003998961629747,0.9519476258829264,0.48295127703635526,0.35503455888809443,0.49587983861987445,0.44462189151477477,0.9677305558971863,0.6078280542986425,0.22515592184815122,0.4709416310758593,0.4346418690742177,0.632715653269887,0.9858083256559704,0.9791243735200782,0.9761319794772132
4,33411072.0,275124736.0,1199570944.0,64,1271.0,17.74,82.0,27.0,6.561e-09,2697196.0,9.71969747543335,1.45068359375,10035120.0,16094848.0,0.7775107729360788,0.9610616410871712,0.9610616410871712,909216.0,1859737.0,0.925042022794163,0.6177943715180012,0.7392819138183029,0.9483848773502599,0.9740818887300218,0.9740818887300218,0.580939657142136,35080334.0,2578137.0,34171118.0,0.7573793197520455,0.5332008436310104,0.5332008436310104,425885.0,398564.0,0.36351319218844574,0.5225991927775211,0.9889806356376415,0.5415785339079646,0.5250783943761235,0.5250783943761235,0.9896802451279677,896748.0,38222896.0,470863.0,0.9610616410871712,0.5332008436310104,0.35664287455045834,0.5785516064624583,0.48946510821464234,0.47584075509761425,0.6310730988201582,0.35664287455045834,0.35664287455045834,1530849.0,596899.0,0.2170209195721219,0.3461425376568764,0.9600629549222033,0.49698985550969366,0.27810708647159016,0.27810708647159016,0.9840391111687262,2120604.0,36800705.0,589755.0,0.9610616410871712,0.5332008436310104,0.35664287455045834,0.5785516064624583,0.8556853800591016,0.925042022794163,0.36351319218844574,0.2170209195721219,0.4070155547628598,0.32918322217447576,0.31219884450334406,0.7824129715894128,0.5785516064624583,0.5785516064624583,595567.0,606317.0,0.4070155547628598,0.5627802027464944,0.9843629584695393,0.5763789133022933,0.5807407417836542,0.5807407417836542,0.9840852013951713,1420522.0,37491369.0,824955.0,0.5951124904167593,0.5895020278403474,0.4781479223293976,0.9124070352582789,0.9483848773502599,0.5415785339079646,0.49698985550969366,0.5763789133022933,0.5383157675733171,0.9740818887300218,0.5250783943761235,0.27810708647159016,0.5807407417836542,0.4613087408771226,0.580939657142136,0.9896802451279677,0.9840391111687262,0.9840852013951713,0.7958503941324411,0.9595878257430688,0.9595878257430688,143752.0,229028.0,0.9223150684760224,0.6322907753855045,0.7248670767605391,0.9507981117377916,0.9685415702866736,0.9685415702866736,0.6231592179782084,4569586.0,378730.0,4425834.0,0.827038999081567,0.5465632991149398,0.5465632991149398,36333.0,86727.0,0.37604891825155784,0.5447676098128172,0.9927572287175194,0.4609680907926958,0.6711945701357466,0.6711945701357466,0.9828834280273875,110500.0,4980117.0,74167.0,0.9595878257430688,0.5465632991149398,0.2716706322358969,0.5047662748088644,0.44100006871990033,0.43341237259343146,0.5975155861164363,0.2716706322358969,0.2716706322358969,197801.0,89632.0,0.15718684025334273,0.2555913695660827,0.9607078120142508,0.37424863340291403,0.21322710494495004,0.21322710494495004,0.9818040672879226,251408.0,4836304.0,53607.0,0.9595878257430688,0.5465632991149398,0.2716706322358969,0.5047662748088644,0.8457356453886588,0.9223150684760224,0.37604891825155784,0.15718684025334273,0.3375835271133548,0.29027309520608513,0.2766601529407778,0.7280073635535838,0.5047662748088644,0.5047662748088644,128694.0,101193.0,0.3375835271133548,0.48253718969775583,0.9740483706880124,0.5365538656004837,0.4765344722391702,0.4765344722391702,0.9794802548679974,245850.0,4830301.0,117156.0,0.6194531223441981,0.5823744294016351,0.4482835885235694,0.9021544637559336,0.9507981117377916,0.4609680907926958,0.37424863340291403,0.5365538656004837,0.45725686326536447,0.9685415702866736,0.6711945701357466,0.21322710494495004,0.4765344722391702,0.45365204910662227,0.6231592179782084,0.9828834280273875,0.9818040672879226,0.9794802548679974
4,33411072.0,275124736.0,1199570944.0,65,1271.0,17.14,82.0,0.0,6.561e-09,2697196.0,9.716660737991333,1.455078125,10118484.0,16094848.0,0.7815032496463794,0.9618722742049463,0.9618722742049463,883508.0,1827553.0,0.9265452124094777,0.6261576310971453,0.7471232850835001,0.9492689936445539,0.974814720977286,0.974814720977286,0.5881917783154726,35080334.0,2610321.0,34196826.0,0.764727858482706,0.5371664386947741,0.5371664386947741,412139.0,422959.0,0.3672095396932804,0.5263639127082426,0.9893257661618663,0.5339643971581193,0.5404071154884093,0.5404071154884093,0.9890486014770027,896748.0,38198501.0,484609.0,0.9618722742049463,0.5371664386947741,0.3617653466725772,0.5761841327384075,0.4917053060352529,0.4778466868968745,0.6332493525295075,0.3617653466725772,0.3617653466725772,1522003.0,590128.0,0.22082633030487706,0.35159192621020596,0.9602915813178676,0.5035638905082656,0.28227853951044135,0.28227853951044135,0.9842201655485736,2120604.0,36807476.0,598601.0,0.9618722742049463,0.5371664386947741,0.3617653466725772,0.5761841327384075,0.8572237466014085,0.9265452124094777,0.3672095396932804,0.22082633030487706,0.4046760160403151,0.3309039620128242,0.3139280930399292,0.7780743335792086,0.5761841327384075,0.5761841327384075,608663.0,585673.0,0.4046760160403151,0.5605353476744678,0.984033257962162,0.5809233706276493,0.571521595582469,0.571521595582469,0.9846270715759482,1420522.0,37512013.0,811859.0,0.5933812219112073,0.5922554928896514,0.47981427461198756,0.9132978651258681,0.9492689936445539,0.5339643971581193,0.5035638905082656,0.5809233706276493,0.5394838860980115,0.974814720977286,0.5404071154884093,0.28227853951044135,0.571521595582469,0.46473575019377317,0.5881917783154726,0.9890486014770027,0.9842201655485736,0.9846270715759482,0.8076263973868448,0.9599514462823396,0.9599514462823396,155136.0,213200.0,0.9229871459856243,0.6428603111586094,0.7177775271332778,0.9539291000831955,0.9660503161555555,0.9660503161555555,0.6492024786181342,4569586.0,394558.0,4414450.0,0.808369785697653,0.5364260772802273,0.5364260772802273,40601.0,80211.0,0.36651792502792185,0.5312297121403378,0.9919237895033333,0.46565185530610886,0.6325701357466064,0.6325701357466064,0.9841694356486996,110500.0,4986633.0,69899.0,0.9599514462823396,0.5364260772802273,0.28121644987399275,0.46957463243303915,0.42907238652908636,0.41262704630515995,0.6106478079545504,0.28121644987399275,0.28121644987399275,189198.0,128817.0,0.16361364981261095,0.2523303087959433,0.9620565639930233,0.32566077046700204,0.24744638197670718,0.24744638197670718,0.9738492339323938,251408.0,4797119.0,62210.0,0.9599514462823396,0.5364260772802273,0.28121644987399275,0.46957463243303915,0.8449769569411306,0.9229871459856243,0.36651792502792185,0.16361364981261095,0.3068262212482529,0.27898593202959526,0.25994335190398127,0.7066515555274926,0.46957463243303915,0.46957463243303915,139161.0,101868.0,0.3068262212482529,0.44704934167848853,0.971992963272525,0.5115579913404968,0.43395973154362416,0.43395973154362416,0.9793433795113611,245850.0,4829626.0,106689.0,0.6222491611408282,0.5700066413556233,0.43998623551860244,0.8987712618670886,0.9539291000831955,0.46565185530610886,0.32566077046700204,0.5115579913404968,0.4342902057045359,0.9660503161555555,0.6325701357466064,0.24744638197670718,0.43395973154362416,0.4379920830889792,0.6492024786181342,0.9841694356486996,0.9738492339323938,0.9793433795113611
4,33411072.0,275124736.0,1199570944.0,66,1271.0,17.44,82.0,1.0,6.561e-09,2697196.0,9.636266231536865,1.384765625,9977692.0,16094848.0,0.7789776420647778,0.9617677949146228,0.9617677949146228,868091.0,1851920.0,0.9263513404841199,0.6237589846105717,0.7486740908123664,0.9486493004149299,0.9752541979788448,0.9752541979788448,0.5827010861507109,35080334.0,2585954.0,34212243.0,0.7472280055542259,0.5163043757130225,0.5163043757130225,443955.0,404436.0,0.3479853733215287,0.5054664815215435,0.9885167160407397,0.5282054153557567,0.5049278058049753,0.5049278058049753,0.9895282053034764,896748.0,38217024.0,452793.0,0.9617677949146228,0.5163043757130225,0.368438171290445,0.5648056790117342,0.4831827420050672,0.47163535256760747,0.6360627663022259,0.368438171290445,0.368438171290445,1510608.0,580653.0,0.2258193130087215,0.35873480387916074,0.9605868977985267,0.5123222712990982,0.28765200857868795,0.28765200857868795,0.9844735240257638,2120604.0,36816951.0,609996.0,0.9617677949146228,0.5163043757130225,0.368438171290445,0.5648056790117342,0.8564830290997806,0.9263513404841199,0.3479853733215287,0.2258193130087215,0.39353951639302237,0.3224480675744242,0.3085882373424044,0.7729977359239596,0.5648056790117342,0.5648056790117342,622257.0,607902.0,0.39353951639302237,0.5486719620845674,0.9836729552216844,0.5676886173548377,0.561951874029406,0.561951874029406,0.9840435978185131,1420522.0,37489784.0,798265.0,0.5949964205028604,0.5824464715979785,0.47342388580184813,0.9128272466200896,0.9486493004149299,0.5282054153557567,0.5123222712990982,0.5676886173548377,0.5360721013365642,0.9752541979788448,0.5049278058049753,0.28765200857868795,0.561951874029406,0.4515105628043565,0.5827010861507109,0.9895282053034764,0.9844735240257638,0.9840435978185131,0.7799988513373801,0.9596664497813343,0.9596664497813343,122698.0,251096.0,0.9224603489713696,0.621875364380751,0.7440378838451268,0.946552393537313,0.9731489898647273,0.9731489898647273,0.5868487128100329,4569586.0,356662.0,4446888.0,0.7656665641744216,0.47376223874700263,0.47376223874700263,49943.0,84586.0,0.31041181837753606,0.4652000608779344,0.9900753169438185,0.417223014544277,0.548027149321267,0.548027149321267,0.9833059790275761,110500.0,4982258.0,60557.0,0.9596664497813343,0.47376223874700263,0.24175173685893456,0.47955467463614254,0.39835621674735994,0.39541613697869044,0.5827210742467077,0.24175173685893456,0.24175173685893456,205667.0,81264.0,0.13749579165063486,0.2298843548352919,0.9592765950958936,0.36015117515058465,0.18193931776236238,0.18193931776236238,0.9835028307310529,251408.0,4844672.0,45741.0,0.9596664497813343,0.47376223874700263,0.24175173685893456,0.47955467463614254,0.8424535900498549,0.9224603489713696,0.31041181837753606,0.13749579165063486,0.31540409025979305,0.2544372334293213,0.2464290873735648,0.7109407898638511,0.47955467463614254,0.47955467463614254,137216.0,98578.0,0.31540409025979305,0.4577448971245576,0.9723918801351755,0.5242650039572998,0.4418710595891804,0.4418710595891804,0.980010520138522,245850.0,4832916.0,108634.0,0.623241927050337,0.5362466291343843,0.4214430123148334,0.9004269370549842,0.946552393537313,0.417223014544277,0.36015117515058465,0.5242650039572998,0.43387973121738715,0.9731489898647273,0.548027149321267,0.18193931776236238,0.4418710595891804,0.3906125088909366,0.5868487128100329,0.9833059790275761,0.9835028307310529,0.980010520138522
4,33411072.0,275124736.0,1199570944.0,67,1271.0,17.5,82.0,16.0,6.561e-09,2697196.0,10.77864933013916,1.39892578125,10086668.0,16094848.0,0.7756660079751424,0.9605851053783252,0.9605851053783252,928999.0,1873608.0,0.9241594577379594,0.6132183453206709,0.7340599696845215,0.9479913680918246,0.9735179545325879,0.9735179545325879,0.5778140614176969,35080334.0,2564266.0,34151335.0,0.7392716495074323,0.5052914977027437,0.5052914977027437,458324.0,400159.0,0.3380535381488418,0.4944890019484694,0.9881507641296936,0.5228152729067963,0.48890435217028644,0.48890435217028644,0.9896389468445781,896748.0,38221301.0,438424.0,0.9605851053783252,0.5052914977027437,0.35369317327798816,0.556833532453302,0.471939401144678,0.4603540550733003,0.6304488710980563,0.35369317327798816,0.35369317327798816,1532321.0,617629.0,0.21484037333565112,0.34181813481668855,0.9600044591428297,0.4878324454852427,0.27741294461389304,0.27741294461389304,0.9834847975822194,2120604.0,36779975.0,588283.0,0.9605851053783252,0.5052914977027437,0.35369317327798816,0.556833532453302,0.8534460619479389,0.9241594577379594,0.3380535381488418,0.21484037333565112,0.3858415123792946,0.31291180795459583,0.2989999464423732,0.772655481297521,0.556833532453302,0.556833532453302,621663.0,649911.0,0.3858415123792946,0.5401688731702333,0.9836702869109862,0.551404984918241,0.5623700301720072,0.5623700301720072,0.9829409324230348,1420522.0,37447775.0,798859.0,0.6002911963866124,0.5755513203721936,0.46572372040043675,0.9103879659725461,0.9479913680918246,0.5228152729067963,0.4878324454852427,0.551404984918241,0.52068423443676,0.9735179545325879,0.48890435217028644,0.27741294461389304,0.5623700301720072,0.44289577565206223,0.5778140614176969,0.9896389468445781,0.9834847975822194,0.9829409324230348,0.8132248308381563,0.9593924290555669,0.9593924290555669,167918.0,204695.0,0.9219541120432585,0.643724503183251,0.7059131564798128,0.9555625555345942,0.9632531262131843,0.9632531262131843,0.6631965354631284,4569586.0,403063.0,4401668.0,0.8341831011456395,0.5466523472131125,0.5466523472131125,34658.0,91136.0,0.3761332301771509,0.5467641521456384,0.9930827408616456,0.4542035477727605,0.6863529411764706,0.6863529411764706,0.9820132611148084,110500.0,4975708.0,75842.0,0.9593924290555669,0.5466523472131125,0.2867748156551333,0.4664513985550834,0.43329285380777643,0.4181468501508816,0.6128840604431034,0.2867748156551333,0.2867748156551333,188210.0,126144.0,0.16738886299105818,0.25852929255429324,0.9622674569897927,0.3337769749976233,0.2513762489658245,0.2513762489658245,0.9743918719203822,251408.0,4799792.0,63198.0,0.9593924290555669,0.5466523472131125,0.2867748156551333,0.4664513985550834,0.8443273468922868,0.9219541120432585,0.3761332301771509,0.16738886299105818,0.3041647314702584,0.28256227487948915,0.2643398663085544,0.7075571729345157,0.4664513985550834,0.4664513985550834,138447.0,107258.0,0.3041647314702584,0.44285062477233417,0.9721023889698375,0.5003377418348,0.4368639414276998,0.4368639414276998,0.9782504044413316,245850.0,4824236.0,107403.0,0.6239464162271234,0.5844615644457948,0.4424102341704315,0.8977790542795688,0.9555625555345942,0.4542035477727605,0.3337769749976233,0.5003377418348,0.42943942153506126,0.9632531262131843,0.6863529411764706,0.2513762489658245,0.4368639414276998,0.45819771052333164,0.6631965354631284,0.9820132611148084,0.9743918719203822,0.9782504044413316
