accumulation_steps,cuda_allocated_bytes,cuda_peak_allocated_bytes,cuda_reserved_bytes,epoch,gpu_memory_used_mib,gpu_power_w,gpu_temperature_c,gpu_utilization_percent,lr,process_max_rss_kb,seconds,system_load_1m,system_memory_available_kb,system_memory_total_kb,train_background_balanced_accuracy,train_background_dice,train_background_f1,train_background_fn,train_background_fp,train_background_iou,train_background_mcc,train_background_npv,train_background_precision,train_background_recall,train_background_sensitivity,train_background_specificity,train_background_support,train_background_tn,train_background_tp,train_bacterial_spot_balanced_accuracy,train_bacterial_spot_dice,train_bacterial_spot_f1,train_bacterial_spot_fn,train_bacterial_spot_fp,train_bacterial_spot_iou,train_bacterial_spot_mcc,train_bacterial_spot_npv,train_bacterial_spot_precision,train_bacterial_spot_recall,train_bacterial_spot_sensitivity,train_bacterial_spot_specificity,train_bacterial_spot_support,train_bacterial_spot_tn,train_bacterial_spot_tp,train_dice_background,train_dice_bacterial_spot,train_dice_early_blight,train_dice_late_blight,train_dice_macro,train_dice_micro_diseases,train_early_blight_balanced_accuracy,train_early_blight_dice,train_early_blight_f1,train_early_blight_fn,train_early_blight_fp,train_early_blight_iou,train_early_blight_mcc,train_early_blight_npv,train_early_blight_precision,train_early_blight_recall,train_early_blight_sensitivity,train_early_blight_specificity,train_early_blight_support,train_early_blight_tn,train_early_blight_tp,train_f1_background,train_f1_bacterial_spot,train_f1_early_blight,train_f1_late_blight,train_frequency_weighted_iou,train_iou_background,train_iou_bacterial_spot,train_iou_early_blight,train_iou_late_blight,train_iou_macro,train_iou_micro_diseases,train_late_blight_balanced_accuracy,train_late_blight_dice,train_late_blight_f1,train_late_blight_fn,train_late_blight_fp,train_late_blight_iou,train_late_blight_mcc,train_late_blight_npv,train_late_blight_precision,train_late_blight_recall,train_late_blight_sensitivity,train_late_blight_specificity,train_late_blight_support,train_late_blight_tn,train_late_blight_tp,train_loss,train_mean_class_accuracy_all_classes,train_mean_iou_all_classes,train_pixel_accuracy,train_precision_background,train_precision_bacterial_spot,train_precision_early_blight,train_precision_late_blight,train_precision_macro,train_recall_background,train_recall_bacterial_spot,train_recall_early_blight,train_recall_late_blight,train_recall_macro,train_specificity_background,train_specificity_bacterial_spot,train_specificity_early_blight,train_specificity_late_blight,val_background_balanced_accuracy,val_background_dice,val_background_f1,val_background_fn,val_background_fp,val_background_iou,val_background_mcc,val_background_npv,val_background_precision,val_background_recall,val_background_sensitivity,val_background_specificity,val_background_support,val_background_tn,val_background_tp,val_bacterial_spot_balanced_accuracy,val_bacterial_spot_dice,val_bacterial_spot_f1,val_bacterial_spot_fn,val_bacterial_spot_fp,val_bacterial_spot_iou,val_bacterial_spot_mcc,val_bacterial_spot_npv,val_bacterial_spot_precision,val_bacterial_spot_recall,val_bacterial_spot_sensitivity,val_bacterial_spot_specificity,val_bacterial_spot_support,val_bacterial_spot_tn,val_bacterial_spot_tp,val_dice_background,val_dice_bacterial_spot,val_dice_early_blight,val_dice_late_blight,val_dice_macro,val_dice_micro_diseases,val_early_blight_balanced_accuracy,val_early_blight_dice,val_early_blight_f1,val_early_blight_fn,val_early_blight_fp,val_early_blight_iou,val_early_blight_mcc,val_early_blight_npv,val_early_blight_precision,val_early_blight_recall,val_early_blight_sensitivity,val_early_blight_specificity,val_early_blight_support,val_early_blight_tn,val_early_blight_tp,val_f1_background,val_f1_bacterial_spot,val_f1_early_blight,val_f1_late_blight,val_frequency_weighted_iou,val_iou_background,val_iou_bacterial_spot,val_iou_early_blight,val_iou_late_blight,val_iou_macro,val_iou_micro_diseases,val_late_blight_balanced_accuracy,val_late_blight_dice,val_late_blight_f1,val_late_blight_fn,val_late_blight_fp,val_late_blight_iou,val_late_blight_mcc,val_late_blight_npv,val_late_blight_precision,val_late_blight_recall,val_late_blight_sensitivity,val_late_blight_specificity,val_late_blight_support,val_late_blight_tn,val_late_blight_tp,val_loss,val_mean_class_accuracy_all_classes,val_mean_iou_all_classes,val_pixel_accuracy,val_precision_background,val_precision_bacterial_spot,val_precision_early_blight,val_precision_late_blight,val_precision_macro,val_recall_background,val_recall_bacterial_spot,val_recall_early_blight,val_recall_late_blight,val_recall_macro,val_specificity_background,val_specificity_bacterial_spot,val_specificity_early_blight,val_specificity_late_blight
4,505249792.0,903516160.0,1199570944.0,1,1271.0,20.74,83.0,48.0,0.0001,2422632.0,11.172820091247559,1.580078125,10417712.0,16094848.0,0.7657821724515536,0.7969144120468661,0.7969144120468661,11423640.0,633699.0,0.6623921190866346,0.34485705849439746,0.2498175214237893,0.9739115377836827,0.6743577184869448,0.6743577184869448,0.8572066264161623,35080334.0,3804175.0,23656694.0,0.6744310079817559,0.09452923941110478,0.09452923941110478,347803.0,10168597.0,0.04960938859113746,0.11685690394239304,0.9879237862068884,0.05121930009698119,0.6121507937569975,0.6121507937569975,0.7367112222065142,896748.0,28452863.0,548945.0,0.7969144120468661,0.09452923941110478,0.005759524158585881,0.1378201367472144,0.07936963343896836,0.09750393184800187,0.5005630122630035,0.005759524158585881,0.005759524158585881,2114279.0,69433.0,0.0028880790598515,0.0058010062742228285,0.9463958501563671,0.08348953245861823,0.002982640794792427,0.002982640794792427,0.9981433837312145,2120604.0,37328171.0,6325.0,0.7969144120468661,0.09452923941110478,0.005759524158585881,0.1378201367472144,0.5919469161705231,0.6623921190866346,0.04960938859113746,0.0028880790598515,0.0740101101224859,0.04216919259115829,0.051250530016975514,0.5891109949715878,0.1378201367472144,0.1378201367472144,1017051.0,4031044.0,0.0740101101224859,0.10511358646387893,0.971010719994614,0.09098424517675552,0.28403009597880213,0.28403009597880213,0.8941918939643736,1420522.0,34066642.0,403471.0,1.0400356491209064,0.3933803122543842,0.19722492421502738,0.6228884417026197,0.9739115377836827,0.05121930009698119,0.08348953245861823,0.09098424517675552,0.07523102591078498,0.6743577184869448,0.6121507937569975,0.002982640794792427,0.28403009597880213,0.29972117684353067,0.8572066264161623,0.7367112222065142,0.9981433837312145,0.8941918939643736,0.8257028034474669,0.9284472891145483,0.9284472891145483,482276.0,147718.0,0.8664504132021171,0.5434115143577748,0.48820141014266977,0.9651199472589084,0.8944595856167277,0.8944595856167277,0.7569460212782061,4569586.0,460040.0,4087310.0,0.752545131096644,0.1731464816788691,0.1731464816788691,41137.0,621343.0,0.09477852490219897,0.21468997817503047,0.9908312192782213,0.10042333496451457,0.6277194570135747,0.6277194570135747,0.8773708051797134,110500.0,4445501.0,69363.0,0.9284472891145483,0.1731464816788691,0.03949272521189914,0.18106382524396233,0.1312343440449102,0.15134761308169803,0.5086214480646419,0.03949272521189914,0.03949272521189914,245868.0,23610.0,0.020144136020187768,0.04953331677226035,0.9522418929822769,0.19005145797598627,0.022035893845860115,0.022035893845860115,0.9952070022834238,251408.0,4902326.0,5540.0,0.9284472891145483,0.1731464816788691,0.03949272521189914,0.18106382524396233,0.772467494127265,0.8664504132021171,0.09477852490219897,0.020144136020187768,0.09954380354673373,0.07148882148970682,0.08186915731301657,0.567968905586715,0.18106382524396233,0.18106382524396233,203453.0,180063.0,0.09954380354673373,0.14256795542100348,0.9589388974595571,0.190582576642992,0.1724506813097417,0.1724506813097417,0.9634871298636883,245850.0,4751431.0,42397.0,0.9349128830281994,0.429166404446476,0.2702292194178094,0.812117178228837,0.9651199472589084,0.10042333496451457,0.19005145797598627,0.190582576642992,0.16035245652783095,0.8944595856167277,0.6277194570135747,0.022035893845860115,0.1724506813097417,0.27406867738972546,0.7569460212782061,0.8773708051797134,0.9952070022834238,0.9634871298636883
4,505249792.0,903516160.0,1199570944.0,2,1271.0,25.33,83.0,50.0,0.0001,2424564.0,9.642657041549683,1.57080078125,10321432.0,16094848.0,0.7361621157224629,0.9468342512289585,0.9468342512289585,1620860.0,2136710.0,0.8990363125024116,0.49877275809998683,0.5867286890646258,0.939973621891605,0.9537957648863891,0.9537957648863891,0.5185284665585368,35080334.0,2301164.0,33459474.0,0.7166881104785954,0.23688871426383332,0.23688871426383332,452099.0,2412678.0,0.1343583449214456,0.24919149125093573,0.9876680814080818,0.1556171204765853,0.49584610169189114,0.49584610169189114,0.9375301192652996,896748.0,36208782.0,444649.0,0.9468342512289585,0.23688871426383332,0.06392319068460041,0.10686474941467254,0.13589221812103544,0.15294373208859724,0.5153960010026184,0.06392319068460041,0.06392319068460041,2044012.0,199180.0,0.0330168670876254,0.08335593744514336,0.94791322332793,0.2777366810263551,0.03611801166082871,0.03611801166082871,0.9946739903444082,2120604.0,37198424.0,76592.0,0.9468342512289585,0.23688871426383332,0.06392319068460041,0.10686474941467254,0.8049247023685512,0.8990363125024116,0.1343583449214456,0.0330168670876254,0.05644855505259418,0.0746079223538884,0.08280404595445355,0.53274914883199,0.10686474941467254,0.10686474941467254,1302466.0,670869.0,0.05644855505259418,0.0871697310384693,0.9663699945077734,0.1496416009126343,0.0831074773921136,0.0831074773921136,0.9823908202718664,1420522.0,37426817.0,118056.0,0.8541621527268519,0.3922168389078056,0.2807150198910192,0.8628622785729555,0.939973621891605,0.1556171204765853,0.2777366810263551,0.1496416009126343,0.19433180080519155,0.9537957648863891,0.49584610169189114,0.03611801166082871,0.0831074773921136,0.20502386358161115,0.5185284665585368,0.9375301192652996,0.9946739903444082,0.9823908202718664,0.6550668813146774,0.9505601061495486,0.9505601061495486,57742.0,411592.0,0.9057785126329555,0.46225378630216235,0.7725869212470658,0.9164014724676018,0.9873638443395091,0.9873638443395091,0.32276991828984564,4569586.0,196166.0,4511844.0,0.6874702246400181,0.3241390746780167,0.3241390746780167,66520.0,116885.0,0.19341645227257734,0.3123071449936194,0.9867397032859103,0.27339694775122,0.3980090497737557,0.3980090497737557,0.9769313995062804,110500.0,4949959.0,43980.0,0.9505601061495486,0.3241390746780167,0.03767152040358172,0.14774587961587335,0.16985215823249059,0.16830187102659266,0.5084981730442311,0.03767152040358172,0.03767152040358172,246248.0,17379.0,0.019197357015034208,0.05549016965001591,0.9522294247794049,0.22893651004924798,0.020524406542353466,0.020524406542353466,0.9964719395461086,251408.0,4908557.0,5160.0,0.9505601061495486,0.3241390746780167,0.03767152040358172,0.14774587961587335,0.8082990106343345,0.9057785126329555,0.19341645227257734,0.019197357015034208,0.07976544794254976,0.09745975241005378,0.09188297370862035,0.5427501047455113,0.14774587961587335,0.14774587961587335,222480.0,47134.0,0.07976544794254976,0.15689479476822718,0.9564348990765327,0.3314705548621355,0.09505796217205613,0.09505796217205613,0.9904422473189666,245850.0,4884360.0,23370.0,0.7301541234873519,0.3752388157069186,0.29953944246577924,0.8854644389092168,0.9164014724676018,0.27339694775122,0.22893651004924798,0.3314705548621355,0.2779346708875345,0.9873638443395091,0.3980090497737557,0.020524406542353466,0.09505796217205613,0.17119713949605508,0.32276991828984564,0.9769313995062804,0.9964719395461086,0.9904422473189666
4,505249792.0,903516160.0,1199570944.0,3,1271.0,23.66,83.0,31.0,0.0001,2424564.0,10.567897319793701,1.482421875,10345116.0,16094848.0,0.6511338287331189,0.9524445356335633,0.9524445356335633,417800.0,3043594.0,0.9092067847783156,0.45626417659148616,0.7694362279811046,0.9192811842149372,0.9880901932119575,0.9880901932119575,0.31417746425428034,35080334.0,1394280.0,34662534.0,0.6505394945061624,0.283021887567249,0.283021887567249,606725.0,862703.0,0.16483721342623353,0.2664382835963857,0.984185654177367,0.2515975175366913,0.3234163889966858,0.3234163889966858,0.977662600015639,896748.0,37758757.0,290023.0,0.9524445356335633,0.283021887567249,0.07269868410674767,0.1305429825918276,0.1620878514219414,0.15860020729752572,0.5181254813838644,0.07269868410674767,0.07269868410674767,2034422.0,164151.0,0.037720455803795155,0.10296591204935689,0.9481911868161952,0.3442694331150907,0.04064030813862465,0.04064030813862465,0.995610654629104,2120604.0,37233453.0,86182.0,0.9524445356335633,0.283021887567249,0.07269868410674767,0.1305429825918276,0.8153780509160512,0.9092067847783156,0.16483721342623353,0.037720455803795155,0.06982935760289008,0.09079567561097292,0.08613024066042765,0.5382319796774033,0.1305429825918276,0.1305429825918276,1301105.0,289604.0,0.06982935760289008,0.14064291734263215,0.9667314741162991,0.29195811462003174,0.08406557589393195,0.08406557589393195,0.9923983834608747,1420522.0,37808082.0,119417.0,0.6323205042834306,0.3590531165602999,0.2953984529028086,0.8896697947437293,0.9192811842149372,0.2515975175366913,0.3442694331150907,0.29195811462003174,0.2959416884239379,0.9880901932119575,0.3234163889966858,0.04064030813862465,0.08406557589393195,0.14937409100974747,0.31417746425428034,0.977662600015639,0.995610654629104,0.9923983834608747,0.6719300018590785,0.9543295622979333,0.9543295622979333,40085.0,393443.0,0.9126485055799594,0.5120524305987366,0.842433176100629,0.920079732777785,0.991227870533567,0.991227870533567,0.3526321331845899,4569586.0,214315.0,4529501.0,0.6205248966548138,0.2825705338668798,0.2825705338668798,82572.0,59243.0,0.16453108522884596,0.2707723932453775,0.9837781544949454,0.32038177834371523,0.2527420814479638,0.2527420814479638,0.9883077118616638,110500.0,5007601.0,27928.0,0.9543295622979333,0.2825705338668798,0.03171598902698809,0.3466763159786162,0.22032094629082802,0.2366294809072119,0.507677734524621,0.03171598902698809,0.03171598902698809,247269.0,5457.0,0.0161135226675491,0.07673636672861674,0.9521514980993655,0.4313255523134639,0.016463278813721123,0.016463278813721123,0.9988921902355207,251408.0,4920479.0,4139.0,0.9543295622979333,0.2825705338668798,0.03171598902698809,0.3466763159786162,0.8197656011859363,0.9126485055799594,0.16453108522884596,0.0161135226675491,0.2096844794090135,0.1301096957684695,0.13419158273608436,0.6333479498369565,0.3466763159786162,0.3466763159786162,175911.0,87694.0,0.2096844794090135,0.33012451178028457,0.9649559506513423,0.44368247765379076,0.28447834045149484,0.28447834045149484,0.9822175592224182,245850.0,4843800.0,69939.0,0.573336630682402,0.3862278928116867,0.325744398221342,0.8945720044872428,0.920079732777785,0.32038177834371523,0.4313255523134639,0.44368247765379076,0.39846326943699,0.991227870533567,0.2527420814479638,0.016463278813721123,0.28447834045149484,0.1845612335710599,0.3526321331845899,0.9883077118616638,0.9988921902355207,0.9822175592224182
4,505249792.0,903516160.0,1199570944.0,4,1271.0,20.28,85.0,43.0,0.0001,2424644.0,11.193233728408813,1.55517578125,10387488.0,16094848.0,0.6599521468334913,0.9540711729031923,0.9540711729031923,370544.0,2971303.0,0.9121759991560942,0.4797439374844222,0.798301140647156,0.9211460506201347,0.989437272746605,0.989437272746605,0.33046702092037766,35080334.0,1466571.0,34709790.0,0.5656783155535574,0.19956173172906105,0.19956173172906105,774079.0,209967.0,0.11084064099610108,0.21411832312552856,0.9802458159855367,0.36877848458976176,0.13679316820333026,0.13679316820333026,0.9945634629037846,896748.0,38411493.0,122669.0,0.9540711729031923,0.19956173172906105,0.04140631782358188,0.38280071398557153,0.20792292117940483,0.2259497187963198,0.5100965805394592,0.04140631782358188,0.04140631782358188,2074578.0,56509.0,0.02114084110471069,0.08945105066398824,0.947366673150551,0.4488808699468474,0.02170419371084842,0.02170419371084842,0.9984889673680699,2120604.0,37341095.0,46026.0,0.9540711729031923,0.19956173172906105,0.04140631782358188,0.38280071398557153,0.8218973952504677,0.9121759991560942,0.11084064099610108,0.02114084110471069,0.23670596276911549,0.12289581495664242,0.12736376256653478,0.6788393745535576,0.38280071398557153,0.38280071398557153,880301.0,861723.0,0.23670596276911549,0.3599531038697252,0.9769048456585356,0.38533707480469975,0.38029752443115983,0.38029752443115983,0.9773812246759553,1420522.0,37235963.0,540221.0,0.5549273603591159,0.3820580397729859,0.32021586100650534,0.8962629580774513,0.9211460506201347,0.36877848458976176,0.4488808699468474,0.38533707480469975,0.4009988097804363,0.989437272746605,0.13679316820333026,0.02170419371084842,0.38029752443115983,0.17959829544844616,0.33046702092037766,0.9945634629037846,0.9984889673680699,0.9773812246759553,0.7093036411743256,0.9550857514555317,0.9550857514555317,79534.0,342768.0,0.9140326613269321,0.5406304447043009,0.7691481580383369,0.9290749500291755,0.9825949221658155,0.9825949221658155,0.43601236018283596,4569586.0,264990.0,4490052.0,0.5531191271129993,0.18289873767621856,0.18289873767621856,98590.0,7826.0,0.10065412504436895,0.2491592973539931,0.9808845495818992,0.6034657478719092,0.10778280542986425,0.10778280542986425,0.9984554487961342,110500.0,5059018.0,11910.0,0.9550857514555317,0.18289873767621856,0.13580394978811866,0.46600163256546545,0.2615681066766009,0.32320258074813973,0.5376552351278191,0.13580394978811866,0.13580394978811866,231026.0,28378.0,0.07284853423688105,0.16759409145800302,0.954953258053295,0.41800656275635767,0.08107140584229619,0.08107140584229619,0.994239064413342,251408.0,4897558.0,20382.0,0.9550857514555317,0.18289873767621856,0.13580394978811866,0.46600163256546545,0.8268472655441071,0.9140326613269321,0.10065412504436895,0.07284853423688105,0.30378235235335266,0.15909500387820089,0.1927499273539815,0.7316436730109823,0.46600163256546545,0.46600163256546545,124252.0,154430.0,0.30378235235335266,0.4385729863573488,0.9746492574647299,0.4405277725448143,0.49460239983729914,0.49460239983729914,0.9686849461846654,245850.0,4777064.0,121598.0,0.56335800131665,0.4165128833188187,0.34782941824038366,0.8969738151453719,0.9290749500291755,0.6034657478719092,0.41800656275635767,0.4405277725448143,0.4873333610576937,0.9825949221658155,0.10778280542986425,0.08107140584229619,0.49460239983729914,0.22781887036981988,0.43601236018283596,0.9984554487961342,0.994239064413342,0.9686849461846654
4,505249792.0,903516160.0,1199570944.0,5,1271.0,22.91,83.0,43.0,0.0001,2424688.0,12.217621564865112,1.50537109375,10413592.0,16094848.0,0.6984969320552223,0.9576654602915732,0.9576654602915732,442305.0,2620111.0,0.9187697651844693,0.53979865708964,0.8042957114564695,0.9296768169318168,0.9873916536826588,0.9873916536826588,0.40960221042778594,35080334.0,1817763.0,34638029.0,0.6234086960556738,0.31432639687087205,0.31432639687087205,667718.0,331497.0,0.1864693119043839,0.31083541498409134,0.9828604274469006,0.4085976233080654,0.25540062537078423,0.25540062537078423,0.9914167667405634,896748.0,38289963.0,229030.0,0.9576654602915732,0.31432639687087205,0.1350748143098066,0.44414678803728663,0.2978493330726551,0.3001620497758864,0.5370235729270014,0.1350748143098066,0.1350748143098066,1951206.0,218208.0,0.07242907937876153,0.16931931019974228,0.9501360597519046,0.43703657838113963,0.07988195815909052,0.07988195815909052,0.9941651876949122,2120604.0,37179396.0,169398.0,0.9576654602915732,0.31432639687087205,0.1350748143098066,0.44414678803728663,0.8339718649517578,0.9187697651844693,0.1864693119043839,0.07242907937876153,0.2854683106493023,0.1814555673108159,0.176582744099996,0.7043313457767523,0.44414678803728663,0.44414678803728663,813716.0,705129.0,0.2854683106493023,0.42463401068339607,0.9787020314700677,0.4625274880234158,0.4271711384969751,0.4271711384969751,0.9814915530565295,1420522.0,37392557.0,606806.0,0.5347120919037814,0.43746134392737723,0.36578411677922923,0.9019453260633681,0.9296768169318168,0.4085976233080654,0.43703657838113963,0.4625274880234158,0.4360538965708736,0.9873916536826588,0.25540062537078423,0.07988195815909052,0.4271711384969751,0.2541512406756166,0.40960221042778594,0.9914167667405634,0.9941651876949122,0.9814915530565295,0.7032690254796957,0.9582663485876121,0.9582663485876121,39137.0,355476.0,0.9198765416557193,0.5677702603500155,0.8657019617801173,0.9272448922159059,0.9914353291523564,0.9914353291523564,0.41510272180703506,4569586.0,252282.0,4530449.0,0.7799409662778973,0.5314462107053611,0.5314462107053611,47230.0,64335.0,0.3618840621157091,0.5218888841464516,0.9906470413619397,0.49582696602797693,0.572579185520362,0.572579185520362,0.9873027470354327,110500.0,5002509.0,63270.0,0.9582663485876121,0.5314462107053611,0.14343590304156534,0.47636888859929183,0.38375033411540604,0.38256094183903727,0.5396901530119576,0.14343590304156534,0.14343590304156534,230413.0,20341.0,0.07725879396060335,0.1917209745379931,0.9551377256421719,0.5079107799496807,0.08350967351874244,0.08350967351874244,0.9958706325051726,251408.0,4905595.0,20995.0,0.9582663485876121,0.5314462107053611,0.14343590304156534,0.47636888859929183,0.8382159933369906,0.9198765416557193,0.3618840621157091,0.07725879396060335,0.3126536896200258,0.25059884856544606,0.236522631198242,0.6748987316210684,0.47636888859929183,0.47636888859929183,158120.0,34748.0,0.3126536896200258,0.48950501984719474,0.9687192499267043,0.7162919054850667,0.3568436038234696,0.3568436038234696,0.9929538594186671,245850.0,4896746.0,87730.0,0.5317657035362872,0.5010919480037326,0.4179182718380144,0.9082734313192247,0.9272448922159059,0.49582696602797693,0.5079107799496807,0.7162919054850667,0.5733432171542415,0.9914353291523564,0.572579185520362,0.08350967351874244,0.3568436038234696,0.33764415428752464,0.41510272180703506,0.9873027470354327,0.9958706325051726,0.9929538594186671
4,505249792.0,903516160.0,1199570944.0,6,1271.0,20.34,83.0,44.0,0.0001,2424808.0,12.940965175628662,1.42724609375,10330596.0,16094848.0,0.7163165589739491,0.9596710762055313,0.9596710762055313,449597.0,2461026.0,0.9224688983030982,0.5690037665030664,0.8147095854222948,0.9336503363293893,0.9871837879308675,0.9871837879308675,0.4454493300170307,35080334.0,1976848.0,34630737.0,0.703417522721766,0.4361656994010431,0.4361656994010431,521502.0,448664.0,0.2789078735732995,0.42403776396047027,0.9865225103709079,0.45544537631537424,0.41845200658378945,0.41845200658378945,0.9883830388597428,896748.0,38172796.0,375246.0,0.9596710762055313,0.4361656994010431,0.20400484183540188,0.49226179496077416,0.377477445399073,0.36760150569925437,0.560073192109793,0.20400484183540188,0.20400484183540188,1851959.0,244463.0,0.11358874822573736,0.23916481702597692,0.9525200807073947,0.5235642398871193,0.12668324684853938,0.12668324684853938,0.9934631373710465,2120604.0,37153141.0,268645.0,0.9596710762055313,0.4361656994010431,0.20400484183540188,0.49226179496077416,0.8430364667538197,0.9224688983030982,0.2789078735732995,0.11358874822573736,0.32649023107295155,0.2396622842906628,0.22519103453150402,0.7112568042654466,0.49226179496077416,0.49226179496077416,802746.0,471651.0,0.32649023107295155,0.4803818729991852,0.9791108128046008,0.5670650718221597,0.43489365177026473,0.43489365177026473,0.9876199567606284,1420522.0,37626035.0,617776.0,0.4982392500289044,0.4918031732833652,0.41036393779377167,0.9082497870348777,0.9336503363293893,0.45544537631537424,0.5235642398871193,0.5670650718221597,0.5153582293415512,0.9871837879308675,0.41845200658378945,0.12668324684853938,0.43489365177026473,0.32667630173419787,0.4454493300170307,0.9883830388597428,0.9934631373710465,0.9876199567606284,0.7966921973882769,0.9647315375320599,0.9647315375320599,92525.0,234818.0,0.9318660545616064,0.6677275735459594,0.8012202850912529,0.9501646795259386,0.9797519950385002,0.9797519950385002,0.6136323997380536,4569586.0,372940.0,4477061.0,0.7368890778856081,0.5837138382010283,0.5837138382010283,57767.0,17448.0,0.4121439959983743,0.5921412322803459,0.9886890236321026,0.7513857026830624,0.4772217194570136,0.4772217194570136,0.9965564363142027,110500.0,5049396.0,52733.0,0.9647315375320599,0.5837138382010283,0.4386548395727428,0.49154067851627437,0.5046364520966818,0.4831148792003153,0.6989607057130881,0.4386548395727428,0.4386548395727428,144839.0,127913.0,0.28094674431418243,0.4113270205984362,0.9706973409332488,0.45448691157530213,0.4238886590721059,0.4238886590721059,0.9740327523540704,251408.0,4798023.0,106569.0,0.9647315375320599,0.5837138382010283,0.4386548395727428,0.49154067851627437,0.860388641508008,0.9318660545616064,0.4121439959983743,0.28094674431418243,0.3258561046464238,0.33964894831966014,0.3184914088587161,0.697089675491785,0.49154067851627437,0.49154067851627437,145907.0,60859.0,0.3258561046464238,0.4832482406727461,0.9709148253916742,0.6215283391997612,0.40652023591620906,0.40652023591620906,0.9876591150673609,245850.0,4870635.0,99943.0,0.5096941790248775,0.5718456523709572,0.4877032248801467,0.9148138504994067,0.9501646795259386,0.7513857026830624,0.45448691157530213,0.6215283391997612,0.6091336511527086,0.9797519950385002,0.4772217194570136,0.4238886590721059,0.40652023591620906,0.4358768714817762,0.6136323997380536,0.9965564363142027,0.9740327523540704,0.9876591150673609
4,505249792.0,903516160.0,1199570944.0,7,1271.0,23.43,84.0,36.0,0.0001,2424808.0,11.627594709396362,1.634765625,10402460.0,16094848.0,0.7555660700144853,0.9622405914364426,0.9622405914364426,613093.0,2091974.0,0.9272289737833873,0.6131717445802554,0.7928034976764055,0.942778475960165,0.9825231709595468,0.9825231709595468,0.5286089690694238,35080334.0,2345900.0,34467241.0,0.7051895773231995,0.45065429580190053,0.45065429580190053,519444.0,400420.0,0.29086748979314936,0.43998672441681835,0.9865917008161281,0.48513868673205407,0.42074696570273923,0.42074696570273923,0.9896321889436598,896748.0,38221040.0,377304.0,0.9622405914364426,0.45065429580190053,0.3049902955688692,0.5309629647295383,0.4288691853667694,0.41994779681722005,0.6031817787888947,0.3049902955688692,0.3049902955688692,1657199.0,454809.0,0.1799342474391486,0.30868754725738506,0.9570673767462243,0.5046808260383745,0.218525005140045,0.218525005140045,0.9878385524377444,2120604.0,36942795.0,463405.0,0.9622405914364426,0.45065429580190053,0.3049902955688692,0.5309629647295383,0.8523497346008467,0.9272289737833873,0.29086748979314936,0.1799342474391486,0.3614360645657811,0.2774126005993597,0.2657809634208906,0.7435406140507226,0.5309629647295383,0.5309629647295383,708082.0,550615.0,0.3614360645657811,0.5154880128209394,0.9814905458618869,0.5640609474646789,0.5015339431561074,0.5015339431561074,0.9855472849453376,1420522.0,37547071.0,712440.0,0.4919699955342421,0.5308322712396096,0.4398666938953666,0.9114884460348,0.942778475960165,0.48513868673205407,0.5046808260383745,0.5640609474646789,0.5179601534117024,0.9825231709595468,0.42074696570273923,0.218525005140045,0.5015339431561074,0.38026863799963057,0.5286089690694238,0.9896321889436598,0.9878385524377444,0.9855472849453376,0.8009149544316648,0.9571273345258379,0.9571273345258379,174977.0,218719.0,0.9177796736005748,0.6217626899352048,0.6897658931661513,0.9525897573291993,0.961708347320742,0.961708347320742,0.6401215615425877,4569586.0,389039.0,4394609.0,0.7591916937658314,0.40586767301722565,0.40586767301722565,50488.0,125210.0,0.25460099274532266,0.4033779004776549,0.9898864651144343,0.3240003887227219,0.5430950226244344,0.5430950226244344,0.9752883649072283,110500.0,4941634.0,60012.0,0.9571273345258379,0.40586767301722565,0.3096718682779929,0.6388246497075228,0.45145473033424716,0.4722975590856257,0.6107212622113635,0.3096718682779929,0.3096718682779929,192023.0,72742.0,0.1832022211938917,0.30182780156884065,0.9619395954623954,0.44945393447213666,0.23620966715458538,0.23620966715458538,0.9852328572681416,251408.0,4853194.0,59385.0,0.9571273345258379,0.40586767301722565,0.3096718682779929,0.6388246497075228,0.8466594053119751,0.9177796736005748,0.25460099274532266,0.1832022211938917,0.46931840895462723,0.3023738742979472,0.3091554653816891,0.8108838324927374,0.6388246497075228,0.6388246497075228,88534.0,89351.0,0.46931840895462723,0.6207885397763097,0.9820442507185119,0.637766705720668,0.6398861094163107,0.6398861094163107,0.9818815555691642,245850.0,4842143.0,157316.0,0.5336937934537477,0.5952247866290181,0.45622532412360406,0.9022622410255142,0.9525897573291993,0.3240003887227219,0.44945393447213666,0.637766705720668,0.47040700963850884,0.961708347320742,0.5430950226244344,0.23620966715458538,0.6398861094163107,0.47306359973177686,0.6401215615425877,0.9752883649072283,0.9852328572681416,0.9818815555691642
4,505249792.0,903516160.0,1199570944.0,8,1271.0,21.41,84.0,22.0,0.0001,2424808.0,13.96500563621521,1.5615234375,10345120.0,16094848.0,0.7677403163641807,0.9642479724737796,0.9642479724737796,569739.0,1989403.0,0.9309641177114367,0.6365638391636614,0.8112328168020118,0.9454958052326469,0.983759020082306,0.983759020082306,0.5517216126460553,35080334.0,2448471.0,34510595.0,0.7087084150023171,0.47067810141206756,0.47067810141206756,514407.0,345550.0,0.3077691503970867,0.4623008249960397,0.9867387781337286,0.5252723278622761,0.4263639283276907,0.4263639283276907,0.9910529016769434,896748.0,38275910.0,382341.0,0.9642479724737796,0.47067810141206756,0.3847481310462455,0.5330498452952573,0.46282535925119017,0.4541660206617844,0.6418045114668938,0.3847481310462455,0.3847481310462455,1489094.0,530605.0,0.2381969886191545,0.37829446430585434,0.9611771198907042,0.5434143780951111,0.29779723135484043,0.29779723135484043,0.9858117915789472,2120604.0,36866999.0,631510.0,0.9642479724737796,0.47067810141206756,0.3847481310462455,0.5330498452952573,0.8592450387194971,0.9309641177114367,0.3077691503970867,0.2381969886191545,0.36337284098282524,0.30311299333302216,0.29379999840359095,0.7332103939773125,0.5330498452952573,0.5330498452952573,741223.0,448905.0,0.36337284098282524,0.5213726953467689,0.9806922916705089,0.6021065339247157,0.47820378705856015,0.47820378705856015,0.9882170008960649,1420522.0,37648781.0,679299.0,0.4667513334929054,0.5465309917058493,0.4600757744276258,0.9161282060158193,0.9454958052326469,0.5252723278622761,0.5434143780951111,0.6021065339247157,0.5569310799607009,0.983759020082306,0.4263639283276907,0.29779723135484043,0.47820378705856015,0.40078831558036376,0.5517216126460553,0.9910529016769434,0.9858117915789472,0.9882170008960649,0.8305541189595178,0.9664652295402854,0.9664652295402854,118700.0,190177.0,0.9351066429147837,0.6983472083611918,0.7786608140135489,0.9590229652129264,0.9740239050102132,0.9740239050102132,0.6870843329088223,4569586.0,417581.0,4450886.0,0.8366749453409521,0.6547000677518546,0.6547000677518546,35127.0,44379.0,0.4866573260416196,0.6474070377051776,0.9930545998965515,0.6294091121651413,0.6821085972850679,0.6821085972850679,0.9912412933968364,110500.0,5022465.0,75373.0,0.9664652295402854,0.6547000677518546,0.4047081266507373,0.6435170576416877,0.5676417506814265,0.5595421135118646,0.6583125546792457,0.4047081266507373,0.4047081266507373,167821.0,78078.0,0.2536890793539027,0.3912969038035364,0.9665407216051904,0.5170383199826802,0.3324754979952905,0.3324754979952905,0.9841496113632008,251408.0,4847858.0,83587.0,0.9664652295402854,0.6547000677518546,0.4047081266507373,0.6435170576416877,0.8705693196057197,0.9351066429147837,0.4866573260416196,0.2536890793539027,0.4744011425037912,0.40491584929977115,0.38844739492942704,0.8181513679471668,0.6435170576416877,0.6435170576416877,84741.0,93755.0,0.4744011425037912,0.625521042340248,0.9827848970437666,0.6321371398078975,0.6553142159853569,0.6553142159853569,0.9809885199089768,245850.0,4837739.0,161109.0,0.4807079943675029,0.6609805540689822,0.5374635477035243,0.9215062781225277,0.9590229652129264,0.6294091121651413,0.5170383199826802,0.6321371398078975,0.5928615239852396,0.9740239050102132,0.6821085972850679,0.3324754979952905,0.6553142159853569,0.5566327704219051,0.6870843329088223,0.9912412933968364,0.9841496113632008,0.9809885199089768
4,505249792.0,903516160.0,1199570944.0,9,1271.0,20.22,84.0,34.0,0.0001,2424828.0,12.027014017105103,1.474609375,10340008.0,16094848.0,0.7893258228734534,0.9648741146122141,0.9648741146122141,723111.0,1778413.0,0.93213214762835,0.6530480846542236,0.7862245060859014,0.9507850643613966,0.9793869978546954,0.9793869978546954,0.5992646478922115,35080334.0,2659461.0,34357223.0,0.7190635885493812,0.49819963475903495,0.49819963475903495,496678.0,309245.0,0.33173492715131847,0.4914332598899839,0.9872019539439066,0.5640230363096791,0.4461342539933181,0.4461342539933181,0.9919929231054445,896748.0,38312215.0,400070.0,0.9648741146122141,0.49819963475903495,0.4390512906300911,0.6089706882325437,0.5154072045405566,0.5086822413964626,0.6758308299014923,0.4390512906300911,0.4390512906300911,1337178.0,664692.0,0.28127208023850964,0.42177688141446223,0.9648758907583355,0.5409959685605731,0.3694353118262533,0.3694353118262533,0.9822263479767314,2120604.0,36732912.0,783426.0,0.9648741146122141,0.49819963475903495,0.4390512906300911,0.6089706882325437,0.8658119954150757,0.93213214762835,0.33173492715131847,0.28127208023850964,0.4377842243013408,0.3502637438970562,0.34109581171539866,0.778038860082785,0.6089706882325437,0.6089706882325437,614957.0,419574.0,0.4377842243013408,0.5972497909233857,0.9839407752875592,0.6575294721660154,0.5670908299906654,0.5670908299906654,0.9889868901749046,1420522.0,37678112.0,805565.0,0.44586879766204857,0.590511848416233,0.4957308448298797,0.9197351256413246,0.9507850643613966,0.5640230363096791,0.5409959685605731,0.6575294721660154,0.5875161590120892,0.9793869978546954,0.4461342539933181,0.3694353118262533,0.5670908299906654,0.4608867986034122,0.5992646478922115,0.9919929231054445,0.9822263479767314,0.9889868901749046,0.8676716958539414,0.956086312377871,0.956086312377871,270030.0,124933.0,0.9158672059906456,0.6714392642841672,0.6413253548160004,0.9717632928909983,0.9409071193758034,0.9409071193758034,0.7944362723320796,4569586.0,482825.0,4299556.0,0.8871353611208985,0.6817159124374202,0.6817159124374202,23692.0,57367.0,0.5171236752905574,0.6801066267895723,0.9952928264479098,0.6021016126235478,0.7855927601809954,0.7855927601809954,0.9886779620608016,110500.0,5009477.0,86808.0,0.956086312377871,0.6817159124374202,0.5368117116660757,0.5995812078466903,0.6060362773167287,0.583079832399073,0.8430351624152839,0.5368117116660757,0.5368117116660757,65957.0,254076.0,0.3668780812053398,0.5290791456105446,0.9860786096212665,0.421933123562375,0.7376495576910839,0.7376495576910839,0.9484207671394838,251408.0,4671860.0,185451.0,0.956086312377871,0.6817159124374202,0.5368117116660757,0.5995812078466903,0.8575384345659585,0.9158672059906456,0.5171236752905574,0.3668780812053398,0.42814421743424563,0.4373819913100476,0.4115121273108285,0.7484922199509516,0.5995812078466903,0.5995812078466903,121436.0,44739.0,0.42814421743424563,0.5945479122718397,0.9757525222181023,0.7355116373933658,0.5060565385397601,0.5060565385397601,0.990927901362143,245850.0,4886755.0,124414.0,0.47732725173612184,0.7425514939469107,0.5570032949801971,0.9070730088632318,0.9717632928909983,0.6021016126235478,0.421933123562375,0.7355116373933658,0.5865154578597629,0.9409071193758034,0.7855927601809954,0.7376495576910839,0.5060565385397601,0.6764329521372798,0.7944362723320796,0.9886779620608016,0.9484207671394838,0.990927901362143
4,505249792.0,903516160.0,1199570944.0,10,1271.0,20.34,83.0,33.0,0.0001,2425076.0,12.864891290664673,1.4375,10378280.0,16094848.0,0.7985593190827099,0.9646670128403085,0.9646670128403085,825824.0,1683465.0,0.9317456555564347,0.6568217477802701,0.7693379173925272,0.953156375672252,0.9764590610796351,0.9764590610796351,0.6206595770857848,35080334.0,2754409.0,34254510.0,0.7503035346436057,0.5379554253697825,0.5379554253697825,439817.0,345090.0,0.36794734901009635,0.5286976387925603,0.9886399711831126,0.5697244835234988,0.5095422571335537,0.5095422571335537,0.9910648121536576,896748.0,38276370.0,456931.0,0.9646670128403085,0.5379554253697825,0.4422771092967009,0.5920981327995112,0.5241102224886648,0.5112348837450037,0.6833155659622403,0.4422771092967009,0.4422771092967009,1299356.0,771874.0,0.28392540928574045,0.4200424785257699,0.965738877955346,0.5154959883800487,0.38727079643346896,0.38727079643346896,0.9793603354910116,2120604.0,36625730.0,821248.0,0.9646670128403085,0.5379554253697825,0.4422771092967009,0.5920981327995112,0.8658136467732012,0.9317456555564347,0.36794734901009635,0.28392540928574045,0.42055355319391374,0.3574754371632502,0.3433952597109611,0.7660865575061673,0.5920981327995112,0.5920981327995112,649133.0,413701.0,0.42055355319391374,0.5808493020902342,0.9830660005272726,0.6509117450995283,0.5430320684931313,0.5430320684931313,0.9891410465192033,1420522.0,37683985.0,771389.0,0.43304048604633083,0.6040760457849472,0.5010429917615463,0.9186671116261143,0.953156375672252,0.5697244835234988,0.5154959883800487,0.6509117450995283,0.5787107390010253,0.9764590610796351,0.5095422571335537,0.38727079643346896,0.5430320684931313,0.47994837402005136,0.6206595770857848,0.9910648121536576,0.9793603354910116,0.9891410465192033,0.8577353268647074,0.9677565411590145,0.9677565411590145,140924.0,154182.0,0.9375274145554989,0.722357403556214,0.7629537426408747,0.9663566990279399,0.9691604447317547,0.9691604447317547,0.7463102089976602,4569586.0,453576.0,4428662.0,0.8476236276395723,0.6354649530142891,0.6354649530142891,32429.0,57142.0,0.46570071939012897,0.630046933068807,0.99356839399849,0.5773927063226169,0.7065248868778281,0.7065248868778281,0.9887223684013164,110500.0,5009702.0,78071.0,0.9677565411590145,0.6354649530142891,0.5477386934673366,0.6242101638995053,0.6024712701270437,0.5913472815319174,0.7858793177322605,0.5477386934673366,0.5477386934673366,100007.0,150013.0,0.3771626297577855,0.5248512313057675,0.979489656332228,0.5023024809730139,0.6022123401005537,0.6022123401005537,0.9695462953639674,251408.0,4775923.0,151401.0,0.9677565411590145,0.6354649530142891,0.5477386934673366,0.6242101638995053,0.8772719145536659,0.9375274145554989,0.46570071939012897,0.3771626297577855,0.4537104051217238,0.43219125142321274,0.41979635844880975,0.7530307774234899,0.6242101638995053,0.6242101638995053,119846.0,31869.0,0.4537104051217238,0.6259574328098481,0.9761237787806724,0.7981352099472361,0.5125238966849706,0.5125238966849706,0.9935376581620093,245850.0,4899625.0,126004.0,0.45575012096875833,0.6976053920987767,0.5585252922062842,0.9240525644036788,0.9663566990279399,0.5773927063226169,0.5023024809730139,0.7981352099472361,0.6259434657476223,0.9691604447317547,0.7065248868778281,0.6022123401005537,0.5125238966849706,0.6070870412211175,0.7463102089976602,0.9887223684013164,0.9695462953639674,0.9935376581620093
4,505249792.0,903516160.0,1199570944.0,11,1271.0,21.14,83.0,37.0,0.0001,2425076.0,13.063955783843994,1.3701171875,10324976.0,16094848.0,0.8085523570839892,0.966201306445002,0.966201306445002,800302.0,1597998.0,0.9346126208792701,0.6737559337775765,0.7801475642125193,0.9554602635651958,0.9771865912109047,0.9771865912109047,0.6399181229570736,35080334.0,2839876.0,34280032.0,0.7582490238235864,0.5719714871784877,0.5719714871784877,427180.0,275612.0,0.40053225971544576,0.5654872035959303,0.988982547352247,0.6301403687699616,0.5236342874475326,0.5236342874475326,0.9928637601996403,896748.0,38345848.0,469568.0,0.966201306445002,0.5719714871784877,0.4750024544538734,0.6160666052541897,0.5543468489621836,0.5416489024829253,0.7000387175256011,0.4750024544538734,0.4750024544538734,1230381.0,737461.0,0.3114775206302166,0.45367555771547124,0.9675280025158797,0.5469261846894115,0.41979690691897215,0.41979690691897215,0.9802805281322301,2120604.0,36660143.0,890223.0,0.966201306445002,0.5719714871784877,0.4750024544538734,0.6160666052541897,0.8714609258534202,0.9346126208792701,0.40053225971544576,0.3114775206302166,0.445156253612439,0.3857220113193671,0.37141186604865817,0.7856557231052274,0.6160666052541897,0.6160666052541897,592579.0,439371.0,0.445156253612439,0.603647345343431,0.9845081006472686,0.6533053371145588,0.5828441938949204,0.5828441938949204,0.9884672523155343,1420522.0,37658315.0,827943.0,0.4253447673609403,0.6258654948680824,0.5229446637093429,0.9228092022796175,0.9554602635651958,0.6301403687699616,0.5469261846894115,0.6533053371145588,0.6101239635246439,0.9771865912109047,0.5236342874475326,0.41979690691897215,0.5828441938949204,0.5087584627538083,0.6399181229570736,0.9928637601996403,0.9802805281322301,0.9884672523155343,0.84089136284562,0.9659252472327401,0.9659252472327401,137594.0,175099.0,0.9340961517993291,0.7009750792406849,0.7587141146122861,0.9619935877107701,0.9698891759559838,0.9698891759559838,0.7118935497352564,4569586.0,432659.0,4431992.0,0.9003061282721739,0.6141549025794479,0.6141549025794479,19988.0,93741.0,0.44316273422084695,0.6245685556420947,0.9959968684728558,0.49123759178955023,0.8191131221719457,0.8191131221719457,0.9814991343724022,110500.0,4973103.0,90512.0,0.9659252472327401,0.6141549025794479,0.47699713197926974,0.6972098983251662,0.596120644294628,0.5984086736032176,0.6912239053911907,0.47699713197926974,0.47699713197926974,151868.0,66413.0,0.3131951633151994,0.4666963562477374,0.9696954398489361,0.5998083794809373,0.39593012155539997,0.39593012155539997,0.9865176892269815,251408.0,4859523.0,99540.0,0.9659252472327401,0.6141549025794479,0.47699713197926974,0.6972098983251662,0.8745242128807001,0.9340961517993291,0.44316273422084695,0.3131951633151994,0.5351667144452902,0.43050820399377887,0.4269494697442296,0.8244678042861872,0.6972098983251662,0.6972098983251662,83436.0,57633.0,0.5351667144452902,0.6841412406606155,0.9831690536193414,0.7380877721577663,0.6606223306894448,0.6606223306894448,0.9883132778829296,245850.0,4873861.0,162414.0,0.46780014226708233,0.7113886875931935,0.5564051909451664,0.9241143721568433,0.9619935877107701,0.49123759178955023,0.5998083794809373,0.7380877721577663,0.6097112478094179,0.9698891759559838,0.8191131221719457,0.39593012155539997,0.6606223306894448,0.62522185813893,0.7118935497352564,0.9814991343724022,0.9865176892269815,0.9883132778829296
4,505249792.0,903516160.0,1199570944.0,12,1271.0,23.08,83.0,36.0,0.0001,2425092.0,12.763104915618896,1.28759765625,10462036.0,16094848.0,0.8147536718975269,0.9672981774980947,0.9672981774980947,773289.0,1546374.0,0.9366674449693922,0.6852205334998541,0.7889949462301923,0.9568695526638618,0.9779566237881315,0.9779566237881315,0.6515507200069223,35080334.0,2891500.0,34307045.0,0.7745170755431141,0.5923703645673833,0.5923703645673833,397689.0,289149.0,0.4208282844125586,0.5847964716117019,0.9897317583268784,0.6331564764630656,0.5565208955024153,0.5565208955024153,0.9925132555838128,896748.0,38332311.0,499059.0,0.9672981774980947,0.5923703645673833,0.5070384484692014,0.6260545309232102,0.5751544479865983,0.5631575693077696,0.7178302872236252,0.5070384484692014,0.5070384484692014,1155920.0,719883.0,0.33961922726631033,0.4859781277391782,0.9694472969175766,0.5726599179492415,0.45491001620293087,0.45491001620293087,0.9807505582443196,2120604.0,36677721.0,964684.0,0.9672981774980947,0.5923703645673833,0.5070384484692014,0.6260545309232102,0.8756333108454464,0.9366674449693922,0.4208282844125586,0.33961922726631033,0.455661847586922,0.40536978642193033,0.39194107668191286,0.7829388617845243,0.6260545309232102,0.6260545309232102,602727.0,374219.0,0.455661847586922,0.6158959581117702,0.9842737580465204,0.6860615731023293,0.5757003411421998,0.5757003411421998,0.9901773824268487,1420522.0,37723467.0,817795.0,0.4080190284928279,0.6412719691589194,0.5381942010587958,0.9258664512317968,0.9568695526638618,0.6331564764630656,0.5726599179492415,0.6860615731023293,0.6306259891715454,0.9779566237881315,0.5565208955024153,0.45491001620293087,0.5757003411421998,0.529043750949182,0.6515507200069223,0.9925132555838128,0.9807505582443196,0.9901773824268487,0.7857906401828403,0.965217797322877,0.965217797322877,73435.0,250608.0,0.9327738676078183,0.6662753209242107,0.8294529535399514,0.9472043977796218,0.9839296163810025,0.9839296163810025,0.5876516639846782,4569586.0,357150.0,4496151.0,0.8644075338394355,0.692660491964244,0.692660491964244,29022.0,43283.0,0.5298244929543577,0.6868645407566019,0.9942560072739033,0.653072674954513,0.7373574660633484,0.7373574660633484,0.9914576016155224,110500.0,5023561.0,81478.0,0.965217797322877,0.692660491964244,0.5150087178947935,0.6436637549378034,0.6171109882656136,0.604097104713953,0.7041220168224596,0.5150087178947935,0.5150087178947935,146107.0,52220.0,0.3468092534285376,0.510905223936393,0.9708939936726853,0.6684886459583167,0.41884506459619425,0.41884506459619425,0.9893989690487249,251408.0,4873716.0,105301.0,0.965217797322877,0.692660491964244,0.5150087178947935,0.6436637549378034,0.8739611197656985,0.9327738676078183,0.5298244929543577,0.3468092534285376,0.47456060934822786,0.4503981185770411,0.4327644184663446,0.755809543309257,0.6436637549378034,0.6436637549378034,118999.0,21452.0,0.47456060934822786,0.6523092582691635,0.9763376357440713,0.8553501952084583,0.5159690868415701,0.5159690868415701,0.9956499997769439,245850.0,4910042.0,126851.0,0.4628897520560252,0.6640253084705288,0.5709920558347354,0.9290054900736748,0.9472043977796218,0.653072674954513,0.6684886459583167,0.8553501952084583,0.7256371720404293,0.9839296163810025,0.7373574660633484,0.41884506459619425,0.5159690868415701,0.5573905391670376,0.5876516639846782,0.9914576016155224,0.9893989690487249,0.9956499997769439
4,505249792.0,903516160.0,1199570944.0,13,1271.0,21.36,83.0,25.0,0.0001,2425092.0,12.962665319442749,1.35888671875,10386532.0,16094848.0,0.8226548162272487,0.967953440230207,0.967953440230207,796817.0,1473269.0,0.9378970658514839,0.6942761134091312,0.788160700926405,0.9587974993054466,0.9772859346208049,0.9772859346208049,0.6680236978336924,35080334.0,2964605.0,34283517.0,0.7685967243800991,0.5969127881634432,0.5969127881634432,409235.0,249187.0,0.42542814383014743,0.5914561862272625,0.9894476769701683,0.6617524093932401,0.543645483458006,0.543645483458006,0.9935479653021921,896748.0,38372273.0,487513.0,0.967953440230207,0.5969127881634432,0.5237924143078319,0.6819103502727535,0.6008718509146762,0.5899438195669482,0.730220214566496,0.5237924143078319,0.5237924143078319,1101591.0,751287.0,0.3548230068620292,0.5015973677961097,0.9708171642253658,0.5756159972885951,0.48052960382985227,0.48052960382985227,0.9799108253031398,2120604.0,36646317.0,1019013.0,0.967953440230207,0.5969127881634432,0.5237924143078319,0.6819103502727535,0.8798624350668681,0.9378970658514839,0.42542814383014743,0.3548230068620292,0.5173474736061099,0.43253287476609553,0.41838320185637323,0.8165278998273026,0.6819103502727535,0.6819103502727535,508486.0,342386.0,0.5173474736061099,0.6722014925798896,0.9867110379511321,0.7270567639917029,0.6420428546689175,0.6420428546689175,0.9910129449856876,1420522.0,37755300.0,912036.0,0.3932955221058322,0.6608759691443953,0.5588739225374426,0.9287384438079783,0.9587974993054466,0.6617524093932401,0.5756159972885951,0.7270567639917029,0.6548083902245128,0.9772859346208049,0.543645483458006,0.48052960382985227,0.6420428546689175,0.5554059806522585,0.6680236978336924,0.9935479653021921,0.9799108253031398,0.9910129449856876,0.8455109705913106,0.9694697371977434,0.9694697371977434,107555.0,173479.0,0.9407484400909538,0.726630660319859,0.8014982448498986,0.9625760703784481,0.976462856810223,0.976462856810223,0.7145590843723982,4569586.0,434279.0,4462031.0,0.8464251565008037,0.7241609225625906,0.7241609225625906,33387.0,25359.0,0.5675958162506717,0.7189094135878369,0.9934211148576753,0.752527519712702,0.6978552036199095,0.6978552036199095,0.994995109381698,110500.0,5041485.0,77113.0,0.9694697371977434,0.7241609225625906,0.6100190504983556,0.6538777004586054,0.6626858911731839,0.6472122283384018,0.8021234666951886,0.6100190504983556,0.6100190504983556,94024.0,107205.0,0.4388686411256703,0.5897934409126278,0.9808612479148665,0.5948244258075732,0.6260103099344492,0.6260103099344492,0.978236623455928,251408.0,4818731.0,157384.0,0.9694697371977434,0.7241609225625906,0.6100190504983556,0.6538777004586054,0.8868073559584476,0.9407484400909538,0.5675958162506717,0.4388686411256703,0.48574910368944385,0.49740452035526195,0.47842850290067734,0.7759014129557646,0.6538777004586054,0.6538777004586054,108332.0,37255.0,0.48574910368944385,0.6497921793352763,0.9783447351371924,0.7868377838682177,0.559357331706325,0.559357331706325,0.9924454942052043,245850.0,4894239.0,137518.0,0.42305546244488484,0.7149214255177266,0.608240500289185,0.933692256106606,0.9625760703784481,0.752527519712702,0.5948244258075732,0.7868377838682177,0.7113965764628309,0.976462856810223,0.6978552036199095,0.6260103099344492,0.559357331706325,0.6277409484202279,0.7145590843723982,0.994995109381698,0.978236623455928,0.9924454942052043
4,505249792.0,903516160.0,1199570944.0,14,1271.0,22.16,84.0,34.0,0.0001,2425092.0,12.68199610710144,1.30322265625,10387852.0,16094848.0,0.8289440040741944,0.9681462827885725,0.9681462827885725,841224.0,1411830.0,0.9382592383394966,0.6990909602773258,0.7824758977138383,0.9603985196463263,0.9760200686800758,0.9760200686800758,0.681867939468313,35080334.0,3026044.0,34239110.0,0.7456403732601575,0.5640616810884659,0.5640616810884659,450646.0,238899.0,0.39281748641963565,0.5605728561526258,0.9883953442217636,0.6512428449009563,0.49746640081717497,0.49746640081717497,0.9938143457031402,896748.0,38382561.0,446102.0,0.9681462827885725,0.5640616810884659,0.5103473576880942,0.6603880283639416,0.5782656890468338,0.5706380456830238,0.7267912638473341,0.5103473576880942,0.5103473576880942,1112053.0,823255.0,0.3425948729202044,0.4861562993852158,0.9704919296885917,0.5505774083063382,0.4755961037515727,0.4755961037515727,0.9779864239430954,2120604.0,36574349.0,1008551.0,0.9681462827885725,0.5640616810884659,0.5103473576880942,0.6603880283639416,0.8779114687709718,0.9382592383394966,0.39281748641963565,0.3425948729202044,0.49296963773577995,0.40946066569187334,0.3992257132348989,0.8163357733188316,0.6603880283639416,0.6603880283639416,505560.0,435499.0,0.49296963773577995,0.6482795150450723,0.9867542613924788,0.6775182696871661,0.6441026608528414,0.6441026608528414,0.9885688857848217,1420522.0,37662187.0,914962.0,0.4103910606200027,0.6482963085254163,0.5416603088537792,0.9263761403351083,0.9603985196463263,0.6512428449009563,0.5505774083063382,0.6775182696871661,0.6264461742981534,0.9760200686800758,0.49746640081717497,0.4755961037515727,0.6441026608528414,0.5390550551405296,0.681867939468313,0.9938143457031402,0.9779864239430954,0.9885688857848217,0.9057215314141637,0.9571988743933469,0.9571988743933469,307457.0,73705.0,0.917911240109655,0.7079390317498732,0.6346365462086012,0.9830009635977761,0.9327166618595207,0.9327166618595207,0.8787264009688066,4569586.0,534053.0,4262129.0,0.953510569787833,0.5994207483744897,0.5994207483744897,7432.0,130324.0,0.4279805999402053,0.6318110382886258,0.9984967491593769,0.44160896688832524,0.9327420814479638,0.9327420814479638,0.9742790581277023,110500.0,4936520.0,103068.0,0.9571988743933469,0.5994207483744897,0.558525801856007,0.5985883963460515,0.5855116488588493,0.5800224665141299,0.8528486566422055,0.558525801856007,0.558525801856007,61853.0,237806.0,0.3874684698311986,0.5511996358357636,0.9869782691853844,0.4435477266292432,0.7539736205689557,0.7539736205689557,0.9517236927154555,251408.0,4688130.0,189555.0,0.9571988743933469,0.5994207483744897,0.558525801856007,0.5985883963460515,0.8583917542577497,0.917911240109655,0.4279805999402053,0.3874684698311986,0.427132467567224,0.41419384577954266,0.40847298836499624,0.7542912338838708,0.5985883963460515,0.5985883963460515,118169.0,53076.0,0.427132467567224,0.5892525306805624,0.9763500565486001,0.7063682181049696,0.5193451291437868,0.5193451291437868,0.9892373386239546,245850.0,4878418.0,127681.0,0.4985367908507963,0.7846943732550568,0.5401231943620707,0.9044083221049248,0.9830009635977761,0.44160896688832524,0.4435477266292432,0.7063682181049696,0.5305083038741794,0.9327166618595207,0.9327420814479638,0.7539736205689557,0.5193451291437868,0.7353536103869022,0.8787264009688066,0.9742790581277023,0.9517236927154555,0.9892373386239546
4,505249792.0,903516160.0,1199570944.0,15,1271.0,20.4,83.0,21.0,0.0001,2425092.0,13.11998724937439,1.2353515625,10402684.0,16094848.0,0.8343509747419162,0.9682166484473217,0.9682166484473217,886851.0,1358067.0,0.9383914239266427,0.7026034596723761,0.7764236291608705,0.9618000621632531,0.9747194254193817,0.9747194254193817,0.6939825240644507,35080334.0,3079807.0,34193483.0,0.7803195938197953,0.5984633378190811,0.5984633378190811,387105.0,296781.0,0.42700512513730293,0.5905133057213038,0.9900003316819499,0.6319789589595548,0.5683235423998715,0.5683235423998715,0.992315645239719,896748.0,38324679.0,509643.0,0.9682166484473217,0.5984633378190811,0.5614697681246305,0.6886215869436574,0.616184897629123,0.608926469671363,0.7580535419403857,0.5614697681246305,0.5614697681246305,980801.0,799662.0,0.3903079377015655,0.5383682004442597,0.9739001115604107,0.587689388568497,0.5374897906445523,0.5374897906445523,0.978617293236219,2120604.0,36597942.0,1139803.0,0.9682166484473217,0.5984633378190811,0.5614697681246305,0.6886215869436574,0.8825203668436479,0.9383914239266427,0.42700512513730293,0.3903079377015655,0.5251127974104232,0.44747528674976395,0.4377385209303105,0.816016271541611,0.6886215869436574,0.6886215869436574,511097.0,311344.0,0.5251127974104232,0.680003438655901,0.9866545384405468,0.7449607583416682,0.6402047979545548,0.6402047979545548,0.9918277451286674,1420522.0,37786342.0,909425.0,0.3825603591565469,0.6801843891045901,0.5702043210439836,0.9300106421829654,0.9618000621632531,0.6319789589595548,0.587689388568497,0.7449607583416682,0.65487636862324,0.9747194254193817,0.5683235423998715,0.5374897906445523,0.6402047979545548,0.5820060436663262,0.6939825240644507,0.992315645239719,0.978617293236219,0.9918277451286674,0.8638680081588321,0.9681380330759313,0.9681380330759313,145049.0,146179.0,0.9382437420015628,0.7283234513590158,0.7608930019715542,0.9680183586116486,0.9682577371341736,0.9682577371341736,0.7594782791834908,4569586.0,461579.0,4424537.0,0.8904648780791125,0.6919241248136534,0.6919241248136534,23010.0,54899.0,0.5289632948204039,0.6901219809228495,0.9954299492249683,0.61444353145257,0.7917647058823529,0.7917647058823529,0.9891650502758719,110500.0,5011945.0,87490.0,0.9681380330759313,0.6919241248136534,0.5984161597612762,0.7317005403477633,0.6740136083075643,0.6708213039346633,0.776594823745352,0.5984161597612762,0.5984161597612762,108023.0,84422.0,0.42695709138552246,0.5797518632922044,0.9781751303202704,0.6294143726926741,0.5703279131928976,0.5703279131928976,0.9828617342978065,251408.0,4841514.0,143385.0,0.9681380330759313,0.6919241248136534,0.5984161597612762,0.7317005403477633,0.8875227930648345,0.9382437420015628,0.5289632948204039,0.42695709138552246,0.5769146511726758,0.510945012459534,0.5046885764272652,0.8527605564161465,0.7317005403477633,0.7317005403477633,69407.0,59989.0,0.5769146511726758,0.7187497191387239,0.9859525933673783,0.7462737700480476,0.7176855806386008,0.7176855806386008,0.9878355321936922,245850.0,4871505.0,176443.0,0.4181753487526616,0.7620089842120061,0.6177696948450413,0.9332690661466574,0.9680183586116486,0.61444353145257,0.6294143726926741,0.7462737700480476,0.6633772247310973,0.9682577371341736,0.7917647058823529,0.5703279131928976,0.7176855806386008,0.6932593999046169,0.7594782791834908,0.9891650502758719,0.9828617342978065,0.9878355321936922
4,505249792.0,903516160.0,1199570944.0,16,1271.0,22.66,83.0,21.0,0.0001,2425092.0,11.977895975112915,1.34326171875,10316540.0,16094848.0,0.8313599498754882,0.9693081665475188,0.9693081665475188,773612.0,1398940.0,0.9404442094982483,0.7087176754298227,0.7970878253009931,0.9608202194934797,0.9779474163501408,0.9779474163501408,0.6847724834008356,35080334.0,3038934.0,34306722.0,0.7728754839526946,0.6180191017333609,0.6180191017333609,402507.0,208447.0,0.4471980057817851,0.614978727905687,0.9896302561449647,0.7033576779452616,0.5511481486437662,0.5511481486437662,0.994602819261623,896748.0,38413013.0,494241.0,0.9693081665475188,0.6180191017333609,0.5736032408471498,0.7334189595896395,0.6416804340567167,0.6350292469959105,0.7563101954822962,0.5736032408471498,0.5736032408471498,995078.0,678276.0,0.4021344251986509,0.5534768835322438,0.9736154402113611,0.6239742499453931,0.5307572748141567,0.5307572748141567,0.9818631161504358,2120604.0,36719328.0,1125526.0,0.9693081665475188,0.6180191017333609,0.5736032408471498,0.7334189595896395,0.8873744444765188,0.9404442094982483,0.4471980057817851,0.4021344251986509,0.5790541119674573,0.47612884764929775,0.46523285982377965,0.847916173295636,0.7334189595896395,0.7334189595896395,420660.0,306194.0,0.5790541119674573,0.724596525174144,0.9889914600988712,0.7655582915280815,0.7038694226488572,0.7038694226488572,0.9919629239424148,1420522.0,37791492.0,999862.0,0.36428244285915623,0.6909305656142303,0.5922076881115353,0.9344135999284178,0.9608202194934797,0.7033576779452616,0.6239742499453931,0.7655582915280815,0.6976300731395787,0.9779474163501408,0.5511481486437662,0.5307572748141567,0.7038694226488572,0.5952582820355934,0.6847724834008356,0.994602819261623,0.9818631161504358,0.9919629239424148,0.8847986903516001,0.9664090920223496,0.9664090920223496,189676.0,114802.0,0.9350015412899187,0.7321888220242925,0.7221401868063613,0.9744584302620501,0.9584916445384768,0.9584916445384768,0.8111057361647235,4569586.0,492956.0,4379910.0,0.9391187083672362,0.6751873794198495,0.6751873794198495,11634.0,83489.0,0.5096474542370959,0.6885504012120938,0.9976708657416463,0.542162265909901,0.8947149321266968,0.8947149321266968,0.9835224846077756,110500.0,4983355.0,98866.0,0.9664090920223496,0.6751873794198495,0.5631475612207398,0.7498326779059592,0.6627225395155162,0.6616371794573733,0.7654114338881401,0.5631475612207398,0.5631475612207398,112727.0,102432.0,0.39193138141532896,0.5414713745180004,0.9771633458806932,0.5751701484366252,0.5516172914147521,0.5516172914147521,0.979205576361528,251408.0,4823504.0,138681.0,0.9664090920223496,0.6751873794198495,0.5631475612207398,0.7498326779059592,0.8836341634399804,0.9350015412899187,0.5096474542370959,0.39193138141532896,0.5997858563843941,0.5004548973456063,0.49436308996473677,0.8779885319723272,0.7498326779059592,0.7498326779059592,56512.0,69826.0,0.5997858563843941,0.7372986409146203,0.9885095706135196,0.7305721473661465,0.7701362619483425,0.7701362619483425,0.9858408019963119,245850.0,4861668.0,189338.0,0.42910128492343275,0.793740032507067,0.6090915583316845,0.9284287464769581,0.9744584302620501,0.542162265909901,0.5751701484366252,0.7305721473661465,0.6159681872375575,0.9584916445384768,0.8947149321266968,0.5516172914147521,0.7701362619483425,0.7388228284965971,0.8111057361647235,0.9835224846077756,0.979205576361528,0.9858408019963119
4,505249792.0,903516160.0,1199570944.0,17,1271.0,21.35,83.0,22.0,0.0001,2425092.0,12.91585087776184,1.45068359375,10367796.0,16094848.0,0.8278816392028203,0.968284716270232,0.968284716270232,820413.0,1423892.0,0.9385193100656346,0.6994914085394356,0.786038475430935,0.9600969773045274,0.9766133070454802,0.9766133070454802,0.6791499713601603,35080334.0,3013982.0,34259921.0,0.7861636463373292,0.6192894248520033,0.6192894248520033,377454.0,261022.0,0.4485295006780276,0.6126194212687619,0.9902562070233455,0.6654919289108515,0.579085763224451,0.579085763224451,0.9932415294502072,896748.0,38360438.0,519294.0,0.968284716270232,0.6192894248520033,0.5256009590251781,0.7125254064138816,0.6191385967636877,0.6082536726017976,0.72521386710652,0.5256009590251781,0.5256009590251781,1127743.0,664538.0,0.3564848758160266,0.5063704104015833,0.9702134468389199,0.5990476644429013,0.46819726832543934,0.46819726832543934,0.9822304658876008,2120604.0,36733066.0,992861.0,0.968284716270232,0.6192894248520033,0.5256009590251781,0.7125254064138816,0.8823251729946341,0.9385193100656346,0.4485295006780276,0.3564848758160266,0.553428712274019,0.45281436292269106,0.4370434903456123,0.8481149482144799,0.7125254064138816,0.7125254064138816,416858.0,393016.0,0.553428712274019,0.7019276369531954,0.9890650238364003,0.7186069822722456,0.7065459035481323,0.7065459035481323,0.9896839928808274,1420522.0,37704670.0,1003664.0,0.38820543830865256,0.6826105605358757,0.574240599708427,0.9306024200287625,0.9600969773045274,0.6654919289108515,0.5990476644429013,0.7186069822722456,0.6610488585419995,0.9766133070454802,0.579085763224451,0.46819726832543934,0.7065459035481323,0.5846096450326742,0.6791499713601603,0.9932415294502072,0.9822304658876008,0.9896839928808274,0.8774190763780593,0.9709511794351793,0.9709511794351793,134248.0,131144.0,0.9435423859698387,0.7531737631697705,0.7802318690637166,0.971281174435813,0.9706214085915004,0.9706214085915004,0.7842167441646182,4569586.0,476614.0,4435338.0,0.8619992069139213,0.7059486323953934,0.7059486323953934,29677.0,37654.0,0.545533701418794,0.6997515435524295,0.9941336666886084,0.682183039746111,0.7314298642533936,0.7314298642533936,0.9925685495744491,110500.0,5029190.0,80823.0,0.9709511794351793,0.7059486323953934,0.6344854146215881,0.7293023619278332,0.6899121363149382,0.6877402307528188,0.7938503189375989,0.6344854146215881,0.6344854146215881,99838.0,74795.0,0.46464931346431515,0.6177886283380443,0.9798346953198549,0.6695823117531421,0.6028845541907975,0.6028845541907975,0.9848160836844003,251408.0,4851141.0,151570.0,0.9709511794351793,0.7059486323953934,0.6344854146215881,0.7293023619278332,0.8942420860683785,0.9435423859698387,0.545533701418794,0.46464931346431515,0.5739385516087769,0.528040522163962,0.5240884822273889,0.8715626664767055,0.7293023619278332,0.7293023619278332,59196.0,79366.0,0.5739385516087769,0.7158631219437425,0.9879470383139047,0.7016540109766183,0.7592190359975595,0.7592190359975595,0.9839062969558515,245850.0,4852128.0,186654.0,0.4093613160561912,0.7660387157583127,0.6319159881154313,0.9376207182678995,0.971281174435813,0.682183039746111,0.6695823117531421,0.7016540109766183,0.6844731208252904,0.9706214085915004,0.7314298642533936,0.6028845541907975,0.7592190359975595,0.6978444848139169,0.7842167441646182,0.9925685495744491,0.9848160836844003,0.9839062969558515
4,505249792.0,903516160.0,1199570944.0,18,1271.0,21.01,84.0,30.0,0.0001,2425092.0,12.55593729019165,1.3505859375,10369524.0,16094848.0,0.837414608053088,0.9697548981872626,0.9697548981872626,796191.0,1342344.0,0.9412856188114449,0.71508204136043,0.7954141625260392,0.9623217411247985,0.977303779376787,0.977303779376787,0.6975254367293889,35080334.0,3095530.0,34284143.0,0.7958459644242685,0.6486940431803129,0.6486940431803129,361061.0,219151.0,0.48004971776119526,0.6437356430622848,0.9906855105735131,0.7096714791783137,0.5973662612015862,0.5973662612015862,0.9943256676469507,896748.0,38402309.0,535687.0,0.9697548981872626,0.6486940431803129,0.6085782194245147,0.7334867264882716,0.6635863296976998,0.6570898104889854,0.7764691278932847,0.6085782194245147,0.6085782194245147,911538.0,643742.0,0.43737867835647204,0.5894430007207405,0.9757990622693506,0.6525587108863952,0.5701517114935178,0.5701517114935178,0.9827865442930515,2120604.0,36753862.0,1209066.0,0.9697548981872626,0.6486940431803129,0.6085782194245147,0.7334867264882716,0.8907611301976813,0.9412856188114449,0.48004971776119526,0.43737867835647204,0.5791386018833377,0.498855666000335,0.4893028704534942,0.8452951141806526,0.7334867264882716,0.7334867264882716,428629.0,292182.0,0.5791386018833377,0.7250582381957394,0.988789362635737,0.7724572162840956,0.6982595130522442,0.6982595130522442,0.992330715309061,1420522.0,37805504.0,991893.0,0.3536963562664899,0.7107703162810338,0.6094631542031125,0.9368033337948928,0.9623217411247985,0.7096714791783137,0.6525587108863952,0.7724572162840956,0.7115624687829348,0.977303779376787,0.5973662612015862,0.5701517114935178,0.6982595130522442,0.6219258285824494,0.6975254367293889,0.9943256676469507,0.9827865442930515,0.992330715309061,0.8550230992113311,0.9697426555907876,0.9697426555907876,117208.0,160633.0,0.9412625504231411,0.7333822722636032,0.7923070243987149,0.9651782751005796,0.9743504116127807,0.9743504116127807,0.7356957868098816,4569586.0,447125.0,4452378.0,0.9144043153321737,0.7327060683929632,0.7327060683929632,17831.0,49781.0,0.5781658462325541,0.732281020102372,0.9964585153133313,0.6505370305370305,0.838633484162896,0.838633484162896,0.9901751465014514,110500.0,5017063.0,92669.0,0.9697426555907876,0.7327060683929632,0.5924898070196204,0.7456086918211526,0.6902681890779121,0.6909497641394738,0.7311058145877195,0.5924898070196204,0.5924898070196204,133773.0,28044.0,0.4209488570487955,0.6007869103927531,0.9734137705908481,0.8074945599571661,0.4679047603894864,0.4679047603894864,0.9943068687859525,251408.0,4897892.0,117635.0,0.9697426555907876,0.7327060683929632,0.5924898070196204,0.7456086918211526,0.8917758516079434,0.9412625504231411,0.5781658462325541,0.4209488570487955,0.5943988027975445,0.5311711686929647,0.527825247046586,0.8875472614633086,0.7456086918211526,0.7456086918211526,51226.0,81580.0,0.5943988027975445,0.7335259675158168,0.9895481459415565,0.7046386004547364,0.7916371771405328,0.7916371771405328,0.9834573457860843,245850.0,4849914.0,194624.0,0.40653226194502434,0.768131458326424,0.6336940141255087,0.9381849071647548,0.9651782751005796,0.6505370305370305,0.8074945599571661,0.7046386004547364,0.7208900636496444,0.9743504116127807,0.838633484162896,0.4679047603894864,0.7916371771405328,0.6993918072309717,0.7356957868098816,0.9901751465014514,0.9943068687859525,0.9834573457860843
4,505249792.0,903516160.0,1199570944.0,19,1271.0,24.48,84.0,38.0,0.0001,2425108.0,11.724133014678955,1.45703125,10384548.0,16094848.0,0.8441992383174275,0.9703943692398117,0.9703943692398117,810770.0,1280281.0,0.942491319247488,0.7231604937177974,0.7956915735783243,0.9639863127391975,0.9768881904032043,0.9768881904032043,0.7115102862316506,35080334.0,3157593.0,34269564.0,0.7906822930349797,0.6420182396327191,0.6420182396327191,370381.0,216611.0,0.4727738312619739,0.6374306714708586,0.9904479999215995,0.7084557012455281,0.5869731518776735,0.5869731518776735,0.9943914341922858,896748.0,38404849.0,526367.0,0.9703943692398117,0.6420182396327191,0.5921160523597593,0.7430250161954274,0.659053102729302,0.6526730093381854,0.7660287465876235,0.5921160523597593,0.5921160523597593,955478.0,649735.0,0.4205716340130215,0.572794190782388,0.9746580058263793,0.6419918660437356,0.5494311997902485,0.5494311997902485,0.9826262933849986,2120604.0,36747869.0,1165126.0,0.9703943692398117,0.6420182396327191,0.5921160523597593,0.7430250161954274,0.8911951759612058,0.942491319247488,0.4727738312619739,0.4205716340130215,0.591121562297495,0.4948223425241635,0.4844206446258371,0.8654967508720843,0.7430250161954274,0.7430250161954274,368753.0,358755.0,0.591121562297495,0.7334833835156586,0.9903233951451891,0.7456583510808749,0.7404102153996911,0.7404102153996911,0.9905832863444777,1420522.0,37738931.0,1051769.0,0.36348058735553307,0.7134256893677043,0.6067395867049946,0.9366018317429778,0.9639863127391975,0.7084557012455281,0.6419918660437356,0.7456583510808749,0.6987019727900462,0.9768881904032043,0.5869731518776735,0.5494311997902485,0.7404102153996911,0.6256048556892043,0.7115102862316506,0.9943914341922858,0.9826262933849986,0.9905832863444777,0.8487731694090134,0.9705969317036119,0.9705969317036119,100305.0,170478.0,0.9428735561376387,0.7360470064443776,0.8134155528893106,0.9632571433128315,0.9780494337999109,0.9780494337999109,0.7194969050181158,4569586.0,437280.0,4469281.0,0.8745191357526112,0.6739118220709694,0.6739118220709694,26538.0,54716.0,0.5081953321712183,0.6704900594362813,0.9947331297609328,0.6054457087641876,0.7598371040723982,0.7598371040723982,0.989201167432824,110500.0,5012128.0,83962.0,0.9705969317036119,0.6739118220709694,0.6382869575174626,0.7702643004036865,0.6941543599973728,0.6989871156500717,0.7724893125050507,0.6382869575174626,0.6382869575174626,112054.0,45888.0,0.46873822722135516,0.6306696650011442,0.9775537438938547,0.7522808002504832,0.5542942149812258,0.5542942149812258,0.9906844100288758,251408.0,4880048.0,139354.0,0.9705969317036119,0.6739118220709694,0.6382869575174626,0.7702643004036865,0.8955429543208165,0.9428735561376387,0.5081953321712183,0.46873822722135516,0.6263657309912544,0.5344330967946093,0.5372637919718463,0.8562026476888553,0.7702643004036865,0.7702643004036865,68876.0,36691.0,0.6263657309912544,0.7616982577482013,0.9861240019751478,0.8282779116841785,0.7198454342078503,0.7198454342078503,0.9925598611698605,245850.0,4894803.0,176974.0,0.4118201955209804,0.7530065467653464,0.6365432116303666,0.9405538824540151,0.9632571433128315,0.6054457087641876,0.7522808002504832,0.8282779116841785,0.7286681402329499,0.9780494337999109,0.7598371040723982,0.5542942149812258,0.7198454342078503,0.6779922510871582,0.7194969050181158,0.989201167432824,0.9906844100288758,0.9925598611698605
4,505249792.0,903516160.0,1199570944.0,20,1271.0,22.04,84.0,41.0,0.0001,2425188.0,13.573003053665161,1.42333984375,10278292.0,16094848.0,0.8378067997324394,0.9703764036079398,0.9703764036079398,751458.0,1344522.0,0.9424574252263345,0.7197937070751851,0.8045526306891628,0.9623102346459959,0.9785789382735067,0.9785789382735067,0.6970346611913723,35080334.0,3093352.0,34328876.0,0.7870564484502878,0.6284005062117201,0.6284005062117201,376362.0,239090.0,0.45815160260530113,0.622737541133913,0.9902896204137948,0.6851908421069264,0.580303496634506,0.580303496634506,0.9938094002660697,896748.0,38382370.0,520386.0,0.9703764036079398,0.6284005062117201,0.5860364740899278,0.7096023968133547,0.6413464590383341,0.6347019879063357,0.7628543907162355,0.5860364740899278,0.5860364740899278,968393.0,659401.0,0.4144636430510017,0.5664422649538916,0.9743176764086581,0.6360142237962654,0.5433409538037276,0.5433409538037276,0.9823678276287433,2120604.0,36738203.0,1152211.0,0.9703764036079398,0.6284005062117201,0.5860364740899278,0.7096023968133547,0.8890241212148481,0.9424574252263345,0.45815160260530113,0.4144636430510017,0.5499098844115852,0.47417504335596267,0.4648816465593688,0.8322973436821496,0.7096023968133547,0.7096023968133547,464601.0,317801.0,0.5499098844115852,0.7005004314505536,0.987851817383557,0.7504942208739427,0.6729364275949263,0.6729364275949263,0.9916582597693728,1420522.0,37779885.0,955921.0,0.37045110225875183,0.6937899540766665,0.5912456388235556,0.9351991365600384,0.9623102346459959,0.6851908421069264,0.6360142237962654,0.7504942208739427,0.6905664289257114,0.9785789382735067,0.580303496634506,0.5433409538037276,0.6729364275949263,0.5988602926777199,0.6970346611913723,0.9938094002660697,0.9823678276287433,0.9916582597693728,0.8493607803363568,0.9689885657653763,0.9689885657653763,117491.0,167478.0,0.9398426958132717,0.7254024732388625,0.7893562053244073,0.9637459999008566,0.9742884804006314,0.9742884804006314,0.724433080272082,4569586.0,440280.0,4452095.0,0.9042331040621248,0.6958504647064921,0.6958504647064921,19870.0,59357.0,0.5335664706194034,0.6966507442994149,0.9960476250244412,0.6042523685386066,0.8201809954751131,0.8201809954751131,0.9882852126491363,110500.0,5007487.0,90630.0,0.9689885657653763,0.6958504647064921,0.6089836544568212,0.6738307793902542,0.6595549661845225,0.6530837070549081,0.7723296861383637,0.6089836544568212,0.6089836544568212,110931.0,69464.0,0.43779762646787507,0.5935339723261851,0.9776682101291158,0.6691260878056215,0.5587610577229046,0.5587610577229046,0.9858983145538228,251408.0,4856472.0,140477.0,0.9689885657653763,0.6958504647064921,0.6089836544568212,0.6738307793902542,0.8862911386578146,0.9398426958132717,0.5335664706194034,0.43779762646787507,0.508103165808991,0.4931557542987565,0.48487326976119044,0.799117970470754,0.6738307793902542,0.6738307793902542,96363.0,48356.0,0.508103165808991,0.663656886993195,0.9806480609201604,0.7555839731504274,0.6080414887126296,0.6080414887126296,0.9901944522288783,245850.0,4883138.0,149487.0,0.42795290147201925,0.7403180055778197,0.6048274896773853,0.9334301526033426,0.9637459999008566,0.6042523685386066,0.6691260878056215,0.7555839731504274,0.6763208098315517,0.9742884804006314,0.8201809954751131,0.5587610577229046,0.6080414887126296,0.6623278473035491,0.724433080272082,0.9882852126491363,0.9858983145538228,0.9901944522288783
4,505249792.0,903516160.0,1199570944.0,21,1271.0,21.97,84.0,40.0,0.0001,2425204.0,12.754026889801025,1.55126953125,10317224.0,16094848.0,0.8539313643212076,0.9719278358593542,0.9719278358593542,783863.0,1197305.0,0.9453887283017508,0.7389924316162846,0.8052239421612789,0.9662671844212912,0.9776552013444342,0.9776552013444342,0.730207527297981,35080334.0,3240569.0,34296471.0,0.8197294161813954,0.6710394921282192,0.6710394921282192,317500.0,250424.0,0.504935615583365,0.6642289154133131,0.9917934346236311,0.6981650579988237,0.6459428958860237,0.6459428958860237,0.9935159364767671,896748.0,38371036.0,579248.0,0.9719278358593542,0.6710394921282192,0.6237085594485677,0.7785764338238013,0.6911081618001962,0.6853630677028224,0.7788876362878281,0.6237085594485677,0.6237085594485677,906061.0,559438.0,0.4531805844833775,0.6070314395622003,0.9759947130457858,0.6846426201858983,0.5727344662181152,0.5727344662181152,0.985040806357541,2120604.0,36838166.0,1214543.0,0.9719278358593542,0.6710394921282192,0.6237085594485677,0.7785764338238013,0.897911600131177,0.9453887283017508,0.504935615583365,0.4531805844833775,0.6374336105706725,0.5318499368791384,0.5213325830617195,0.8851933384483444,0.7785764338238013,0.7785764338238013,314437.0,314694.0,0.6374336105706725,0.7703195956220891,0.9917465034189052,0.7785060167696736,0.7786468636177405,0.7786468636177405,0.9917398132789482,1420522.0,37782992.0,1106085.0,0.34302165209752805,0.7437448567665784,0.6352346347347914,0.9412457923193278,0.9662671844212912,0.6981650579988237,0.6846426201858983,0.7785060167696736,0.7204378983181318,0.9776552013444342,0.6459428958860237,0.5727344662181152,0.7786468636177405,0.6657747419072931,0.730207527297981,0.9935159364767671,0.985040806357541,0.9917398132789482,0.8677751325984207,0.9730793366740196,0.9730793366740196,99875.0,147438.0,0.947570120482745,0.7621835425885092,0.8217138674925696,0.9680673073361938,0.9781435342282648,0.9781435342282648,0.7574067309685764,4569586.0,460320.0,4469711.0,0.8747796493317066,0.74199725429738,0.74199725429738,26996.0,31075.0,0.5898216493024898,0.7363927489771821,0.9946677359111079,0.7287897433212019,0.7556923076923077,0.7556923076923077,0.9938669909711055,110500.0,5035769.0,83504.0,0.9730793366740196,0.74199725429738,0.6871300636916341,0.780791928984522,0.7366397489911787,0.7384012884080096,0.7939958485713706,0.6871300636916341,0.6871300636916341,101827.0,34390.0,0.5233801496161624,0.6827055506151646,0.9796075718757641,0.8130683640356361,0.5949731114363902,0.5949731114363902,0.993018585706351,251408.0,4891546.0,149581.0,0.9730793366740196,0.74199725429738,0.6871300636916341,0.780791928984522,0.9047505786350256,0.947570120482745,0.5898216493024898,0.5233801496161624,0.640409088117503,0.5845369623453851,0.5852901414874094,0.8964964096590682,0.780791928984522,0.780791928984522,47726.0,63521.0,0.640409088117503,0.7699184988888381,0.9902911061071884,0.7572244835559633,0.805873500101688,0.805873500101688,0.9871193192164484,245850.0,4867973.0,198124.0,0.38698003412802007,0.7836706133646627,0.6752952518797251,0.9466089176226266,0.9680673073361938,0.7287897433212019,0.8130683640356361,0.7572244835559633,0.7663608636376004,0.9781435342282648,0.7556923076923077,0.5949731114363902,0.805873500101688,0.7188463064101286,0.7574067309685764,0.9938669909711055,0.993018585706351,0.9871193192164484
4,505249792.0,903516160.0,1199570944.0,22,1271.0,20.14,84.0,41.0,0.0001,2425204.0,14.046943187713623,1.76806640625,10336232.0,16094848.0,0.8486502475633246,0.971223221876341,0.971223221876341,788502.0,1243592.0,0.9440563225461918,0.731333031798341,0.8020224044286609,0.9650041603555933,0.977522962010567,0.977522962010567,0.7197775331160822,35080334.0,3194282.0,34291832.0,0.7994556952777138,0.6461154702513484,0.6461154702513484,354095.0,240339.0,0.4772308539276238,0.6400007331675847,0.9908585768567807,0.6930505037088501,0.6051343298228711,0.6051343298228711,0.9937770607325564,896748.0,38381121.0,542653.0,0.971223221876341,0.6461154702513484,0.614978838796578,0.7255493922674884,0.6622145671051384,0.6565940571390027,0.7841436007878972,0.614978838796578,0.614978838796578,876912.0,680370.0,0.44402125831942746,0.5950451362832319,0.9766742407182225,0.6463887338349804,0.5864800783173096,0.5864800783173096,0.9818071232584847,2120604.0,36717234.0,1243692.0,0.971223221876341,0.6461154702513484,0.614978838796578,0.7255493922674884,0.8931596430219381,0.9440563225461918,0.4772308539276238,0.44402125831942746,0.5693036574860895,0.4968519232443802,0.48875327716704964,0.8403803917629741,0.7255493922674884,0.7255493922674884,442390.0,297598.0,0.5693036574860895,0.7169938219671256,0.988431973472012,0.7667233662295313,0.6885722290819853,0.6885722290819853,0.9921885544439628,1420522.0,37800088.0,978132.0,0.36032942033822263,0.7144273998081832,0.6086530230698332,0.9377021599764848,0.9650041603555933,0.6930505037088501,0.6463887338349804,0.7667233662295313,0.7020542012577873,0.977522962010567,0.6051343298228711,0.5864800783173096,0.6885722290819853,0.6267288790740554,0.7197775331160822,0.9937770607325564,0.9818071232584847,0.9921885544439628,0.8538323004879043,0.9701897785599461,0.9701897785599461,111091.0,162894.0,0.942105407735479,0.7357413385184164,0.8001798706729861,0.9647521556830642,0.9756890449156663,0.9756890449156663,0.7319755560601423,4569586.0,444864.0,4458495.0,0.8896608790518957,0.7261448869087846,0.7261448869087846,23465.0,42183.0,0.5700372667553034,0.7220048363145076,0.9953517404280321,0.6735516723676268,0.7876470588235294,0.7876470588235294,0.9916746992802621,110500.0,5024661.0,87035.0,0.9701897785599461,0.7261448869087846,0.5573086277257925,0.7424228003680128,0.6752921050008633,0.6773267979304175,0.7122037627761405,0.5573086277257925,0.5573086277257925,143250.0,28578.0,0.3862978863228876,0.5688976076864636,0.9715808092991957,0.7909987128481161,0.43020906255966396,0.43020906255966396,0.994198462992617,251408.0,4897358.0,108158.0,0.9701897785599461,0.7261448869087846,0.5573086277257925,0.7424228003680128,0.8904718503914254,0.942105407735479,0.5700372667553034,0.3862978863228876,0.5903596221252044,0.5155649250677984,0.5120893028380756,0.8953081869998947,0.7424228003680128,0.7424228003680128,46936.0,91087.0,0.5903596221252044,0.7312300120025202,0.9903964178491258,0.6859079796276565,0.809086841570063,0.809086841570063,0.9815295324297262,245850.0,4840407.0,198914.0,0.4177911904039262,0.7506580019672306,0.6222000457347185,0.9372763331932358,0.9647521556830642,0.6735516723676268,0.7909987128481161,0.6859079796276565,0.7168194549477999,0.9756890449156663,0.7876470588235294,0.43020906255966396,0.809086841570063,0.6756476543177521,0.7319755560601423,0.9916746992802621,0.994198462992617,0.9815295324297262
4,50529792.0,903516160.0,1199570944.0,23,1271.0,21.19,83.0,36.0,0.0001,2425204.0,13.321674346923828,1.59765625,10381416.0,16094848.0,0.8518983994707551,0.9723530343431416,0.9723530343431416,731297.0,1221999.0,0.9461936509700355,0.7410974997169856,0.8147288742421156,0.9656462353247176,0.9791536477389298,0.9791536477389298,0.7246431512025804,35080334.0,3215875.0,34349037.0,0.7949288041826772,0.6527337068819493,0.6527337068819493,363038.0,204849.0,0.4844875212986237,0.6486377242528607,0.9906384402808803,0.7226369186483409,0.5951616284619536,0.5951616284619536,0.9946959799034009,896748.0,38416611.0,533710.0,0.9723530343431416,0.6527337068819493,0.6345345129445692,0.7577759115788437,0.6816813771351208,0.6792303822781652,0.7877945901858794,0.6345345129445692,0.6345345129445692,867326.0,576346.0,0.4647019781605147,0.6172746820795569,0.9769870367111696,0.6849921076680235,0.5910004885400575,0.5910004885400575,0.9845886918317013,2120604.0,36821258.0,1253278.0,0.9723530343431416,0.6527337068819493,0.6345345129445692,0.7577759115788437,0.8977948036035939,0.9461936509700355,0.4844875212986237,0.4647019781605147,0.610015470350412,0.5197349899365168,0.5142686303230946,0.8691717608220102,0.7577759115788437,0.7577759115788437,359821.0,318288.0,0.610015470350412,0.7489717740357953,0.9905655907636703,0.7691874264406751,0.7466980448032484,0.7466980448032484,0.9916454768407719,1420522.0,37779398.0,1060701.0,0.3516332128550085,0.7280034523860474,0.6263496551948964,0.9412553828351731,0.9656462353247176,0.7226369186483409,0.6849921076680235,0.7691874264406751,0.7256054842523465,0.9791536477389298,0.5951616284619536,0.5910004885400575,0.7466980448032484,0.6442867206017532,0.7246431512025804,0.9946959799034009,0.9845886918317013,0.9916454768407719,0.9053966939527864,0.9638310247373354,0.9638310247373354,241990.0,82807.0,0.9301871101602982,0.7346726169045195,0.6844737730803282,0.9812246182491713,0.9470433426572998,0.9470433426572998,0.8637500452482731,4569586.0,524951.0,4327596.0,0.9005814430431587,0.6943823699980668,0.6943823699980668,20699.0,58349.0,0.5318420600655023,0.694497530376124,0.9958842311511547,0.6061491731353358,0.8126787330316743,0.8126787330316743,0.9884841530546431,110500.0,5008495.0,89801.0,0.9638310247373354,0.6943823699980668,0.602117341511192,0.6551155950972766,0.6505384355355118,0.6362294582304926,0.8852225453561011,0.602117341511192,0.602117341511192,46232.0,224931.0,0.430735253674379,0.6000216334726196,0.9902612825102265,0.4770347843676109,0.8161076815375804,0.8161076815375804,0.9543374091746218,251408.0,4701005.0,205176.0,0.9638310247373354,0.6943823699980668,0.602117341511192,0.6551155950972766,0.8763926952383284,0.9301871101602982,0.5318420600655023,0.430735253674379,0.4871166567989624,0.4832313235129479,0.46652236482904075,0.7847760039554987,0.6551155950972766,0.6551155950972766,103515.0,46349.0,0.4871166567989624,0.6463954012039913,0.9792499388613375,0.7543564902164466,0.5789505796217206,0.5789505796217206,0.990601428289277,245850.0,4885145.0,142335.0,0.4436959677104709,0.7886950842120688,0.5949702701747854,0.9203383047369462,0.9812246182491713,0.6061491731353358,0.4770347843676109,0.7543564902164466,0.6125134825731311,0.9470433426572998,0.8126787330316743,0.8161076815375804,0.5789505796217206,0.7359123313969919,0.8637500452482731,0.9884841530546431,0.9543374091746218,0.990601428289277
4,50529792.0,903516160.0,1199570944.0,24,1271.0,22.89,84.0,50.0,0.0001,2425204.0,12.745225191116333,1.77880859375,10327216.0,16094848.0,0.8485157895528517,0.9714683150414577,0.9714683150414577,768111.0,1247365.0,0.9445195799491732,0.7330296311498541,0.8059649574851843,0.9649218376770844,0.9781042278559834,0.9781042278559834,0.7189273512497201,35080334.0,3190509.0,34312223.0,0.8046638023901294,0.6686058997171834,0.6686058997171834,345677.0,200599.0,0.502184814830678,0.6642908764135765,0.9910831088398969,0.7331288996501124,0.6145215824289544,0.6145215824289544,0.9948060223513042,896748.0,38420861.0,551071.0,0.9714683150414577,0.6686058997171834,0.6386377012108874,0.7615885339268901,0.6896107116183203,0.6831972963953764,0.8001786482478386,0.6386377012108874,0.6386377012108874,809218.0,674833.0,0.46911663543124027,0.619223050427616,0.9784392455193355,0.6602424002589845,0.618402115623662,0.618402115623662,0.9819551808720153,2120604.0,36722771.0,1311386.0,0.9714683150414577,0.6686058997171834,0.6386377012108874,0.7615885339268901,0.8971253861625547,0.9445195799491732,0.502184814830678,0.46911663543124027,0.61497212743178,0.5287578592312328,0.5188304174385335,0.8511945071591727,0.7615885339268901,0.7615885339268901,414748.0,214957.0,0.61497212743178,0.7557113114122498,0.9891703570968918,0.8239112466219012,0.7080312730109073,0.7080312730109073,0.9943577413074379,1420522.0,37882729.0,1005774.0,0.35136265027186964,0.7297647997298767,0.6326982894107178,0.9408436232736059,0.9649218376770844,0.7331288996501124,0.6602424002589845,0.8239112466219012,0.7390941821769994,0.9781042278559834,0.6145215824289544,0.618402115623662,0.7080312730109073,0.6469849903545078,0.7189273512497201,0.9948060223513042,0.9819551808720153,0.9943577413074379,0.8541931867090922,0.9709632077574071,0.9709632077574071,103665.0,163443.0,0.9435651038690023,0.7411923856979784,0.81082338771488,0.9646942862993707,0.9773141374295177,0.9773141374295177,0.7310722359886666,4569586.0,444315.0,4465921.0,0.8837790578544327,0.675327120399134,0.675327120399134,24412.0,58364.0,0.509806708357021,0.67358217907746,0.9951495084734582,0.5959626727217345,0.7790769230769231,0.7790769230769231,0.9884811926319421,110500.0,5008480.0,86088.0,0.9709632077574071,0.675327120399134,0.5750614840739092,0.7402230966744832,0.6635372337158422,0.6613505829175816,0.7511746952563716,0.5750614840739092,0.5750614840739092,121518.0,70445.0,0.4035693313407052,0.5598570875054887,0.9755841309509387,0.6483639903162204,0.5166502259275759,0.5166502259275759,0.9856991645851672,251408.0,4855491.0,129890.0,0.9709632077574071,0.675327120399134,0.5750614840739092,0.7402230966744832,0.8911815192924898,0.9435651038690023,0.509806708357021,0.4035693313407052,0.5875826860458128,0.5003195752478463,0.49404315609309635,0.8342517527686849,0.7402230966744832,0.7402230966744832,79654.0,36997.0,0.5875826860458128,0.7321738202844847,0.9839864129577087,0.8179218772300227,0.6760056945291845,0.6760056945291845,0.9924978110081853,245850.0,4894497.0,166196.0,0.410322614862949,0.7372617452408003,0.6111309574031354,0.9364058096197587,0.9646942862993707,0.5959626727217345,0.6483639903162204,0.8179218772300227,0.6874161800893259,0.9773141374295177,0.7790769230769231,0.5166502259275759,0.6760056945291845,0.6572442811778946,0.7310722359886666,0.9884811926319421,0.9856991645851672,0.9924978110081853
4,50529792.0,903516160.0,1199570944.0,25,1271.0,20.41,83.0,30.0,3e-05,2425204.0,11.786065101623535,1.8134765625,10298072.0,16094848.0,0.8550871440236528,0.9717957713773355,0.9717957713773355,805171.0,1184351.0,0.9451388589201865,0.7386262601961707,0.8016182052650433,0.9665999088425182,0.977047795497044,0.977047795497044,0.7331264925502616,35080334.0,3253523.0,34275163.0,0.8112515447465856,0.6613720901184389,0.6613720901184389,332840.0,244611.0,0.49406716028874353,0.6548413679365492,0.9914016359056772,0.697457944711256,0.628836640840013,0.628836640840013,0.9936664486531581,896748.0,38376849.0,563908.0,0.9717957713773355,0.6613720901184389,0.6404397527647996,0.749603929052226,0.6838052573118215,0.6808019426196553,0.7924639877970154,0.6404397527647996,0.6404397527647996,847160.0,582732.0,0.4710639003068801,0.6230065604510986,0.9775062588232095,0.6860577876235874,0.6005100433650036,0.6005100433650036,0.9844179322290273,2120604.0,36814872.0,1273444.0,0.9717957713773355,0.6613720901184389,0.6404397527647996,0.749603929052226,0.8970390013970991,0.9451388589201865,0.49406716028874353,0.4710639003068801,0.5994931897730947,0.5215414167895728,0.5160725781931393,0.8668523976717688,0.749603929052226,0.749603929052226,365634.0,339111.0,0.5994931897730947,0.7403941636717905,0.9904094010186546,0.7567351196091245,0.7426058871316319,0.7426058871316319,0.9910989082119056,1420522.0,37758575.0,1054888.0,0.34939252603706433,0.737250091708423,0.6274407773222261,0.9405133704443278,0.9665999088425182,0.697457944711256,0.6860577876235874,0.7567351196091245,0.7134169506479893,0.977047795497044,0.628836640840013,0.6005100433650036,0.7426058871316319,0.6573175237788828,0.7331264925502616,0.9936664486531581,0.9844179322290273,0.9910989082119056,0.8498816450035847,0.9712959785589126,0.9712959785589126,94603.0,169889.0,0.9441938189356416,0.7415145243788439,0.8223324418936583,0.9634243957637584,0.9792972492475248,0.9792972492475248,0.7204660407596445,4569586.0,437869.0,4474983.0,0.8732667692567888,0.7513019891500905,0.7513019891500905,27406.0,27606.0,0.6016682837820225,0.7458735790877498,0.9945908968540123,0.7506233062330623,0.7519819004524887,0.7519819004524887,0.9945516380610889,110500.0,5039238.0,83094.0,0.9712959785589126,0.7513019891500905,0.6139281626086688,0.7112975554545689,0.6921759024044428,0.6804153547968392,0.7699459731553095,0.6139281626086688,0.6139281626086688,112500.0,62206.0,0.442926655060042,0.6005779782649158,0.9773925240593783,0.6906928408763189,0.552520206198689,0.552520206198689,0.98737174011193,251408.0,4863730.0,138908.0,0.9712959785589126,0.7513019891500905,0.6139281626086688,0.7112975554545689,0.8939160847943833,0.9441938189356416,0.6016682837820225,0.442926655060042,0.5519486352068398,0.5321811913496348,0.5156284269222333,0.8318767438803905,0.7112975554545689,0.7112975554545689,79937.0,54745.0,0.5519486352068398,0.6988365875352508,0.9838728941070707,0.7519011320686311,0.6748545861297539,0.6748545861297539,0.988898901631027,245850.0,4876749.0,165913.0,0.3964571345456039,0.7396634855071141,0.6351843482461365,0.9392649976513053,0.9634243957637584,0.7506233062330623,0.6906928408763189,0.7519011320686311,0.7310724263926707,0.9792972492475248,0.7519819004524887,0.552520206198689,0.6748545861297539,0.6597855642603107,0.7204660407596445,0.9945516380610889,0.98737174011193,0.988898901631027
4,50529792.0,903516160.0,1199570944.0,26,1271.0,20.99,84.0,34.0,3e-05,2425208.0,12.802258729934692,1.6328125,10337640.0,16094848.0,0.8585348135812825,0.9739245677112307,0.9739245677112307,671860.0,1170615.0,0.9491744340265409,0.755759663114175,0.8294390192324731,0.9670982300867793,0.9808479588592286,0.9808479588592286,0.7362216683033362,35080334.0,3267259.0,34408474.0,0.8202404748191334,0.7023951361284079,0.7023951361284079,318412.0,171670.0,0.5413012510085005,0.6990135107655758,0.9917867741196768,0.7711084977986843,0.6449258877633405,0.6449258877633405,0.9955550618749265,896748.0,38449790.0,578336.0,0.9739245677112307,0.7023951361284079,0.6925706241328086,0.8081297897102202,0.7343651833238122,0.7321951922366414,0.8198240900092866,0.6925706241328086,0.6925706241328086,736218.0,492829.0,0.5297193385099216,0.6776497806429536,0.9804410579710264,0.7374680044640598,0.6528262702513058,0.6528262702513058,0.9868219097672675,2120604.0,36904775.0,1384386.0,0.9739245677112307,0.7023951361284079,0.6925706241328086,0.8081297897102202,0.9076640229225442,0.9491744340265409,0.5413012510085005,0.5297193385099216,0.6780350601377472,0.5830185498853897,0.5775299066173829,0.8858884437934194,0.8081297897102202,0.8081297897102202,316447.0,207823.0,0.6780350601377472,0.8019503238961929,0.9917174152646513,0.8415860074487498,0.7772318908119691,0.7772318908119691,0.9945449967748697,1420522.0,37889863.0,1104075.0,0.3102210454185606,0.763958001921461,0.6745575209206776,0.948303905885611,0.9670982300867793,0.7711084977986843,0.7374680044640598,0.8415860074487498,0.7833875032371647,0.9808479588592286,0.6449258877633405,0.6528262702513058,0.7772318908119691,0.6916613496088718,0.7362216683033362,0.9955550618749265,0.9868219097672675,0.9945449967748697,0.8687352214416879,0.9736911250101048,0.9736911250101048,94875.0,146936.0,0.9487310776881779,0.7668862956389813,0.8292684682479841,0.9682070049919433,0.9792377252556359,0.9792377252556359,0.75823271762774,4569586.0,460822.0,4474711.0,0.8706883201002706,0.7496025509416137,0.7496025509416137,27986.0,27140.0,0.5994914269107817,0.7441689475591992,0.9944775627554172,0.7524942090575811,0.7467330316742081,0.7467330316742081,0.9946436085263332,110500.0,5039704.0,82514.0,0.9736911250101048,0.7496025509416137,0.69823936563403,0.7645667285365942,0.737469548370746,0.7345879299156391,0.8246922581350288,0.69823936563403,0.69823936563403,85160.0,58536.0,0.5363807655576491,0.6849175395387034,0.9828048524399502,0.7395900064061499,0.6612677400878254,0.6612677400878254,0.9881167761822321,251408.0,4867400.0,166248.0,0.9736911250101048,0.7496025509416137,0.69823936563403,0.7645667285365942,0.9055899109429356,0.9487310776881779,0.5994914269107817,0.5363807655576491,0.6188652565839863,0.5849124830174723,0.5805128205128205,0.8588361268847691,0.7645667285365942,0.7645667285365942,67282.0,42691.0,0.6188652565839863,0.7546241006059453,0.9864243651995477,0.8070541763272906,0.726329062436445,0.726329062436445,0.991343191333093,245850.0,4888803.0,178568.0,0.3748185642157929,0.7783918898635286,0.6758671316851488,0.9468254379079312,0.9682070049919433,0.7524942090575811,0.7395900064061499,0.8070541763272906,0.7663794639303405,0.9792377252556359,0.7467330316742081,0.6612677400878254,0.726329062436445,0.7114432780661595,0.75823271762774,0.9946436085263332,0.9881167761822321,0.991343191333093
4,50529792.0,903516160.0,1199570944.0,27,1271.0,20.64,84.0,28.0,3e-05,2425248.0,12.381552934646606,1.77001953125,10284760.0,16094848.0,0.8686096019298437,0.9745233359266711,0.9745233359266711,721555.0,1074907.0,0.9503125425163118,0.7646051120344863,0.8233440779606525,0.9696642624196647,0.9794313531906509,0.9794313531906509,0.7577878506690365,35080334.0,3362967.0,34358779.0,0.855400356039023,0.7419591623472402,0.7419591623472402,254891.0,191563.0,0.5897735114319345,0.7367079161927305,0.9934110793110719,0.7701483045763241,0.715760726536329,0.715760726536329,0.9950399855417169,896748.0,38429897.0,641857.0,0.9745233359266711,0.7419591623472402,0.7019873411673586,0.8144147625444051,0.7527870886863347,0.74724502358257,0.8229471783907601,0.7019873411673586,0.7019873411673586,724818.0,460280.0,0.5408170223845783,0.6879612099735347,0.98075473243131,0.7520131288434786,0.6582020971383624,0.6582020971383624,0.9876922596431579,2120604.0,36937324.0,1395786.0,0.9745233359266711,0.7419591623472402,0.7019873411673586,0.8144147625444051,0.9106895323862823,0.9503125425163118,0.5897735114319345,0.5408170223845783,0.6869305865280801,0.6058403734481976,0.5964813851464444,0.900292852588676,0.8144147625444051,0.8144147625444051,274006.0,248520.0,0.6869305865280801,0.807595500507285,0.9928126127595049,0.8218540596801803,0.8071089360108468,0.8071089360108468,0.9934767691665053,1420522.0,37849166.0,1146516.0,0.3093380877627662,0.7901257782190474,0.6919584157152261,0.9500162051882515,0.9696642624196647,0.7701483045763241,0.7520131288434786,0.8218540596801803,0.7813384976999943,0.9794313531906509,0.715760726536329,0.6582020971383624,0.8071089360108468,0.7270239198951794,0.7577878506690365,0.9950399855417169,0.9876922596431579,0.9934767691665053,0.8860750406588356,0.9735490651006039,0.9735490651006039,119207.0,122623.0,0.9484613750154778,0.7740400045713339,0.8027491056388601,0.9731854479836222,0.9739129540400377,0.9739129540400377,0.7982371272776335,4569586.0,485135.0,4450379.0,0.8782411767588612,0.7353370676314815,0.7353370676314815,26155.0,34560.0,0.5814490555632152,0.729861390380128,0.9948294325581469,0.7093477986627981,0.7633031674208145,0.7633031674208145,0.9931791860969077,110500.0,5032284.0,84345.0,0.9735490651006039,0.7353370676314815,0.6746026081184289,0.6975284815447168,0.7024893857648759,0.6940846464813134,0.8637552641557187,0.6746026081184289,0.6746026081184289,62383.0,119971.0,0.5089813909779497,0.6600942893067617,0.9871860023153645,0.6117393105412368,0.7518654935403806,0.7518654935403806,0.9756450347710567,251408.0,4805965.0,189025.0,0.9735490651006039,0.7353370676314815,0.6746026081184289,0.6975284815447168,0.8996796404627657,0.9484613750154778,0.5814490555632152,0.5089813909779497,0.5355422146750494,0.5419908870720714,0.5314928296165267,0.7965756260102068,0.6975284815447168,0.6975284815447168,98570.0,29161.0,0.5355422146750494,0.6952897733250097,0.9802895597055172,0.8347266224970387,0.5990644702054098,0.5990644702054098,0.9940867818150038,245850.0,4902333.0,147280.0,0.3927218917804428,0.7720365213016607,0.6436085090579231,0.9408354940293711,0.9731854479836222,0.7093477986627981,0.6117393105412368,0.8347266224970387,0.7186045772336911,0.9739129540400377,0.7633031674208145,0.7518654935403806,0.5990644702054098,0.7047443770555349,0.7982371272776335,0.9931791860969077,0.9756450347710567,0.9940867818150038
4,50529792.0,903516160.0,1199570944.0,28,1271.0,22.77,85.0,31.0,3e-05,2425256.0,12.32150912284851,1.734375,10265896.0,16094848.0,0.8656812990020645,0.9748698570731202,0.9748698570731202,666363.0,1107880.0,0.9509717998241085,0.7659001550995123,0.8332573891671841,0.9688113099736835,0.9810046563410714,0.9810046563410714,0.7503579416630576,35080334.0,3329994.0,34413971.0,0.8295587285740924,0.7290008635663326,0.7290008635663326,302449.0,139401.0,0.5735651918787742,0.7271499248320734,0.9922018090315855,0.8100027259097724,0.6627268753317543,0.6627268753317543,0.9963905818164306,896748.0,38482059.0,594299.0,0.9748698570731202,0.7290008635663326,0.7127551447881839,0.8256598953789693,0.7558053012444953,0.753290963930203,0.8308158552329359,0.7127551447881839,0.7127551447881839,691433.0,460497.0,0.5537059572639738,0.6987415209969847,0.9816247720480252,0.7563079863764428,0.6739452533334842,0.6739452533334842,0.9876864571323875,2120604.0,36937107.0,1429171.0,0.9748698570731202,0.7290008635663326,0.7127551447881839,0.8256598953789693,0.9121792503590397,0.9509717998241085,0.5735651918787742,0.5537059572639738,0.703084133914865,0.610118427685871,0.6042235534803888,0.9030390088460261,0.8256598953789693,0.8256598953789693,267277.0,219744.0,0.703084133914865,0.8194015359285642,0.9929931716999711,0.839952104496103,0.8118459270606158,0.8118459270606158,0.9942320906314362,1420522.0,37877942.0,1153245.0,0.30137612308633466,0.7823806780167314,0.6953317707204304,0.9512244583560064,0.9688113099736835,0.8100027259097724,0.7563079863764428,0.839952104496103,0.8020876055941061,0.9810046563410714,0.6627268753317543,0.6739452533334842,0.8118459270606158,0.7161726852419514,0.7503579416630576,0.9963905818164306,0.9876864571323875,0.9942320906314362,0.8805272237328305,0.9736743008817595,0.9736743008817595,110609.0,130510.0,0.9486991329538801,0.7721498278243004,0.8118436966813357,0.9715632705790429,0.9757945249307048,0.9757945249307048,0.7852599225349564,4569586.0,477248.0,4458977.0,0.8956758664137396,0.73442195078363,0.73442195078363,22145.0,41756.0,0.5803055380411938,0.7306944000419421,0.9956124474538821,0.6790740214124863,0.7995927601809955,0.7995927601809955,0.9917589726464837,110500.0,5025088.0,88355.0,0.9736743008817595,0.73442195078363,0.6798717251751655,0.6996148217526197,0.7046361659038052,0.6979019165868612,0.8470620278987442,0.6798717251751655,0.6798717251751655,71946.0,97059.0,0.5150042902197338,0.6635481712368952,0.9853196085637045,0.648999533489319,0.7138277222681856,0.7138277222681856,0.9802963335293029,251408.0,4828877.0,179462.0,0.9736743008817595,0.73442195078363,0.6798717251751655,0.6996148217526197,0.9002745370550905,0.9486991329538801,0.5803055380411938,0.5150042902197338,0.5380058412350863,0.5444385564986712,0.5359826002949625,0.8006042865057948,0.6996148217526197,0.6996148217526197,96456.0,31831.0,0.5380058412350863,0.6957033337119425,0.9806938145388451,0.8243564629604083,0.6076632092739476,0.6076632092739476,0.9935453637376421,245850.0,4899663.0,149394.0,0.38773595041866543,0.7742195541634583,0.6455037006124735,0.9418319508999209,0.9715632705790429,0.6790740214124863,0.648999533489319,0.8243564629604083,0.7174766726207379,0.9757945249307048,0.7995927601809955,0.7138277222681856,0.6076632092739476,0.7070278972410429,0.7852599225349564,0.9917589726464837,0.9802963335293029,0.9935453637376421
4,50529792.0,903516160.0,1199570944.0,29,1271.0,20.52,84.0,24.0,3e-05,2425256.0,12.564159631729126,1.62109375,10362908.0,16094848.0,0.868724838853992,0.9752244959686661,0.9752244959686661,667812.0,1080683.0,0.9516469628052773,0.7698321084163481,0.8340840988193052,0.9695523974236759,0.9809633511471127,0.9809633511471127,0.7564863265608712,35080334.0,3357191.0,34412522.0,0.8471670805956006,0.7352530482673362,0.7352530482673362,269890.0,181543.0,0.5813439971213707,0.7304561686690836,0.9930278650058886,0.7754295207452737,0.6990347343958392,0.6990347343958392,0.995299426795362,896748.0,38439917.0,626858.0,0.9752244959686661,0.7352530482673362,0.7081781385423127,0.8217685308044494,0.7550665725380328,0.7506362198103552,0.8278266988853034,0.7081781385423127,0.7081781385423127,703934.0,463612.0,0.548201079166757,0.6940674176116265,0.9812972160049414,0.7534348571118588,0.6680502347444407,0.6680502347444407,0.987603163026166,2120604.0,36933992.0,1416670.0,0.9752244959686661,0.7352530482673362,0.7081781385423127,0.8217685308044494,0.912457520729092,0.9516469628052773,0.5813439971213707,0.548201079166757,0.6974593297576072,0.6090014686819116,0.6008147760585903,0.8960348257775486,0.8217685308044494,0.8217685308044494,287779.0,203577.0,0.6974593297576072,0.8157418071986084,0.9924629447344249,0.8476584949712643,0.7974132044417475,0.7974132044417475,0.9946564471133497,1420522.0,37894109.0,1132743.0,0.3012190621784868,0.786365381182285,0.6946628422127531,0.9511765563863624,0.9695523974236759,0.7754295207452737,0.7534348571118588,0.8476584949712643,0.7921742909427989,0.9809633511471127,0.6990347343958392,0.6680502347444407,0.7974132044417475,0.721499391194009,0.7564863265608712,0.995299426795362,0.987603163026166,0.9946564471133497,0.8827949401191924,0.9734631552316626,0.9734631552316626,115756.0,127069.0,0.9482983101803305,0.771861527381714,0.8059234296540335,0.9722611216706589,0.9746681646871292,0.9746681646871292,0.7909217155512556,4569586.0,480689.0,4453830.0,0.866144130291234,0.7170183915006781,0.7170183915006781,28804.0,35681.0,0.558868799638804,0.7109951409369997,0.9943074727562452,0.6960136994470808,0.7393303167420815,0.7393303167420815,0.9929579438403866,110500.0,5031163.0,81696.0,0.9734631552316626,0.7170183915006781,0.6831340015234877,0.6848988719157945,0.6950170883133201,0.6901477574794282,0.8720613624287197,0.6831340015234877,0.6831340015234877,58147.0,121138.0,0.5187574151916811,0.6697122454355813,0.9880428423517025,0.6146997923021383,0.7687145993763126,0.7687145993763126,0.9754081254811269,251408.0,4804798.0,193261.0,0.9734631552316626,0.7170183915006781,0.6831340015234877,0.6848988719157945,0.8988282496145901,0.9482983101803305,0.558868799638804,0.5187574151916811,0.5207955930457847,0.5328072692920899,0.5268897781564773,0.7834679472594508,0.6848988719157945,0.6848988719157945,105268.0,24087.0,0.5207955930457847,0.6870963117844475,0.9789996359229354,0.8537247447910657,0.5718202155786049,0.5718202155786049,0.9951156789402968,245850.0,4907407.0,140582.0,0.3977223762983008,0.763633324096032,0.63668002951415,0.9405148663098299,0.9722611216706589,0.6960136994470808,0.6146997923021383,0.8537247447910657,0.7214794121800949,0.9746681646871292,0.7393303167420815,0.7687145993763126,0.5718202155786049,0.6932883772323329,0.7909217155512556,0.9929579438403866,0.9754081254811269,0.9951156789402968
4,50529792.0,903516160.0,1199570944.0,30,1271.0,20.33,85.0,42.0,9e-06,2425256.0,12.989349842071533,1.55126953125,10431816.0,16094848.0,0.8666094400456335,0.9752258568034772,0.9752258568034772,647392.0,1102042.0,0.9516495544681753,0.7689667401694862,0.8374703506506287,0.9689871254761223,0.9815454436665284,0.9815454436665284,0.7516734364247385,35080334.0,3335832.0,34432942.0,0.8452235188848398,0.7408613928860694,0.7408613928860694,273831.0,161937.0,0.5883874806953909,0.7369583300988809,0.99293035661203,0.793672453730248,0.6946399657428843,0.6946399657428843,0.9958070720267954,896748.0,38459523.0,622917.0,0.9752258568034772,0.7408613928860694,0.7025032618872763,0.8164710525425034,0.7532785691052831,0.7477466715148072,0.8221469376745971,0.7025032618872763,0.7025032618872763,728794.0,450016.0,0.5414296940037812,0.6887740634890368,0.9806564759854065,0.755668559353598,0.656327159620561,0.656327159620561,0.9879667157286333,2120604.0,36947588.0,1391810.0,0.9752258568034772,0.7408613928860694,0.7025032618872763,0.8164710525425034,0.9119831781802018,0.9516495544681753,0.5883874806953909,0.5414296940037812,0.6898614979350347,0.6065595575447356,0.5971209295321501,0.8961177153323379,0.8164710525425034,0.8164710525425034,286825.0,222847.0,0.6898614979350347,0.8100222495471807,0.9924839493372197,0.8357244586242687,0.7980847885495613,0.7980847885495613,0.9941506421151143,1420522.0,37874839.0,1133697.0,0.3059650749017548,0.7826493393948838,0.6928320567755956,0.9509886177025031,0.9689871254761223,0.793672453730248,0.755668559353598,0.8357244586242687,0.7950218239027049,0.9815454436665284,0.6946399657428843,0.656327159620561,0.7980847885495613,0.7163506379710022,0.7516734364247385,0.9958070720267954,0.9879667157286333,0.9941506421151143,0.8784040000078741,0.9740703224720092,0.9740703224720092,103758.0,134002.0,0.9494513550081343,0.7738153400075328,0.820336823003425,0.9708680538193802,0.9772937854764085,0.9772937854764085,0.7795142145393397,4569586.0,473756.0,4465828.0,0.8048274612031827,0.6784307058423507,0.6784307058423507,42661.0,21649.0,0.5133523522690296,0.6760583541164603,0.9916151321892758,0.7580792955480065,0.6139276018099548,0.6139276018099548,0.9957273205964107,110500.0,5045195.0,67839.0,0.9740703224720092,0.6784307058423507,0.7116361371097497,0.7621946203833182,0.7174204877784728,0.7257389021254194,0.8616270617491106,0.7116361371097497,0.7116361371097497,65202.0,85704.0,0.5523564868648995,0.6969049336596754,0.9867082097119235,0.6848074730609393,0.7406526443072615,0.7406526443072615,0.9826014791909599,251408.0,4840232.0,186206.0,0.9740703224720092,0.6784307058423507,0.7116361371097497,0.7621946203833182,0.9050156221257853,0.9494513550081343,0.5133523522690296,0.5523564868648995,0.6157628920786815,0.5604905770708702,0.5695370464780918,0.8539898052646964,0.7621946203833182,0.7621946203833182,69796.0,40062.0,0.6157628920786815,0.7528475784388072,0.9859317088430526,0.8146273297673472,0.7161033150294895,0.7161033150294895,0.9918762954999033,245850.0,4891432.0,176054.0,0.3790643637693381,0.7619943366557785,0.6577307715551862,0.9456445235240308,0.9708680538193802,0.7580792955480065,0.6848074730609393,0.8146273297673472,0.7525046994587643,0.9772937854764085,0.6139276018099548,0.7406526443072615,0.7161033150294895,0.6902278537155686,0.7795142145393397,0.9957273205964107,0.9826014791909599,0.9918762954999033
4,50529792.0,903516160.0,1199570944.0,31,1271.0,20.43,84.0,38.0,9e-06,2425256.0,12.560482263565063,1.6513671875,10320488.0,16094848.0,0.8748876026023056,0.9754061596005901,0.9754061596005901,712789.0,1020294.0,0.9519929958005162,0.7738004364639652,0.8274272831313618,0.9711682309846611,0.9796812367864001,0.9796812367864001,0.7700939684182111,35080334.0,3417580.0,34367545.0,0.8348588039922167,0.7378503253703306,0.7378503253703306,293023.0,135970.0,0.5845981187507141,0.73590093054211,0.9924436762183222,0.8161809935175984,0.6732381895471191,0.6732381895471191,0.9964794184373144,896748.0,38485490.0,603725.0,0.9754061596005901,0.7378503253703306,0.7255998472937831,0.8467598851189603,0.7700700192610247,0.7675102118368958,0.8467185431833179,0.7255998472937831,0.7255998472937831,620997.0,513216.0,0.5693657880948584,0.710737344202243,0.9834424576630796,0.7450267609223464,0.7071603184753024,0.7071603184753024,0.9862767678913333,2120604.0,36884388.0,1499607.0,0.9754061596005901,0.7378503253703306,0.7255998472937831,0.8467598851189603,0.9152965357993791,0.9519929958005162,0.5845981187507141,0.5693657880948584,0.7342442169611019,0.6294027079355581,0.622731497825056,0.9144870368328316,0.8467598851189603,0.8467598851189603,235747.0,193076.0,0.7342442169611019,0.8412415684428597,0.9938189618938281,0.8598716406926439,0.8340419930138357,0.8340419930138357,0.9949320806518275,1420522.0,37904610.0,1184775.0,0.28548958531857327,0.7985304344556643,0.7100502799017976,0.952868409417755,0.9711682309846611,0.8161809935175984,0.7450267609223464,0.8598716406926439,0.8070264650441962,0.9796812367864001,0.6732381895471191,0.7071603184753024,0.8340419930138357,0.7381468336787526,0.7700939684182111,0.9964794184373144,0.9862767678913333,0.9949320806518275,0.8653779190019312,0.9744466466082985,0.9744466466082985,82686.0,152638.0,0.9501667011137125,0.7709493981032073,0.8462531098574579,0.9671006035514743,0.9819051441421608,0.9819051441421608,0.7488506938617016,4569586.0,455120.0,4486900.0,0.8655021136024945,0.7451398843189427,0.7451398843189427,29146.0,26505.0,0.5938031458705887,0.7397069140915348,0.9942506980492102,0.7542625093872556,0.7362352941176471,0.7362352941176471,0.9947689330873419,110500.0,5040339.0,81354.0,0.9744466466082985,0.7451398843189427,0.7395821086233632,0.8179875655411843,0.7675698528278301,0.7732488101930577,0.8282095017521026,0.7395821086233632,0.7395821086233632,84711.0,32682.0,0.5867753176810165,0.7332455711257218,0.982982805222616,0.8360810316031277,0.6630536816648634,0.6630536816648634,0.9933653218393418,251408.0,4893254.0,166697.0,0.9744466466082985,0.7451398843189427,0.7395821086233632,0.8179875655411843,0.9126569884817378,0.9501667011137125,0.5938031458705887,0.5867753176810165,0.6920295774347756,0.6242026803287937,0.6303224456743721,0.8926610709558831,0.8179875655411843,0.8179875655411843,50998.0,35716.0,0.6920295774347756,0.8096765559286858,0.9896906591282888,0.8450955900211651,0.792564571893431,0.792564571893431,0.9927575700183352,245850.0,4895778.0,194852.0,0.36400613641437096,0.7934396729545257,0.7056936855250233,0.9521876467934137,0.9671006035514743,0.7542625093872556,0.8360810316031277,0.8450955900211651,0.8118130436705161,0.9819051441421608,0.7362352941176471,0.6630536816648634,0.792564571893431,0.7306178492253138,0.7488506938617016,0.9947689330873419,0.9933653218393418,0.9927575700183352
4,50529792.0,903516160.0,1199570944.0,32,1271.0,20.51,83.0,24.0,9e-06,2425352.0,13.430410385131836,1.78564453125,10327028.0,16094848.0,0.8739519374463904,0.976119567197037,0.976119567197037,647952.0,1036801.0,0.9533530829618684,0.7786894760930057,0.8399733269120344,0.97076896301784,0.9815294803065444,0.9815294803065444,0.7663743945862366,35080334.0,3401073.0,34432382.0,0.8486925104223089,0.7490601688450662,0.7490601688450662,267803.0,153598.0,0.5987979199235299,0.7454397601753884,0.9930863972517318,0.8037194122239928,0.7013620325888655,0.7013620325888655,0.9960229882557521,896748.0,38467862.0,628945.0,0.976119567197037,0.7490601688450662,0.7259962185785573,0.8346035456384452,0.7698866443540228,0.7660682659237491,0.8391729248090554,0.7259962185785573,0.7259962185785573,656678.0,448345.0,0.5698540531555901,0.7123606525295672,0.9825379168188257,0.7655431683061658,0.6903344518825768,0.6903344518825768,0.988011397735534,2120604.0,36949259.0,1463926.0,0.976119567197037,0.7490601688450662,0.7259962185785573,0.8346035456384452,0.9162020444905263,0.9533530829618684,0.5987979199235299,0.5698540531555901,0.7161541829948938,0.6282687186913379,0.6208352089244589,0.904985394508579,0.8346035456384452,0.8346035456384452,262621.0,196310.0,0.7161541829948938,0.8288435127361521,0.9931186191006146,0.855037361238389,0.8151235954107011,0.8151235954107011,0.9948471936064568,1420522.0,37901376.0,1157901.0,0.2996916157343297,0.7970873900471719,0.7095398097589706,0.9535643417839189,0.97076896301784,0.8037194122239928,0.7655431683061658,0.855037361238389,0.8080999805895158,0.9815294803065444,0.7013620325888655,0.6903344518825768,0.8151235954107011,0.7356066932940478,0.7663743945862366,0.9960229882557521,0.988011397735534,0.9948471936064568,0.8712355329146706,0.9741005999537066,0.9741005999537066,93979.0,144016.0,0.9495088893801386,0.7708529475433595,0.8314946003467684,0.9688251617069185,0.9794338042877407,0.9794338042877407,0.7630372615416005,4569586.0,463742.0,4475607.0,0.8753724234012372,0.7489002965391818,0.7489002965391818,26907.0,29149.0,0.5985936168536832,0.7434071555526592,0.9946872429462374,0.7414539390821522,0.7564977375565611,0.7564977375565611,0.9942471092459132,110500.0,5037695.0,83593.0,0.9741005999537066,0.7489002965391818,0.7195421625728031,0.7624227617629488,0.7436217402916446,0.7416710210994792,0.846635139811964,0.7195421625728031,0.7195421625728031,73816.0,64625.0,0.561941316254948,0.7056429948546228,0.9850427354757031,0.7331937890404059,0.706389613695666,0.706389613695666,0.9868806659282622,251408.0,4861311.0,177592.0,0.9741005999537066,0.7489002965391818,0.7195421625728031,0.7624227617629488,0.9073652823362652,0.9495088893801386,0.5985936168536832,0.561941316254948,0.6160607501549014,0.5921985610878442,0.5894094736239189,0.8445868724503907,0.7624227617629488,0.7624227617629488,74834.0,31746.0,0.6160607501549014,0.7555818283086416,0.9849567260123564,0.8434322013000464,0.6956111450071182,0.6956111450071182,0.993562599893663,245850.0,4899748.0,171016.0,0.3722307595271098,0.7844830751367715,0.6815261431609179,0.9479393295094937,0.9688251617069185,0.7414539390821522,0.7331937890404059,0.8434322013000464,0.7726933098075349,0.9794338042877407,0.7564977375565611,0.706389613695666,0.6956111450071182,0.7194994987531151,0.7630372615416005,0.9942471092459132,0.9868806659282622,0.993562599893663
4,50529792.0,903516160.0,1199570944.0,33,1271.0,21.36,85.0,36.0,9e-06,2425368.0,12.159228324890137,1.75341796875,10292756.0,16094848.0,0.874509222271934,0.9766110246150966,0.9766110246150966,614789.0,1036050.0,0.9542911328000057,0.7826325898072859,0.8469384528706151,0.9708168041464053,0.9824748247835953,0.9824748247835953,0.7665436197602726,35080334.0,3401824.0,34465545.0,0.85478694084554,0.7575645098941118,0.7575645098941118,256895.0,152636.0,0.6097415245515464,0.753790755824858,0.9933662948904836,0.8073966957270069,0.7135259850035908,0.7135259850035908,0.9960478966874893,896748.0,38468824.0,639853.0,0.9766110246150966,0.7575645098941118,0.7397176412734494,0.8562064226454738,0.7844961912710117,0.7815809522209922,0.8423508405361064,0.7397176412734494,0.7397176412734494,646454.0,390956.0,0.5869459618723025,0.7276138070984993,0.9828313215734523,0.7903840317922949,0.6951557197854951,0.6951557197854951,0.9895459612867177,2120604.0,37006648.0,1474150.0,0.9766110246150966,0.7575645098941118,0.7397176412734494,0.8562064226454738,0.9193653816089825,0.9542911328000057,0.6097415245515464,0.5869459618723025,0.748567258635766,0.6484182483532049,0.6414713834667106,0.9166163329374062,0.8562064226454738,0.8562064226454738,230592.0,169088.0,0.748567258635766,0.8511917203028088,0.9939571044353929,0.8755807502181723,0.8376709406823689,0.8376709406823689,0.9955617251924435,1420522.0,37928598.0,1189930.0,0.27557873701179403,0.8072068675637626,0.7248864694649051,0.9557487525750156,0.9708168041464053,0.8073966957270069,0.7903840317922949,0.8755807502181723,0.8244538259124914,0.9824748247835953,0.7135259850035908,0.6951557197854951,0.8376709406823689,0.7487842151571517,0.7665436197602726,0.9960478966874893,0.9895459612867177,0.9955617251924435,0.8653627740084405,0.9744473255090333,0.9744473255090333,82659.0,152660.0,0.9501679920952869,0.7709484928480281,0.8462893091117364,0.9670962092100008,0.9819110527737086,0.9819110527737086,0.7488144952431725,4569586.0,455098.0,4486927.0,0.8492479288730967,0.7429142824335445,0.7429142824335445,32861.0,20873.0,0.5909814040936875,0.7389026921167008,0.9935298115787252,0.7881171836933571,0.7026153846153846,0.7026153846153846,0.9958804731308089,110500.0,5045971.0,77639.0,0.9744473255090333,0.7429142824335445,0.7004842989564368,0.7318544702488496,0.7250843505462771,0.7200639013893314,0.8434930696270384,0.7004842989564368,0.7004842989564368,74804.0,76222.0,0.5390348869151177,0.6851555379571731,0.9848098839317878,0.6985199307033295,0.7024597467065488,0.7024597467065488,0.984526392547528,251408.0,4849714.0,176604.0,0.9744473255090333,0.7429142824335445,0.7004842989564368,0.7318544702488496,0.9048224354403991,0.9501679920952869,0.5909814040936875,0.5390348869151177,0.5771060600532671,0.5690407836873574,0.562578008520065,0.8188349602706972,0.7318544702488496,0.7318544702488496,87671.0,28240.0,0.5771060600532671,0.7279217287666538,0.9824339175603721,0.8485132953186102,0.643396379906447,0.643396379906447,0.9942735406349476,245850.0,4903254.0,158179.0,0.3791627793372432,0.7575956410005222,0.6643225857893398,0.9463054801844344,0.9670962092100008,0.7881171836933571,0.6985199307033295,0.8485132953186102,0.778383469905099,0.9819110527737086,0.7026153846153846,0.7024597467065488,0.643396379906447,0.6828238370761269,0.7488144952431725,0.9958804731308089,0.984526392547528,0.9942735406349476
4,50529792.0,903516160.0,1199570944.0,34,1271.0,20.4,84.0,26.0,9e-06,2425368.0,13.36343765258789,1.74072265625,10356728.0,16094848.0,0.8729111753680229,0.9762392222157584,0.9762392222157584,628558.0,1048492.0,0.953581386785167,0.7791789267485255,0.8435621238744232,0.9704652370511682,0.9820823256699893,0.9820823256699893,0.7637400250660564,35080334.0,3389382.0,34451776.0,0.853743708074498,0.7538732901878223,0.7538732901878223,258641.0,158021.0,0.6049732216248297,0.7498898640959722,0.9933205809192068,0.8015130732746493,0.7115789497160853,0.7115789497160853,0.9959084664329106,896748.0,38463439.0,638107.0,0.9762392222157584,0.7538732901878223,0.7367023134474251,0.8415297326661243,0.7773684454337905,0.7746452322626775,0.8403747594539512,0.7367023134474251,0.7367023134474251,654713.0,393107.0,0.5831581275651815,0.724542652351327,0.9826147972833206,0.7885382340379065,0.6912610746749511,0.6912610746749511,0.9894884442329513,2120604.0,37004497.0,1465891.0,0.9762392222157584,0.7538732901878223,0.7367023134474251,0.8415297326661243,0.9176275773975392,0.953581386785167,0.6049732216248297,0.5831581275651815,0.7264146145095602,0.6381819878998573,0.6321803714797616,0.9097024937348552,0.8415297326661243,0.8415297326661243,249392.0,191684.0,0.7264146145095602,0.8359409871104213,0.9934637812939371,0.859346910143277,0.8244363691657011,0.8244363691657011,0.9949686183040093,1420522.0,37906002.0,1171130.0,0.2983473877902845,0.8023396798066816,0.7170318376211846,0.9546714263966625,0.9704652370511682,0.8015130732746493,0.7885382340379065,0.859346910143277,0.8164660724852776,0.9820823256699893,0.7115789497160853,0.6912610746749511,0.8244363691657011,0.7424254645189124,0.7637400250660564,0.9959084664329106,0.9894884442329513,0.9949686183040093,0.8770010353523654,0.9744743573372059,0.9744743573372059,97768.0,136504.0,0.9502193965691264,0.7759618518117912,0.828182390136058,0.9703788059948936,0.978604626327199,0.978604626327199,0.7753974443775319,4569586.0,471254.0,4471818.0,0.8532850985723954,0.7406569583863518,0.7406569583863518,31920.0,23110.0,0.5881296310156425,0.7359021851297214,0.9937111552521114,0.7727406824663192,0.711131221719457,0.711131221719457,0.9954389754253338,110500.0,5043734.0,78580.0,0.9744743573372059,0.7406569583863518,0.7247687283872366,0.7848949236334922,0.7501068701356935,0.7514454698414317,0.8525610281275309,0.7247687283872366,0.7247687283872366,70742.0,66474.0,0.5683429700329052,0.710876671934071,0.9856513036783062,0.7310269482884195,0.7186167504614014,0.7186167504614014,0.9865053057936604,251408.0,4859462.0,180666.0,0.9744743573372059,0.7406569583863518,0.7247687283872366,0.7848949236334922,0.9094991384416147,0.9502193965691264,0.5881296310156425,0.5683429700329052,0.6459481890903954,0.6008069300463144,0.6018523434022517,0.8681873716259652,0.7848949236334922,0.7848949236334922,62953.0,37295.0,0.6459481890903954,0.7760797634323583,0.9873005709730103,0.8306250908298213,0.7439373601789709,0.7439373601789709,0.9924373830729593,245850.0,4894199.0,182897.0,0.36943438875524304,0.788072489671757,0.6881600466770175,0.9491277767133109,0.9703788059948936,0.7727406824663192,0.7310269482884195,0.8306250908298213,0.7781309071948533,0.978604626327199,0.711131221719457,0.7186167504614014,0.7439373601789709,0.7245617774532764,0.7753974443775319,0.9954389754253338,0.9865053057936604,0.9924373830729593
4,50529792.0,903516160.0,1199570944.0,35,1271.0,22.42,84.0,36.0,2.7e-06,2425368.0,12.409051179885864,1.70068359375,10389912.0,16094848.0,0.8809459964826925,0.9764260486755301,0.9764260486755301,691274.0,969243.0,0.9539379616021569,0.7838362422615887,0.8338245705130285,0.9725879661136452,0.9802945433757843,0.9802945433757843,0.7815974495896008,35080334.0,3468631.0,34389060.0,0.8597452705720348,0.761890615670667,0.761890615670667,247885.0,157686.0,0.6153661585267547,0.7577716801155422,0.9935966319604127,0.8044929694290117,0.7235734007770299,0.7235734007770299,0.9959171403670395,896748.0,38463774.0,648863.0,0.9764260486755301,0.761890615670667,0.74606628016835,0.860870531464562,0.7896091424345264,0.7869336953182909,0.8521042220629469,0.74606628016835,0.74606628016835,602856.0,430316.0,0.5949806344377715,0.7330436999608091,0.9839538544222775,0.779105819931994,0.7157149566821528,0.7157149566821528,0.9884934874437411,2120604.0,36967288.0,1517748.0,0.9764260486755301,0.761890615670667,0.74606628016835,0.860870531464562,0.9198680104268624,0.9539379616021569,0.6153661585267547,0.5949806344377715,0.7557266801036854,0.6553578243560705,0.6487144950619751,0.925647862172126,0.860870531464562,0.860870531464562,204192.0,188962.0,0.7557266801036854,0.8557252706048819,0.9946424461460781,0.8655354189734233,0.8562556581313067,0.8562556581313067,0.9950400662129453,1420522.0,37908724.0,1216330.0,0.28463648879903664,0.8189596397415684,0.7300028586675922,0.955812596563083,0.9725879661136452,0.8044929694290117,0.779105819931994,0.8655354189734233,0.8163780694448096,0.9802945433757843,0.7235734007770299,0.7157149566821528,0.8562556581313067,0.7651813385301631,0.7815974495896008,0.9959171403670395,0.9884934874437411,0.9950400662129453,0.8884119135447984,0.9737612685562417,0.9737612685562417,120128.0,119660.0,0.9488642737019981,0.7765646731590831,0.8024944675170085,0.9738111381671474,0.973711404052796,0.973711404052796,0.8031124230368009,4569586.0,488098.0,4449458.0,0.8005551473738428,0.6708042150856752,0.6708042150856752,43596.0,22070.0,0.5046692313494757,0.6684719247695126,0.991432226823128,0.7519500078674669,0.6054660633484162,0.6054660633484162,0.9956442313992695,110500.0,5044774.0,66904.0,0.9737612685562417,0.6708042150856752,0.6816462775253408,0.7362112038891765,0.6962205655000643,0.6998052605955342,0.8750872022549707,0.6816462775253408,0.6816462775253408,56389.0,125773.0,0.5170435414297114,0.6688371461148701,0.9883890875666522,0.6079297488715429,0.7757072169541144,0.7757072169541144,0.974467187555827,251408.0,4800163.0,195019.0,0.9737612685562417,0.6708042150856752,0.6816462775253408,0.7362112038891765,0.9010198874848437,0.9488642737019981,0.5046692313494757,0.5170435414297114,0.5825429107733734,0.5347518945175201,0.5382311121456076,0.829088427300541,0.7362112038891765,0.7362112038891765,82297.0,34907.0,0.5825429107733734,0.7290620109988122,0.9834707938566153,0.8241106520205583,0.6652552369330893,0.6652552369330893,0.9929216176679927,245850.0,4896587.0,163553.0,0.3832192617126658,0.7550349803221039,0.6382799893136397,0.9415897417672073,0.9738111381671474,0.7519500078674669,0.6079297488715429,0.8241106520205583,0.727996802919856,0.973711404052796,0.6054660633484162,0.7757072169541144,0.6652552369330893,0.6821428390785399,0.8031124230368009,0.9956442313992695,0.974467187555827,0.9929216176679927
4,50529792.0,903516160.0,1199570944.0,36,1271.0,20.48,84.0,10.0,2.7e-06,2425368.0,13.270864248275757,1.9033203125,10360076.0,16094848.0,0.8806471362102366,0.976355480419675,0.976355480419675,693919.0,971561.0,0.9538032605498269,0.7831941458085823,0.8332018502814266,0.9725221545486653,0.9802191450058599,0.9802191450058599,0.7810751274146134,35080334.0,3466313.0,34386415.0,0.858720239005841,0.7656759346899441,0.7656759346899441,249998.0,145859.0,0.6203200247072962,0.7620910411114817,0.9935443735808968,0.8159760991863579,0.7212171089313831,0.7212171089313831,0.9962233690802988,896748.0,38475601.0,646750.0,0.976355480419675,0.7656759346899441,0.7527171565407467,0.857832937597992,0.7920753429428942,0.7890654057998354,0.8615202662912669,0.7527171565407467,0.7527171565407467,561029.0,463675.0,0.6034855369718207,0.7392700483631791,0.98503721487033,0.7708266403064377,0.7354390541562686,0.7354390541562686,0.987601478426265,2120604.0,36933929.0,1559575.0,0.976355480419675,0.7656759346899441,0.7527171565407467,0.857832937597992,0.9201493900666421,0.9538032605498269,0.6203200247072962,0.6034855369718207,0.751057324130803,0.6582876286033067,0.6516168664922994,0.9153404391888597,0.857832937597992,0.857832937597992,234613.0,158464.0,0.751057324130803,0.8530307909719708,0.9938540888019242,0.8821279510969054,0.8348402911042561,0.8348402911042561,0.9958405872734633,1420522.0,37939222.0,1185909.0,0.2787138783121188,0.8179288997994419,0.7321665365899367,0.9559808228146377,0.9725221545486653,0.8159760991863579,0.7708266403064377,0.8821279510969054,0.8229768968632336,0.9802191450058599,0.7212171089313831,0.7354390541562686,0.8348402911042561,0.7638321513973026,0.7810751274146134,0.9962233690802988,0.987601478426265,0.9958405872734633,0.8823858104751718,0.9740493236026395,0.9740493236026395,109232.0,128434.0,0.9494114541870831,0.7755193543983874,0.8144067854205886,0.9720113459153049,0.9760958651396429,0.9760958651396429,0.7886757558107009,4569586.0,479324.0,4460354.0,0.8729942874611916,0.7437992112766844,0.7437992112766844,27418.0,29817.0,0.5921021686609605,0.7381950091857121,0.9945861787421919,0.7358966864188345,0.7518733031674208,0.7518733031674208,0.9941152717549623,110500.0,5037027.0,83082.0,0.9740493236026395,0.7437992112766844,0.6898977077023576,0.7099595223778817,0.7145521471189745,0.7072424129450964,0.8593588214171572,0.6898977077023576,0.6898977077023576,65533.0,101565.0,0.526598351715287,0.6746343751825621,0.9865983054064047,0.6466566935708322,0.7393360593139439,0.7393360593139439,0.9793815835203705,251408.0,4824371.0,185875.0,0.9740493236026395,0.7437992112766844,0.6898977077023576,0.7099595223778817,0.9023036615462068,0.9494114541870831,0.5921021686609605,0.526598351715287,0.5503389503610946,0.5563464902457808,0.547080458105298,0.8099113602089917,0.7099595223778817,0.7099595223778817,91765.0,34132.0,0.5503389503610946,0.7042877744145128,0.9816070025878275,0.8186561256422109,0.6267439495627415,0.6267439495627415,0.9930787708552419,245850.0,4897362.0,154085.0,0.38208249022689045,0.7735122942959373,0.6546127312311063,0.9432241705399526,0.9720113459153049,0.7358966864188345,0.6466566935708322,0.8186561256422109,0.7337365018772926,0.9760958651396429,0.7518733031674208,0.7393360593139439,0.6267439495627415,0.7059844373480354,0.7886757558107009,0.9941152717549623,0.9793815835203705,0.9930787708552419
4,50529792.0,903516160.0,1199570944.0,37,1271.0,21.36,85.0,15.0,2.7e-06,2425368.0,12.514610052108765,1.837890625,10354936.0,16094848.0,0.8774201854462131,0.9766170116732454,0.9766170116732454,642361.0,1006725.0,0.9543025659142796,0.783816550309145,0.8423077395170259,0.9715973034951518,0.9816888573523844,0.9816888573523844,0.773151513540042,35080334.0,3431149.0,34437973.0,0.8527357062915006,0.753466543664417,0.753466543664417,260499.0,155861.0,0.6044495154421062,0.7496082431888046,0.993273295956644,0.8032331368118064,0.7095070186942151,0.7095070186942151,0.9959643938887862,896748.0,38465599.0,636249.0,0.9766170116732454,0.753466543664417,0.750843918925132,0.8573818423225602,0.7872307683040365,0.7863964309447207,0.8509278220994847,0.750843918925132,0.750843918925132,609986.0,392565.0,0.601080946008804,0.7387177287479794,0.9837834482364427,0.7937323946252147,0.7123527070589323,0.7123527070589323,0.9895029371400371,2120604.0,37005039.0,1510618.0,0.9766170116732454,0.753466543664417,0.750843918925132,0.8573818423225602,0.9200786064232469,0.9543025659142796,0.6044495154421062,0.601080946008804,0.7503660225961494,0.6519654946823531,0.6479846063380359,0.919965782058265,0.8573818423225602,0.8573818423225602,220728.0,178423.0,0.7503660225961494,0.8522521172062684,0.9942126887234976,0.8705407058540128,0.8446148669291993,0.8446148669291993,0.9953166971873305,1420522.0,37919263.0,1199794.0,0.28493445325846695,0.8120408625086827,0.7275497624903348,0.9561322719896611,0.9715973034951518,0.8032331368118064,0.7937323946252147,0.8705407058540128,0.8225020790970113,0.9816888573523844,0.7095070186942151,0.7123527070589323,0.8446148669291993,0.7554915308941155,0.773151513540042,0.9959643938887862,0.9895029371400371,0.9953166971873305,0.8693791427507617,0.9747417352509063,0.9747417352509063,84945.0,147474.0,0.9507279958279098,0.7746882953160236,0.8442030779727417,0.9681627075320884,0.9814107886359946,0.9814107886359946,0.7573474968655287,4569586.0,460284.0,4484641.0,0.8471286446710493,0.7458794064604718,0.7458794064604718,33366.0,19193.0,0.5947429699366966,0.7425419813503974,0.9934332044155727,0.8007516065070022,0.6980452488687783,0.6980452488687783,0.9962120404733202,110500.0,5047651.0,77134.0,0.9747417352509063,0.7458794064604718,0.7392282049363628,0.8022520623833324,0.762453224593389,0.7658386434539158,0.8484288221378465,0.7392282049363628,0.7392282049363628,73563.0,51911.0,0.5863299035009346,0.7273573017317232,0.9851315428851392,0.7740603074566061,0.7073959460319481,0.7073959460319481,0.989461698243745,251408.0,4874025.0,177845.0,0.9747417352509063,0.7458794064604718,0.7392282049363628,0.8022520623833324,0.9120952552991466,0.9507279958279098,0.5947429699366966,0.5863299035009346,0.6698004122467448,0.616957761894792,0.6205336436697279,0.8760333418933822,0.8022520623833324,0.8022520623833324,59328.0,32624.0,0.6698004122467448,0.7944233561161449,0.9880343624841121,0.8511312093307658,0.7586821232458817,0.7586821232458817,0.9933845605408828,245850.0,4898870.0,186522.0,0.36554340886164316,0.7863835266956507,0.7004003203780715,0.9514805274673656,0.9681627075320884,0.8007516065070022,0.7740603074566061,0.8511312093307658,0.8086477077647913,0.9814107886359946,0.6980452488687783,0.7073959460319481,0.7586821232458817,0.7213744393822026,0.7573474968655287,0.9962120404733202,0.989461698243745,0.9933845605408828
4,50529792.0,903516160.0,1199570944.0,38,1271.0,21.34,84.0,51.0,2.7e-06,2425368.0,12.541611194610596,2.04052734375,10375116.0,16094848.0,0.8803203448791017,0.9769192464001302,0.9769192464001302,646621.0,980445.0,0.954879898739847,0.7872344947850397,0.8424431963548202,0.972314886040775,0.9815674217925063,0.9815674217925063,0.7790732679656971,35080334.0,3457429.0,34433713.0,0.8525082829246338,0.7608046115320629,0.7608046115320629,261316.0,138241.0,0.6139504864302906,0.7578180178912682,0.9932554100855773,0.8213185674050923,0.7085959489176447,0.7085959489176447,0.996420616931623,896748.0,38483219.0,635432.0,0.9769192464001302,0.7608046115320629,0.751613346620391,0.8539234986664226,0.7887804856062922,0.7869159219866625,0.8553549954122943,0.751613346620391,0.751613346620391,589515.0,422447.0,0.6020677524752748,0.7388284119033593,0.9843066645171293,0.7837526413641724,0.7220060888312952,0.7220060888312952,0.9887039019932935,2120604.0,36975157.0,1531089.0,0.9769192464001302,0.7608046115320629,0.751613346620391,0.8539234986664226,0.9206697944771174,0.954879898739847,0.6139504864302906,0.6020677524752748,0.7450842048264624,0.6537008145773426,0.6486903391522467,0.918002402811785,0.8539234986664226,0.8539234986664226,226155.0,182474.0,0.7450842048264624,0.8486762189668647,0.9940706110507261,0.867469083212949,0.8407944403536165,0.8407944403536165,0.9952103652699537,1420522.0,37915212.0,1194367.0,0.2789856192484424,0.8132409749737657,0.7289955856179687,0.9563844848430374,0.972314886040775,0.8213185674050923,0.7837526413641724,0.867469083212949,0.8241800973274046,0.9815674217925063,0.7085959489176447,0.7220060888312952,0.8407944403536165,0.7571321593675188,0.7790732679656971,0.996420616931623,0.9887039019932935,0.9952103652699537,0.8782337200362759,0.9743356393153175,0.9743356393153175,100818.0,134600.0,0.9499556352576195,0.7755490954500354,0.8243515408309755,0.9707605388055006,0.9779371698005027,0.9779371698005027,0.778530270272049,4569586.0,473158.0,4468768.0,0.8810572151527447,0.7484396487887442,0.7484396487887442,25600.0,31472.0,0.5980052404699518,0.7430685392203178,0.9949416831391282,0.7295569380950744,0.7683257918552037,0.7683257918552037,0.9937886384502859,110500.0,5035372.0,84900.0,0.9743356393153175,0.7484396487887442,0.69441905298479,0.7221943824142734,0.721684361395936,0.7149680046440231,0.8512807007029126,0.69441905298479,0.69441905298479,70224.0,89237.0,0.5318851003243846,0.6787242814070347,0.9856887911222573,0.6700071370196842,0.720677146311971,0.720677146311971,0.9818842550938542,251408.0,4836699.0,181184.0,0.9743356393153175,0.7484396487887442,0.69441905298479,0.7221943824142734,0.9038715665052093,0.9499556352576195,0.5980052404699518,0.5318851003243846,0.5651832895982882,0.5650245434642083,0.5563814809497908,0.8148886079258884,0.7221943824142734,0.7221943824142734,89483.0,30816.0,0.5651832895982882,0.7174982148742638,0.982068113634009,0.83536966498026,0.6360260321334147,0.6360260321334147,0.993751183718362,245850.0,4900678.0,156367.0,0.37825896656965907,0.775741535025273,0.661257316412561,0.9447351769555973,0.9707605388055006,0.7295569380950744,0.6700071370196842,0.83536966498026,0.7449779133650063,0.9779371698005027,0.7683257918552037,0.720677146311971,0.6360260321334147,0.7083429901001964,0.778530270272049,0.9937886384502859,0.9818842550938542,0.993751183718362
4,50529792.0,903516160.0,1199570944.0,39,1271.0,20.49,85.0,32.0,8.1e-07,2425368.0,12.41356110572815,1.9453125,10265944.0,16094848.0,0.8734172158975759,0.9765838096552253,0.9765838096552253,606405.0,1046803.0,0.9542391637621326,0.7820054682297175,0.8483030292114324,0.9705298021448432,0.9827138190873553,0.9827138190873553,0.7641206127077965,35080334.0,3391071.0,34473929.0,0.8512257014242275,0.7531071740231453,0.7531071740231453,263296.0,152036.0,0.6039870936246167,0.749474844499895,0.9932022331506798,0.8064438922045913,0.7063879707565559,0.7063879707565559,0.9960634320918992,896748.0,38469424.0,633452.0,0.9765838096552253,0.7531071740231453,0.737087970080534,0.8432021287094333,0.7777990909377043,0.7746998049873449,0.8435143939736771,0.737087970080534,0.737087970080534,640095.0,416071.0,0.5836415780500064,0.7243062572332469,0.9829859834880086,0.7806203798416096,0.6981543937481963,0.6981543937481963,0.9888743941991578,2120604.0,36981533.0,1480509.0,0.9765838096552253,0.7531071740231453,0.737087970080534,0.8432021287094333,0.9183047693427319,0.9542391637621326,0.6039870936246167,0.5836415780500064,0.7289105120575003,0.6388463945773745,0.6322530659348697,0.9038772251933229,0.8432021287094333,0.8432021287094333,267051.0,161937.0,0.7289105120575003,0.838252396542697,0.9930096485074392,0.8768921885833141,0.8120050235054438,0.8120050235054438,0.9957494268812022,1420522.0,37935749.0,1153471.0,0.28267383698998005,0.7998153017743879,0.717694586873564,0.9550372577622953,0.9705298021448432,0.8064438922045913,0.7806203798416096,0.8768921885833141,0.8213188202098384,0.9827138190873553,0.7063879707565559,0.6981543937481963,0.8120050235054438,0.738849129336732,0.7641206127077965,0.9960634320918992,0.9888743941991578,0.9957494268812022,0.8776989052099499,0.9729554968142442,0.9729554968142442,114217.0,133468.0,0.9473352846894805,0.7660416079513329,0.8059207452077886,0.9709146347974443,0.975004956685354,0.975004956685354,0.7803928537345457,4569586.0,474290.0,4455369.0,0.880556292034899,0.7356997356217224,0.7356997356217224,25626.0,35356.0,0.5819026985519965,0.7303667819853139,0.9949326829492078,0.7059303002578391,0.7680904977375566,0.7680904977375566,0.9930220863322415,110500.0,5031488.0,84874.0,0.9729554968142442,0.7356997356217224,0.6900321739528217,0.7196855430076188,0.715139150860721,0.709769156499605,0.8506350301370695,0.6900321739528217,0.6900321739528217,70396.0,92228.0,0.5267550547672537,0.6741666311228758,0.9856454920205607,0.6624652320304494,0.7199929994272258,0.7199929994272258,0.9812770608469131,251408.0,4833708.0,181012.0,0.9729554968142442,0.7356997356217224,0.6900321739528217,0.7196855430076188,0.9008203846905938,0.9473352846894805,0.5819026985519965,0.5267550547672537,0.5621162356459288,0.556924662988393,0.5501102070804648,0.8189668439999287,0.7196855430076188,0.7196855430076188,87200.0,36387.0,0.5621162356459288,0.71256773156602,0.9824980676622296,0.8134353994370299,0.6453121822249339,0.6453121822249339,0.9926215057749234,245850.0,4895107.0,158650.0,0.3830931526196154,0.7771001590187675,0.654527318413665,0.9425498865827729,0.9709146347974443,0.7059303002578391,0.6624652320304494,0.8134353994370299,0.7272769772417728,0.975004956685354,0.7680904977375566,0.7199929994272258,0.6453121822249339,0.7111318931299054,0.7803928537345457,0.9930220863322415,0.9812770608469131,0.9926215057749234
4,50529792.0,903516160.0,1199570944.0,40,1271.0,21.04,84.0,39.0,8.1e-07,2425368.0,12.766907930374146,1.79931640625,10399496.0,16094848.0,0.8811258965367106,0.9770395075070425,0.9770395075070425,644962.0,973505.0,0.955109717997021,0.78845363446921,0.8430493917379739,0.9725067530382282,0.9816147132464589,0.9816147132464589,0.7806370798269622,35080334.0,3464369.0,34435372.0,0.8463467051704018,0.7446453886551304,0.7446453886551304,271941.0,156578.0,0.5931753322333256,0.7409622349898883,0.9929797805049733,0.7996147865648816,0.6967475812602871,0.6967475812602871,0.9959458290805164,896748.0,38464882.0,624807.0,0.9770395075070425,0.7446453886551304,0.7532709479388455,0.8505566870844504,0.7828243412261422,0.7832803823004129,0.856970008143062,0.7532709479388455,0.7532709479388455,582517.0,425064.0,0.6041977979846547,0.7404612514773641,0.9844889863966922,0.783478703370245,0.7253060920379288,0.7253060920379288,0.9886339242481952,2120604.0,36972540.0,1538087.0,0.9770395075070425,0.7446453886551304,0.7532709479388455,0.8505566870844504,0.9203329384951445,0.955109717997021,0.5931753322333256,0.6041977979846547,0.7399727133363568,0.6457819478514457,0.6437640775294936,0.9145707600363677,0.8505566870844504,0.8505566870844504,235987.0,180260.0,0.7399727133363568,0.8452818352607055,0.9938147866352087,0.8679215559845984,0.8338730410370272,0.8338730410370272,0.9952684790357084,1420522.0,37917426.0,1184535.0,0.2797172893437975,0.8093853568954256,0.7231138903878396,0.956085888307486,0.9725067530382282,0.7996147865648816,0.783478703370245,0.8679215559845984,0.8170050153065751,0.9816147132464589,0.6967475812602871,0.7253060920379288,0.8338730410370272,0.751975571445081,0.7806370798269622,0.9959458290805164,0.9886339242481952,0.9952684790357084,0.8853648084295336,0.9740952346815468,0.9740952346815468,112698.0,124352.0,0.9494986938472557,0.777236661467955,0.8109423858923946,0.9728562572578603,0.9753373719194693,0.9753373719194693,0.7953922449395977,4569586.0,483406.0,4456888.0,0.8831579097970437,0.7350497910324545,0.7350497910324545,25024.0,36596.0,0.5810899004731603,0.7299235953727932,0.995049920162555,0.7002097123009372,0.7735384615384615,0.7735384615384615,0.992777358055626,110500.0,5030248.0,85476.0,0.9740952346815468,0.7350497910324545,0.6976472591907739,0.7364094677751919,0.7230355059994734,0.7189428688670296,0.8608768331581249,0.6976472591907739,0.6976472591907739,65027.0,96524.0,0.5356822597519055,0.6825762232360686,0.9867141055389597,0.6588112617309697,0.741348723986508,0.741348723986508,0.980404942329742,251408.0,4829412.0,186381.0,0.9740952346815468,0.7350497910324545,0.6976472591907739,0.7364094677751919,0.9041277534206775,0.9494986938472557,0.5810899004731603,0.5356822597519055,0.5827912199362504,0.5665211267204388,0.5612106215990497,0.8241609566858743,0.7364094677751919,0.7364094677751919,84953.0,30230.0,0.5827912199362504,0.7312543336665801,0.9829624342462432,0.8418329173795435,0.6544519015659955,0.6544519015659955,0.993870011805753,245850.0,4901264.0,160897.0,0.3761189112180396,0.7861691147526085,0.662265518502143,0.9444305806220332,0.9728562572578603,0.7002097123009372,0.6588112617309697,0.8418329173795435,0.7336179638038168,0.9753373719194693,0.7735384615384615,0.741348723986508,0.6544519015659955,0.7231130290303217,0.7953922449395977,0.992777358055626,0.980404942329742,0.993870011805753
4,50529792.0,903516160.0,1199570944.0,41,1271.0,21.9,84.0,48.0,8.1e-07,2425368.0,12.132787704467773,2.29296875,10428456.0,16094848.0,0.8787570760027643,0.976854660302501,0.976854660302501,636615.0,995586.0,0.9547564968544114,0.7861326020879003,0.8439249474674931,0.9719072933286925,0.98185265282822,0.98185265282822,0.7756614991773088,35080334.0,3442288.0,34443719.0,0.8547808184595447,0.7675226737530713,0.7675226737530713,257435.0,129852.0,0.6227479057081629,0.7648907897286581,0.9933563520523591,0.8311779657160687,0.7129238091414757,0.7129238091414757,0.9966378277776138,896748.0,38491608.0,639313.0,0.976854660302501,0.7675226737530713,0.7575970518921398,0.8622639310072795,0.7957945522174968,0.7935922239128722,0.8588589759749639,0.7575970518921398,0.7575970518921398,575142.0,413839.0,0.609783688171326,0.7450723277359018,0.9846869345798588,0.7887823259417517,0.7287838747828449,0.7287838747828449,0.9889340771670827,2120604.0,36983765.0,1545462.0,0.976854660302501,0.7675226737530713,0.7575970518921398,0.8622639310072795,0.9216337778459692,0.9547564968544114,0.6227479057081629,0.609783688171326,0.7578769404495309,0.6634695114430066,0.6578142479210597,0.9184518933431758,0.8622639310072795,0.8622639310072795,225873.0,155788.0,0.7578769404495309,0.8575575025298653,0.9940821013624296,0.8846388243213122,0.8409929589263665,0.8409929589263665,0.9959108277599852,1420522.0,37941898.0,1194649.0,0.27651674773661455,0.8161383239197267,0.7362912577958578,0.9571067341919958,0.9719072933286925,0.8311779657160687,0.7887823259417517,0.8846388243213122,0.8348663719930443,0.98185265282822,0.7129238091414757,0.7287838747828449,0.8409929589263665,0.7609002142835624,0.7756614991773088,0.9966378277776138,0.9889340771670827,0.9959108277599852,0.8739267994346452,0.9745224919773559,0.9745224919773559,93210.0,140847.0,0.9503109374446044,0.7749773410858136,0.8335895279769907,0.9694953005302105,0.9796020908677504,0.9796020908677504,0.7682515080015401,4569586.0,466911.0,4476376.0,0.8588387049439695,0.737428104544993,0.737428104544993,30624.0,26258.0,0.5840682080755788,0.7319747806506594,0.9939612045251528,0.7525957751521661,0.7228597285067874,0.7228597285067874,0.9948176813811517,110500.0,5040586.0,79876.0,0.9745224919773559,0.737428104544993,0.7222697678882792,0.7766795746784265,0.745459149037233,0.7460995531215134,0.8522755801401531,0.7222697678882792,0.7222697678882792,70803.0,68091.0,0.5652756346655232,0.7081873457260466,0.9856343971003813,0.7262079004085309,0.7183741169732069,0.7183741169732069,0.9861770433070994,251408.0,4857845.0,180605.0,0.9745224919773559,0.737428104544993,0.7222697678882792,0.7766795746784265,0.9088194168886136,0.9503109374446044,0.5840682080755788,0.5652756346655232,0.6348946348004131,0.594746159180505,0.5950229581454298,0.8532553845103319,0.7766795746784265,0.7766795746784265,70654.0,30095.0,0.6348946348004131,0.769999276357428,0.985789773359214,0.853403217871217,0.7126133821435835,0.7126133821435835,0.9938973868770803,245850.0,4901399.0,175196.0,0.36929320270502114,0.783362329622832,0.6836373537465299,0.9487592479850673,0.9694953005302105,0.7525957751521661,0.7262079004085309,0.853403217871217,0.777402297810638,0.9796020908677504,0.7228597285067874,0.7183741169732069,0.7126133821435835,0.7179490758745258,0.7682515080015401,0.9948176813811517,0.9861770433070994,0.9938973868770803
4,50529792.0,903516160.0,1199570944.0,42,1271.0,23.2,85.0,46.0,8.1e-07,2425368.0,13.431659460067749,2.2470703125,10365604.0,16094848.0,0.8758362551278465,0.9763264826261432,0.9763264826261432,649875.0,1019833.0,0.9537479147949648,0.7810019438098647,0.840243751345898,0.9712320282157337,0.9814746632685994,0.9814746632685994,0.7701978469870934,35080334.0,3418041.0,34430459.0,0.8610072477000096,0.7659605510243461,0.7659605510243461,245752.0,152072.0,0.620693732003585,0.7620419703381797,0.9936523024325884,0.8106362101341356,0.7259519954323845,0.7259519954323845,0.9960624999676346,896748.0,38469388.0,650996.0,0.9763264826261432,0.7659605510243461,0.739214310245909,0.8373576736462561,0.7808441783055038,0.7765921801502271,0.8455703605530848,0.739214310245909,0.739214310245909,631167.0,419743.0,0.5863124210983776,0.7263545585549623,0.9832176731608167,0.7801448789532679,0.7023645150155333,0.7023645150155333,0.9887762060906362,2120604.0,36977861.0,1489437.0,0.9763264826261432,0.7659605510243461,0.739214310245909,0.8373576736462561,0.9180787087814283,0.9537479147949648,0.620693732003585,0.5863124210983776,0.7202194988654516,0.6424085506558047,0.6347778455802153,0.9065840636864426,0.8373576736462561,0.8373576736462561,258190.0,193336.0,0.7202194988654516,0.8316839496523892,0.9932344650015434,0.857386911839772,0.8182428712825285,0.8182428712825285,0.9949252560903568,1420522.0,37904350.0,1162332.0,0.2815649156546711,0.8070085112497614,0.7202433916905948,0.9548313526767206,0.9712320282157337,0.8106362101341356,0.7801448789532679,0.857386911839772,0.8160560003090586,0.9814746632685994,0.7259519954323845,0.7023645150155333,0.8182428712825285,0.7488531272434821,0.7701978469870934,0.9960624999676346,0.9887762060906362,0.9949252560903568,0.8720774804743545,0.9741697866796029,0.9741697866796029,94382.0,142939.0,0.9496403732606193,0.7717017641229336,0.8312199012519649,0.9690483815680891,0.9793456124909347,0.9793456124909347,0.7648093484577743,4569586.0,464819.0,4475204.0,0.8670318363767962,0.7411047840121867,0.7411047840121867,28768.0,28336.0,0.5886945748941197,0.7354714531020262,0.9943227880225983,0.7425591452556601,0.739656108597285,0.739656108597285,0.9944075641563072,110500.0,5038508.0,81732.0,0.9741697866796029,0.7411047840121867,0.7052727922048776,0.7412850717103565,0.7292208826424735,0.7254376546219704,0.8512216463331028,0.7052727922048776,0.7052727922048776,70709.0,80316.0,0.544726941674404,0.6900681720544996,0.9856175207151515,0.6922935463479111,0.7187480112009165,0.7187480112009165,0.9836952814652891,251408.0,4845620.0,180699.0,0.9741697866796029,0.7411047840121867,0.7052727922048776,0.7412850717103565,0.9051454415360775,0.9496403732606193,0.5886945748941197,0.544726941674404,0.5889221260906338,0.5741145475530525,0.5691660806178993,0.8243592791686394,0.7412850717103565,0.7412850717103565,85003.0,27271.0,0.5889221260906338,0.7373079526413205,0.9829626880001027,0.8550324796138594,0.6542485255236933,0.6542485255236933,0.9944700328135855,245850.0,4904223.0,160847.0,0.3765528198284439,0.7729995644532074,0.6679960039799442,0.9461380198032041,0.9690483815680891,0.7425591452556601,0.6922935463479111,0.8550324796138594,0.7632950570724768,0.9793456124909347,0.739656108597285,0.7187480112009165,0.6542485255236933,0.7042175484406316,0.7648093484577743,0.9944075641563072,0.9836952814652891,0.9944700328135855
4,50529792.0,903516160.0,1199570944.0,43,1271.0,23.79,84.0,33.0,2.43e-07,2425368.0,12.77009630203247,2.46337890625,10371816.0,16094848.0,0.8767540769940302,0.9766212507893024,0.9766212507893024,635612.0,1013491.0,0.9543106611726521,0.7835850262074106,0.8434451273954771,0.9714173131059932,0.9818812443461913,0.9818812443461913,0.7716269096418691,35080334.0,3424383.0,34444722.0,0.8559708942933233,0.7668581127519828,0.7668581127519828,255183.0,134917.0,0.6218733794400314,0.7639041306878802,0.9934132258330463,0.8262458112358045,0.7154351055145928,0.7154351055145928,0.9965066830720537,896748.0,38486543.0,641565.0,0.9766212507893024,0.7668581127519828,0.7538749742166014,0.8671062667968834,0.7959464512551558,0.7938147787404113,0.8520663735352754,0.7538749742166014,0.7538749742166014,605670.0,383521.0,0.6049753906055009,0.7419900754725827,0.9839002132735959,0.7979825700372145,0.7143879762558214,0.7143879762558214,0.9897447708147292,2120604.0,37014083.0,1514934.0,0.9766212507893024,0.7668581127519828,0.7538749742166014,0.8671062667968834,0.9212302321005109,0.9543106611726521,0.6218733794400314,0.6049753906055009,0.7653906464335783,0.6640798054930368,0.6581201334165333,0.9259272904410621,0.8671062667968834,0.8671062667968834,204154.0,168690.0,0.7653906464335783,0.8622901464074794,0.9946462854497989,0.8782072664105041,0.856282408860968,0.856282408860968,0.9955721720211563,1420522.0,37928996.0,1216368.0,0.26837371643107527,0.8169966837443934,0.7366375194129406,0.9569661913819574,0.9714173131059932,0.8262458112358045,0.7979825700372145,0.8782072664105041,0.8341452158945076,0.9818812443461913,0.7154351055145928,0.7143879762558214,0.856282408860968,0.7620351635437941,0.7716269096418691,0.9965066830720537,0.9897447708147292,0.9955721720211563,0.8812736634878267,0.9741308273634207,0.9741308273634207,106930.0,130092.0,0.9495663319912556,0.7755438257168419,0.8170873560544376,0.9716744746282617,0.9765996306886444,0.9765996306886444,0.785947696287009,4569586.0,477666.0,4462656.0,0.8766706336366581,0.7401128449263862,0.7401128449263862,26549.0,32409.0,0.5874437579158766,0.7345516278072723,0.994754182190657,0.7214764523891372,0.759737556561086,0.759737556561086,0.9936037107122303,110500.0,5034435.0,83951.0,0.9741308273634207,0.7401128449263862,0.6909527007938394,0.7208256091024889,0.7172970516075715,0.711104252596125,0.8572488128746121,0.6909527007938394,0.6909527007938394,66754.0,98429.0,0.52782867449698,0.6755138559055954,0.9863607600820634,0.6522963229865446,0.7344794119518869,0.7344794119518869,0.9800182137973372,251408.0,4827507.0,184654.0,0.9741308273634207,0.7401128449263862,0.6909527007938394,0.7208256091024889,0.903026042260256,0.9495663319912556,0.5874437579158766,0.52782867449698,0.5635084740843926,0.5595936354990831,0.5517158808448615,0.8128994941423917,0.7208256091024889,0.7208256091024889,90511.0,29814.0,0.5635084740843926,0.7167178890043276,0.9818694837597359,0.8389764141007707,0.6318446207036811,0.6318446207036811,0.9939543675811022,245850.0,4901680.0,155339.0,0.3783166091653365,0.7756653049763246,0.6570868096221263,0.9438430206685127,0.9716744746282617,0.7214764523891372,0.6522963229865446,0.8389764141007707,0.7375830631588175,0.9765996306886444,0.759737556561086,0.7344794119518869,0.6318446207036811,0.7086871964055513,0.785947696287009,0.9936037107122303,0.9800182137973372,0.9939543675811022
4,50529792.0,903516160.0,1199570944.0,44,1271.0,24.49,84.0,48.0,2.43e-07,2425368.0,12.77883791923523,2.28662109375,10371880.0,16094848.0,0.8785835362395775,0.9768064712608302,0.9768064712608302,638720.0,996860.0,0.9546644342683636,0.7857015909595579,0.8434407733445367,0.9718706849510507,0.9817926476982802,0.9817926476982802,0.7753744247808748,35080334.0,3441014.0,34441614.0,0.8639849266396402,0.7704899171985814,0.7704899171985814,240447.0,150545.0,0.6266641713445998,0.7665639577258831,0.9937887228044314,0.8134154473096477,0.7318678157074229,0.7318678157074229,0.9961020375718577,896748.0,38470915.0,656301.0,0.9768064712608302,0.7704899171985814,0.7462902942081343,0.8564344690569202,0.7910715601545454,0.7868312324305133,0.8509880262391758,0.7462902942081343,0.7462902942081343,608165.0,420176.0,0.5952656270908934,0.7334839207319586,0.9838191990212846,0.7825868059598006,0.7132114246695753,0.7132114246695753,0.9887646278087762,2120604.0,36977428.0,1512439.0,0.9768064712608302,0.7704899171985814,0.7462902942081343,0.8564344690569202,0.9205397499598889,0.9546644342683636,0.6266641713445998,0.5952656270908934,0.7489159526788401,0.6569485837047777,0.6485752464654065,0.9140473668788224,0.8564344690569202,0.8564344690569202,238302.0,158053.0,0.7489159526788401,0.8516290207823642,0.9937581223290364,0.8820740252172505,0.832243358427395,0.832243358427395,0.9958513753302497,1420522.0,37939633.0,1182220.0,0.28091943516067014,0.8147788116256683,0.7313775463456742,0.9563331920313796,0.9718706849510507,0.8134154473096477,0.7825868059598006,0.8820740252172505,0.826025426162233,0.9817926476982802,0.7318678157074229,0.7132114246695753,0.832243358427395,0.7591075329347977,0.7753744247808748,0.9961020375718577,0.9887646278087762,0.9958513753302497,0.8671991050967007,0.974657298785061,0.974657298785061,82929.0,150392.0,0.9505673543393635,0.7732128495029015,0.8465116279069768,0.967567304119495,0.9818519664582306,0.9818519664582306,0.7525462437351709,4569586.0,457366.0,4486657.0,0.8782571480741208,0.7415698710026433,0.7415698710026433,26195.0,32564.0,0.5892817200693395,0.7360744434921392,0.9948236084557279,0.7213632357596967,0.7629411764705882,0.7629411764705882,0.9935731196776534,110500.0,5034280.0,84305.0,0.974657298785061,0.7415698710026433,0.7000799099855276,0.7311825420230021,0.7242774410037244,0.7197803585722958,0.8386008260811003,0.7000799099855276,0.7000799099855276,77505.0,71498.0,0.538556112305129,0.6850223631661011,0.9842850981854413,0.7086482940167318,0.6917162540571501,0.6917162540571501,0.9854853981050505,251408.0,4854438.0,173903.0,0.974657298785061,0.7415698710026433,0.7000799099855276,0.7311825420230021,0.90507573251926,0.9505673543393635,0.5892817200693395,0.538556112305129,0.5762708712952289,0.5680362345565658,0.5622319290224255,0.8128236500839754,0.7311825420230021,0.7311825420230021,90885.0,23060.0,0.5762708712952289,0.7302272133261729,0.9818205239553627,0.8704676309507091,0.6303233679072605,0.6303233679072605,0.9953239322606902,245850.0,4908434.0,154965.0,0.3775789183151873,0.7667081912233074,0.6636690145022652,0.9463983849634098,0.967567304119495,0.7213632357596967,0.7086482940167318,0.8704676309507091,0.7668263869090458,0.9818519664582306,0.7629411764705882,0.6917162540571501,0.6303233679072605,0.694993599478333,0.7525462437351709,0.9935731196776534,0.9854853981050505,0.9953239322606902
4,50529792.0,903516160.0,1199570944.0,45,1271.0,20.4,84.0,37.0,2.43e-07,2425368.0,11.934165954589844,2.16162109375,10404672.0,16094848.0,0.8751008974798038,0.9764735781777393,0.9764735781777393,631266.0,1028714.0,0.9540286966302739,0.7818179432957615,0.8437625141507356,0.9710039934289015,0.9820051314220668,0.9820051314220668,0.7681966635375407,35080334.0,3409160.0,34449068.0,0.857937719553062,0.7652426858646846,0.7652426858646846,251433.0,144500.0,0.6197514905190694,0.7617449564794924,0.9935077863933058,0.8170457638814153,0.7196168823348366,0.7196168823348366,0.9962585567712873,896748.0,38476960.0,645315.0,0.9764735781777393,0.7652426858646846,0.7551623457707118,0.8559910998691797,0.7921320438348586,0.7899852564783034,0.8537736573385593,0.7551623457707118,0.7551623457707118,598111.0,389130.0,0.6066352051651689,0.7431459102999625,0.9840955779420014,0.7964399884286808,0.7179525267329496,0.7179525267329496,0.9895947879441688,2120604.0,37008474.0,1522493.0,0.9764735781777393,0.7652426858646846,0.7551623457707118,0.8559910998691797,0.9204042861714243,0.9540286966302739,0.6197514905190694,0.6066352051651689,0.7482381472480633,0.6582082809774339,0.6528724221814727,0.9136399765729026,0.8559910998691797,0.8559910998691797,239464.0,157930.0,0.7482381472480633,0.8511849054130266,0.9937278970078488,0.8820527144380682,0.8314253492730137,0.8314253492730137,0.9958546038727917,1420522.0,37939756.0,1181058.0,0.2847878987071526,0.8127499724407167,0.7321633848906438,0.9564688257119351,0.9710039934289015,0.8170457638814153,0.7964399884286808,0.8820527144380682,0.8318461555827215,0.9820051314220668,0.7196168823348366,0.7179525267329496,0.8314253492730137,0.7563315861136001,0.7681966635375407,0.9962585567712873,0.9895947879441688,0.9958546038727917,0.8729742012959225,0.9742134711343721,0.9742134711343721,95119.0,141751.0,0.949723401234087,0.7723945606663102,0.8304854881078403,0.9692928280250196,0.9791843287335001,0.9791843287335001,0.7667640738583449,4569586.0,466007.0,4474467.0,0.868720372288756,0.7459402971511654,0.7459402971511654,28413.0,27503.0,0.5948204024550191,0.7404296626964789,0.9943933742640231,0.7490373209234419,0.742868778280543,0.742868778280543,0.9945719662969691,110500.0,5039341.0,82087.0,0.9742134711343721,0.7459402971511654,0.7134390165521561,0.7652646039690595,0.7415479725574604,0.7398270487062873,0.8422194090794739,0.7134390165521561,0.7134390165521561,76024.0,64866.0,0.5545318299955102,0.6993606061942239,0.984601467989064,0.730006243496358,0.697607076942659,0.697607076942659,0.9868317412162887,251408.0,4861070.0,175384.0,0.9742134711343721,0.7459402971511654,0.7134390165521561,0.7652646039690595,0.9072909050886155,0.949723401234087,0.5948204024550191,0.5545318299955102,0.6197802431427852,0.5897108251977715,0.5870837395349342,0.8520475795068332,0.7652646039690595,0.7652646039690595,70935.0,36371.0,0.6197802431427852,0.7568581028719954,0.9857160347301622,0.827858921083271,0.711470408785845,0.711470408785845,0.9926247502278214,245850.0,4895123.0,174915.0,0.37151154121266133,0.7827826481856368,0.6797139692068503,0.9477548719961432,0.9692928280250196,0.7490373209234419,0.730006243496358,0.827858921083271,0.7689674951676904,0.9791843287335001,0.742868778280543,0.697607076942659,0.711470408785845,0.7173154213363491,0.7667640738583449,0.9945719662969691,0.9868317412162887,0.9926247502278214
4,50529792.0,903516160.0,1199570944.0,46,1271.0,20.27,84.0,29.0,2.43e-07,2425376.0,15.22320032119751,2.20556640625,10327908.0,16094848.0,0.880802527191286,0.9767421426048143,0.9767421426048143,665144.0,973822.0,0.9545415513262882,0.7861079587103657,0.8389168254546405,0.9724823626045282,0.9810394051550364,0.9810394051550364,0.7805656492275356,35080334.0,3464052.0,34415190.0,0.8604707898066359,0.7603260176945624,0.7603260176945624,246448.0,163534.0,0.6133273978054895,0.7559649971134597,0.9936325542947678,0.7990573016118766,0.7251758576545473,0.7251758576545473,0.9957657219587245,896748.0,38457926.0,650300.0,0.9767421426048143,0.7603260176945624,0.7478433150238576,0.8521217606737849,0.7867636977974016,0.78452072879059,0.8513553574413357,0.7478433150238576,0.7478433150238576,606971.0,413758.0,0.5972441979480437,0.7351948520010528,0.9838532107455925,0.7853274192937499,0.7137744718014302,0.7137744718014302,0.9889362430812413,2120604.0,36983846.0,1513633.0,0.9767421426048143,0.7603260176945624,0.7478433150238576,0.8521217606737849,0.9199980045712466,0.9545415513262882,0.6133273978054895,0.5972441979480437,0.7423450776224887,0.6509722244586739,0.6454414710091985,0.9186675996834381,0.8521217606737849,0.8521217606737849,223933.0,191382.0,0.7423450776224887,0.846735329624206,0.994127154258181,0.8621138337904755,0.8423586540722354,0.8423586540722354,0.9949765452946407,1420522.0,37906304.0,1196589.0,0.2829490608935728,0.8155870971708123,0.7268645561755774,0.9559065026430348,0.9724823626045282,0.7990573016118766,0.7853274192937499,0.8621138337904755,0.815499518232034,0.9810394051550364,0.7251758576545473,0.7137744718014302,0.8423586540722354,0.7604363278427376,0.7805656492275356,0.9957657219587245,0.9889362430812413,0.9949765452946407,0.8799822575331258,0.9743141359349151,0.9743141359349151,103349.0,132138.0,0.9499147546729668,0.7761885572467759,0.8214947605139481,0.9712641965911871,0.9773832903024475,0.9773832903024475,0.782581224763804,4569586.0,475620.0,4466237.0,0.8741970568193724,0.7558714209859904,0.7558714209859904,27223.0,26570.0,0.6075508864084045,0.7505669174779949,0.9946279198586601,0.7581181097344488,0.7536380090497737,0.7536380090497737,0.994756104588971,110500.0,5040274.0,83277.0,0.9743141359349151,0.7558714209859904,0.6775179281304843,0.7002204823718431,0.7112032771627725,0.70031776474286,0.8500847389182231,0.6775179281304843,0.6775179281304843,70154.0,102391.0,0.5123078358050758,0.661349319535277,0.9856644227607787,0.6390170812106682,0.7209555781836696,0.7209555781836696,0.9792138996527766,251408.0,4823545.0,181254.0,0.9743141359349151,0.7558714209859904,0.6775179281304843,0.7002204823718431,0.9018320502211397,0.9499147546729668,0.6075508864084045,0.5123078358050758,0.5387225086063893,0.5528604102732898,0.5388376833544264,0.8036278518410742,0.7002204823718431,0.7002204823718431,94838.0,34465.0,0.5387225086063893,0.6948953878582586,0.9810014970350772,0.8141818123001774,0.6142444580028472,0.6142444580028472,0.9930112456793012,245850.0,4897029.0,151012.0,0.3853911621661126,0.7665553338846846,0.6521239963732091,0.9429120413864716,0.9712641965911871,0.7581181097344488,0.6390170812106682,0.8141818123001774,0.7371056677484314,0.9773832903024475,0.7536380090497737,0.7209555781836696,0.6142444580028472,0.6962793484120969,0.782581224763804,0.994756104588971,0.9792138996527766,0.9930112456793012
