sample_id,group_id,annotation_id,image_path,mask_path,leaf_mask_path,image_materialization,label,labels_in_json,image_width,image_height,lesion_pixels,leaf_pixels_heuristic,lesion_fraction_image,lesion_fraction_heuristic_leaf,early_blight_pixels,late_blight_pixels,bacterial_spot_pixels,shape_count,status,split
0003faa8-4b27-4c65-bf42-6d9e352ca1a5___RS_Late.B 4946,0003faa8-4b27-4c65-bf42-6d9e352ca1a5,0003faa8-4b27-4c65-bf42-6d9e352ca1a5___RS_Late.B 4946,artifacts/data/mc_unet/images/0003faa8-4b27-4c65-bf42-6d9e352ca1a5___RS_Late.B 4946.jpg,artifacts/data/mc_unet/masks/0003faa8-4b27-4c65-bf42-6d9e352ca1a5___RS_Late.B 4946.png,artifacts/data/mc_unet/leaf_masks_heuristic/0003faa8-4b27-4c65-bf42-6d9e352ca1a5___RS_Late.B 4946.png,source_jpg,late_blight,Tomato_Late_blight,256,256,6558,65536,0.100067138671875,0.100067138671875,0,6558,0,1,ok,val
0003faa8-4b27-4c65-bf42-6d9e352ca1a5___RS_Late.B 4946_flipLR,0003faa8-4b27-4c65-bf42-6d9e352ca1a5,0003faa8-4b27-4c65-bf42-6d9e352ca1a5___RS_Late.B 4946_flipLR,artifacts/data/mc_unet/images/0003faa8-4b27-4c65-bf42-6d9e352ca1a5___RS_Late.B 4946_flipLR.jpg,artifacts/data/mc_unet/masks/0003faa8-4b27-4c65-bf42-6d9e352ca1a5___RS_Late.B 4946_flipLR.png,artifacts/data/mc_unet/leaf_masks_heuristic/0003faa8-4b27-4c65-bf42-6d9e352ca1a5___RS_Late.B 4946_flipLR.png,source_jpg,late_blight,Tomato_Late_blight,256,256,6869,65536,0.1048126220703125,0.1048126220703125,0,6869,0,1,ok,val
0034a551-9512-44e5-ba6c-827f85ecc688___RS_Erly.B 9432,0034a551-9512-44e5-ba6c-827f85ecc688,0034a551-9512-44e5-ba6c-827f85ecc688___RS_Erly.B 9432,artifacts/data/mc_unet/images/0034a551-9512-44e5-ba6c-827f85ecc688___RS_Erly.B 9432.jpg,artifacts/data/mc_unet/masks/0034a551-9512-44e5-ba6c-827f85ecc688___RS_Erly.B 9432.png,artifacts/data/mc_unet/leaf_masks_heuristic/0034a551-9512-44e5-ba6c-827f85ecc688___RS_Erly.B 9432.png,source_jpg,early_blight,Tomato_Early_blight,256,256,7842,65536,0.119659423828125,0.119659423828125,7842,0,0,12,ok,train
00b7e89a-e129-4576-b51f-48923888bff9___GCREC_Bact.Sp 6202,00b7e89a-e129-4576-b51f-48923888bff9,00b7e89a-e129-4576-b51f-48923888bff9___GCREC_Bact.Sp 6202,artifacts/data/mc_unet/images/00b7e89a-e129-4576-b51f-48923888bff9___GCREC_Bact.Sp 6202.jpg,artifacts/data/mc_unet/masks/00b7e89a-e129-4576-b51f-48923888bff9___GCREC_Bact.Sp 6202.png,artifacts/data/mc_unet/leaf_masks_heuristic/00b7e89a-e129-4576-b51f-48923888bff9___GCREC_Bact.Sp 6202.png,source_jpg,bacterial_spot,Tomato_Bacterial_spot,256,256,845,65536,0.0128936767578125,0.0128936767578125,0,0,845,2,ok,train
00c5c908-fc25-4710-a109-db143da23112___RS_Erly.B 7778,00c5c908-fc25-4710-a109-db143da23112,00c5c908-fc25-4710-a109-db143da23112___RS_Erly.B 7778,artifacts/data/mc_unet/images/00c5c908-fc25-4710-a109-db143da23112___RS_Erly.B 7778.jpg,artifacts/data/mc_unet/masks/00c5c908-fc25-4710-a109-db143da23112___RS_Erly.B 7778.png,artifacts/data/mc_unet/leaf_masks_heuristic/00c5c908-fc25-4710-a109-db143da23112___RS_Erly.B 7778.png,source_jpg,early_blight,Tomato_Early_blight,256,256,710,65536,0.010833740234375,0.010833740234375,710,0,0,4,ok,val
00e7c4b2-3005-4558-9cfa-235e356cb7a8___RS_Erly.B 7844,00e7c4b2-3005-4558-9cfa-235e356cb7a8,00e7c4b2-3005-4558-9cfa-235e356cb7a8___RS_Erly.B 7844,artifacts/data/mc_unet/images/00e7c4b2-3005-4558-9cfa-235e356cb7a8___RS_Erly.B 7844.jpg,artifacts/data/mc_unet/masks/00e7c4b2-3005-4558-9cfa-235e356cb7a8___RS_Erly.B 7844.png,artifacts/data/mc_unet/leaf_masks_heuristic/00e7c4b2-3005-4558-9cfa-235e356cb7a8___RS_Erly.B 7844.png,source_jpg,early_blight,Tomato_Early_blight,256,256,2986,65536,0.045562744140625,0.045562744140625,2986,0,0,7,ok,train
0114f7b3-7f56-4bef-aa47-7a82da142d4b___RS_Erly.B 7437_180deg,0114f7b3-7f56-4bef-aa47-7a82da142d4b,0114f7b3-7f56-4bef-aa47-7a82da142d4b___RS_Erly.B 7437_180deg,artifacts/data/mc_unet/images/0114f7b3-7f56-4bef-aa47-7a82da142d4b___RS_Erly.B 7437_180deg.jpg,artifacts/data/mc_unet/masks/0114f7b3-7f56-4bef-aa47-7a82da142d4b___RS_Erly.B 7437_180deg.png,artifacts/data/mc_unet/leaf_masks_heuristic/0114f7b3-7f56-4bef-aa47-7a82da142d4b___RS_Erly.B 7437_180deg.png,embedded_imageData,early_blight,Tomato_Early_blight,256,256,3052,65536,0.04656982421875,0.04656982421875,3052,0,0,6,ok,train
0114f7b3-7f56-4bef-aa47-7a82da142d4b___RS_Erly.B 7437_flipTB,0114f7b3-7f56-4bef-aa47-7a82da142d4b,0114f7b3-7f56-4bef-aa47-7a82da142d4b___RS_Erly.B 7437_flipTB,artifacts/data/mc_unet/images/0114f7b3-7f56-4bef-aa47-7a82da142d4b___RS_Erly.B 7437_flipTB.jpg,artifacts/data/mc_unet/masks/0114f7b3-7f56-4bef-aa47-7a82da142d4b___RS_Erly.B 7437_flipTB.png,artifacts/data/mc_unet/leaf_masks_heuristic/0114f7b3-7f56-4bef-aa47-7a82da142d4b___RS_Erly.B 7437_flipTB.png,embedded_imageData,early_blight,Tomato_Early_blight,256,256,2879,65536,0.0439300537109375,0.0439300537109375,2879,0,0,5,ok,train
011aa278-a39e-40b0-b6e4-2e2f835889f0___RS_Erly.B 8251,011aa278-a39e-40b0-b6e4-2e2f835889f0,011aa278-a39e-40b0-b6e4-2e2f835889f0___RS_Erly.B 8251,artifacts/data/mc_unet/images/011aa278-a39e-40b0-b6e4-2e2f835889f0___RS_Erly.B 8251.jpg,artifacts/data/mc_unet/masks/011aa278-a39e-40b0-b6e4-2e2f835889f0___RS_Erly.B 8251.png,artifacts/data/mc_unet/leaf_masks_heuristic/011aa278-a39e-40b0-b6e4-2e2f835889f0___RS_Erly.B 8251.png,source_jpg,early_blight,Tomato_Early_blight,256,256,3457,65536,0.0527496337890625,0.0527496337890625,3457,0,0,14,ok,train
01861c93-ea8b-4820-aaa8-cc6003b3e75b___RS_Erly.B 7855,01861c93-ea8b-4820-aaa8-cc6003b3e75b,01861c93-ea8b-4820-aaa8-cc6003b3e75b___RS_Erly.B 7855,artifacts/data/mc_unet/images/01861c93-ea8b-4820-aaa8-cc6003b3e75b___RS_Erly.B 7855.jpg,artifacts/data/mc_unet/masks/01861c93-ea8b-4820-aaa8-cc6003b3e75b___RS_Erly.B 7855.png,artifacts/data/mc_unet/leaf_masks_heuristic/01861c93-ea8b-4820-aaa8-cc6003b3e75b___RS_Erly.B 7855.png,embedded_imageData,early_blight,Tomato_Early_blight,256,256,4895,65536,0.0746917724609375,0.0746917724609375,4895,0,0,2,ok,train
01861c93-ea8b-4820-aaa8-cc6003b3e75b___RS_Erly.B 7855_180deg,01861c93-ea8b-4820-aaa8-cc6003b3e75b,01861c93-ea8b-4820-aaa8-cc6003b3e75b___RS_Erly.B 7855_180deg,artifacts/data/mc_unet/images/01861c93-ea8b-4820-aaa8-cc6003b3e75b___RS_Erly.B 7855_180deg.jpg,artifacts/data/mc_unet/masks/01861c93-ea8b-4820-aaa8-cc6003b3e75b___RS_Erly.B 7855_180deg.png,artifacts/data/mc_unet/leaf_masks_heuristic/01861c93-ea8b-4820-aaa8-cc6003b3e75b___RS_Erly.B 7855_180deg.png,embedded_imageData,early_blight,Tomato_Early_blight,256,256,4926,65536,0.075164794921875,0.075164794921875,4926,0,0,4,ok,train
01861c93-ea8b-4820-aaa8-cc6003b3e75b___RS_Erly.B 7855_flipTB,01861c93-ea8b-4820-aaa8-cc6003b3e75b,01861c93-ea8b-4820-aaa8-cc6003b3e75b___RS_Erly.B 7855_flipTB,artifacts/data/mc_unet/images/01861c93-ea8b-4820-aaa8-cc6003b3e75b___RS_Erly.B 7855_flipTB.jpg,artifacts/data/mc_unet/masks/01861c93-ea8b-4820-aaa8-cc6003b3e75b___RS_Erly.B 7855_flipTB.png,artifacts/data/mc_unet/leaf_masks_heuristic/01861c93-ea8b-4820-aaa8-cc6003b3e75b___RS_Erly.B 7855_flipTB.png,embedded_imageData,early_blight,Tomato_Early_blight,256,256,5590,65536,0.085296630859375,0.085296630859375,5590,0,0,5,ok,train
01a3cf3f-94c1-44d5-8972-8c509d62558e___GCREC_Bact.Sp 3396,01a3cf3f-94c1-44d5-8972-8c509d62558e,01a3cf3f-94c1-44d5-8972-8c509d62558e___GCREC_Bact.Sp 3396,artifacts/data/mc_unet/images/01a3cf3f-94c1-44d5-8972-8c509d62558e___GCREC_Bact.Sp 3396.jpg,artifacts/data/mc_unet/masks/01a3cf3f-94c1-44d5-8972-8c509d62558e___GCREC_Bact.Sp 3396.png,artifacts/data/mc_unet/leaf_masks_heuristic/01a3cf3f-94c1-44d5-8972-8c509d62558e___GCREC_Bact.Sp 3396.png,source_jpg,bacterial_spot,Tomato_Bacterial_spot,256,256,1535,65536,0.0234222412109375,0.0234222412109375,0,0,1535,3,ok,test
01c391d2-1b3a-4b58-b205-a75674bba6e9___GHLB2 Leaf 8824,01c391d2-1b3a-4b58-b205-a75674bba6e9,01c391d2-1b3a-4b58-b205-a75674bba6e9___GHLB2 Leaf 8824,artifacts/data/mc_unet/images/01c391d2-1b3a-4b58-b205-a75674bba6e9___GHLB2 Leaf 8824.jpg,artifacts/data/mc_unet/masks/01c391d2-1b3a-4b58-b205-a75674bba6e9___GHLB2 Leaf 8824.png,artifacts/data/mc_unet/leaf_masks_heuristic/01c391d2-1b3a-4b58-b205-a75674bba6e9___GHLB2 Leaf 8824.png,source_jpg,late_blight,Tomato_Late_blight,256,256,961,65536,0.0146636962890625,0.0146636962890625,0,961,0,5,ok,test
01c391d2-1b3a-4b58-b205-a75674bba6e9___GHLB2 Leaf 8824_flipLR,01c391d2-1b3a-4b58-b205-a75674bba6e9,01c391d2-1b3a-4b58-b205-a75674bba6e9___GHLB2 Leaf 8824_flipLR,artifacts/data/mc_unet/images/01c391d2-1b3a-4b58-b205-a75674bba6e9___GHLB2 Leaf 8824_flipLR.jpg,artifacts/data/mc_unet/masks/01c391d2-1b3a-4b58-b205-a75674bba6e9___GHLB2 Leaf 8824_flipLR.png,artifacts/data/mc_unet/leaf_masks_heuristic/01c391d2-1b3a-4b58-b205-a75674bba6e9___GHLB2 Leaf 8824_flipLR.png,source_jpg,late_blight,Tomato_Late_blight,256,256,935,65536,0.0142669677734375,0.0142669677734375,0,935,0,3,ok,test
01cd2d73-c741-45a5-9610-a2cea2266b80___GHLB2 Leaf 121,01cd2d73-c741-45a5-9610-a2cea2266b80,01cd2d73-c741-45a5-9610-a2cea2266b80___GHLB2 Leaf 121,artifacts/data/mc_unet/images/01cd2d73-c741-45a5-9610-a2cea2266b80___GHLB2 Leaf 121.jpg,artifacts/data/mc_unet/masks/01cd2d73-c741-45a5-9610-a2cea2266b80___GHLB2 Leaf 121.png,artifacts/data/mc_unet/leaf_masks_heuristic/01cd2d73-c741-45a5-9610-a2cea2266b80___GHLB2 Leaf 121.png,source_jpg,late_blight,Tomato_Late_blight,256,256,12176,65536,0.185791015625,0.185791015625,0,12176,0,5,ok,train
01d9be0b-c5e7-49db-8cdf-46bd0ef2c6e7___RS_Late.B 7066,01d9be0b-c5e7-49db-8cdf-46bd0ef2c6e7,01d9be0b-c5e7-49db-8cdf-46bd0ef2c6e7___RS_Late.B 7066,artifacts/data/mc_unet/images/01d9be0b-c5e7-49db-8cdf-46bd0ef2c6e7___RS_Late.B 7066.jpg,artifacts/data/mc_unet/masks/01d9be0b-c5e7-49db-8cdf-46bd0ef2c6e7___RS_Late.B 7066.png,artifacts/data/mc_unet/leaf_masks_heuristic/01d9be0b-c5e7-49db-8cdf-46bd0ef2c6e7___RS_Late.B 7066.png,source_jpg,late_blight,Tomato_Late_blight,256,256,31570,65536,0.481719970703125,0.481719970703125,0,31570,0,2,ok,val
01d9be0b-c5e7-49db-8cdf-46bd0ef2c6e7___RS_Late.B 7066_flipLR,01d9be0b-c5e7-49db-8cdf-46bd0ef2c6e7,01d9be0b-c5e7-49db-8cdf-46bd0ef2c6e7___RS_Late.B 7066_flipLR,artifacts/data/mc_unet/images/01d9be0b-c5e7-49db-8cdf-46bd0ef2c6e7___RS_Late.B 7066_flipLR.jpg,artifacts/data/mc_unet/masks/01d9be0b-c5e7-49db-8cdf-46bd0ef2c6e7___RS_Late.B 7066_flipLR.png,artifacts/data/mc_unet/leaf_masks_heuristic/01d9be0b-c5e7-49db-8cdf-46bd0ef2c6e7___RS_Late.B 7066_flipLR.png,source_jpg,late_blight,Tomato_Late_blight,256,256,31839,65536,0.4858245849609375,0.4858245849609375,0,31839,0,2,ok,val
01ebf21e-ef94-4c92-b007-0b26741c2fc8___GHLB2 Leaf 9075,01ebf21e-ef94-4c92-b007-0b26741c2fc8,01ebf21e-ef94-4c92-b007-0b26741c2fc8___GHLB2 Leaf 9075,artifacts/data/mc_unet/images/01ebf21e-ef94-4c92-b007-0b26741c2fc8___GHLB2 Leaf 9075.jpg,artifacts/data/mc_unet/masks/01ebf21e-ef94-4c92-b007-0b26741c2fc8___GHLB2 Leaf 9075.png,artifacts/data/mc_unet/leaf_masks_heuristic/01ebf21e-ef94-4c92-b007-0b26741c2fc8___GHLB2 Leaf 9075.png,source_jpg,late_blight,Tomato_Late_blight,256,256,2312,65536,0.0352783203125,0.0352783203125,0,2312,0,1,ok,train
01ebf21e-ef94-4c92-b007-0b26741c2fc8___GHLB2 Leaf 9075_flipLR,01ebf21e-ef94-4c92-b007-0b26741c2fc8,01ebf21e-ef94-4c92-b007-0b26741c2fc8___GHLB2 Leaf 9075_flipLR,artifacts/data/mc_unet/images/01ebf21e-ef94-4c92-b007-0b26741c2fc8___GHLB2 Leaf 9075_flipLR.jpg,artifacts/data/mc_unet/masks/01ebf21e-ef94-4c92-b007-0b26741c2fc8___GHLB2 Leaf 9075_flipLR.png,artifacts/data/mc_unet/leaf_masks_heuristic/01ebf21e-ef94-4c92-b007-0b26741c2fc8___GHLB2 Leaf 9075_flipLR.png,source_jpg,late_blight,Tomato_Late_blight,256,256,2414,65536,0.036834716796875,0.036834716796875,0,2414,0,1,ok,train
01ece5a1-8398-4e68-a9e3-198c57b51b01___GHLB2 Leaf 8757,01ece5a1-8398-4e68-a9e3-198c57b51b01,01ece5a1-8398-4e68-a9e3-198c57b51b01___GHLB2 Leaf 8757,artifacts/data/mc_unet/images/01ece5a1-8398-4e68-a9e3-198c57b51b01___GHLB2 Leaf 8757.jpg,artifacts/data/mc_unet/masks/01ece5a1-8398-4e68-a9e3-198c57b51b01___GHLB2 Leaf 8757.png,artifacts/data/mc_unet/leaf_masks_heuristic/01ece5a1-8398-4e68-a9e3-198c57b51b01___GHLB2 Leaf 8757.png,source_jpg,late_blight,Tomato_Late_blight,256,256,4821,65536,0.0735626220703125,0.0735626220703125,0,4821,0,1,ok,train
01ece5a1-8398-4e68-a9e3-198c57b51b01___GHLB2 Leaf 8757_flipLR,01ece5a1-8398-4e68-a9e3-198c57b51b01,01ece5a1-8398-4e68-a9e3-198c57b51b01___GHLB2 Leaf 8757_flipLR,artifacts/data/mc_unet/images/01ece5a1-8398-4e68-a9e3-198c57b51b01___GHLB2 Leaf 8757_flipLR.jpg,artifacts/data/mc_unet/masks/01ece5a1-8398-4e68-a9e3-198c57b51b01___GHLB2 Leaf 8757_flipLR.png,artifacts/data/mc_unet/leaf_masks_heuristic/01ece5a1-8398-4e68-a9e3-198c57b51b01___GHLB2 Leaf 8757_flipLR.png,source_jpg,late_blight,Tomato_Late_blight,256,256,4926,65536,0.075164794921875,0.075164794921875,0,4926,0,1,ok,train
01f13167-f508-4ef2-8720-4e973438f8fc___GCREC_Bact.Sp 5892,01f13167-f508-4ef2-8720-4e973438f8fc,01f13167-f508-4ef2-8720-4e973438f8fc___GCREC_Bact.Sp 5892,artifacts/data/mc_unet/images/01f13167-f508-4ef2-8720-4e973438f8fc___GCREC_Bact.Sp 5892.jpg,artifacts/data/mc_unet/masks/01f13167-f508-4ef2-8720-4e973438f8fc___GCREC_Bact.Sp 5892.png,artifacts/data/mc_unet/leaf_masks_heuristic/01f13167-f508-4ef2-8720-4e973438f8fc___GCREC_Bact.Sp 5892.png,source_jpg,bacterial_spot,Tomato_Bacterial_spot,256,256,334,65536,0.005096435546875,0.005096435546875,0,0,334,3,ok,train
0208ed52-1b28-4c9c-88e3-4667581e1109___RS_Erly.B 7829_180deg,0208ed52-1b28-4c9c-88e3-4667581e1109,0208ed52-1b28-4c9c-88e3-4667581e1109___RS_Erly.B 7829_180deg,artifacts/data/mc_unet/images/0208ed52-1b28-4c9c-88e3-4667581e1109___RS_Erly.B 7829_180deg.jpg,artifacts/data/mc_unet/masks/0208ed52-1b28-4c9c-88e3-4667581e1109___RS_Erly.B 7829_180deg.png,artifacts/data/mc_unet/leaf_masks_heuristic/0208ed52-1b28-4c9c-88e3-4667581e1109___RS_Erly.B 7829_180deg.png,embedded_imageData,early_blight,Tomato_Early_blight,256,256,10149,65536,0.1548614501953125,0.1548614501953125,10149,0,0,5,ok,val
0208ed52-1b28-4c9c-88e3-4667581e1109___RS_Erly.B 7829_flipTB,0208ed52-1b28-4c9c-88e3-4667581e1109,0208ed52-1b28-4c9c-88e3-4667581e1109___RS_Erly.B 7829_flipTB,artifacts/data/mc_unet/images/0208ed52-1b28-4c9c-88e3-4667581e1109___RS_Erly.B 7829_flipTB.jpg,artifacts/data/mc_unet/masks/0208ed52-1b28-4c9c-88e3-4667581e1109___RS_Erly.B 7829_flipTB.png,artifacts/data/mc_unet/leaf_masks_heuristic/0208ed52-1b28-4c9c-88e3-4667581e1109___RS_Erly.B 7829_flipTB.png,embedded_imageData,early_blight,Tomato_Early_blight,256,256,11180,65536,0.17059326171875,0.17059326171875,11180,0,0,5,ok,val
023fe2d4-6e1d-40ce-99ae-85ba90f436ff___RS_Erly.B 6354,023fe2d4-6e1d-40ce-99ae-85ba90f436ff,023fe2d4-6e1d-40ce-99ae-85ba90f436ff___RS_Erly.B 6354,artifacts/data/mc_unet/images/023fe2d4-6e1d-40ce-99ae-85ba90f436ff___RS_Erly.B 6354.jpg,artifacts/data/mc_unet/masks/023fe2d4-6e1d-40ce-99ae-85ba90f436ff___RS_Erly.B 6354.png,artifacts/data/mc_unet/leaf_masks_heuristic/023fe2d4-6e1d-40ce-99ae-85ba90f436ff___RS_Erly.B 6354.png,source_jpg,early_blight,Tomato_Early_blight,256,256,3559,65536,0.0543060302734375,0.0543060302734375,3559,0,0,10,ok,train
02a0f70a-9e27-420e-93ff-6ed8105f41c1___GCREC_Bact.Sp 3570,02a0f70a-9e27-420e-93ff-6ed8105f41c1,02a0f70a-9e27-420e-93ff-6ed8105f41c1___GCREC_Bact.Sp 3570,artifacts/data/mc_unet/images/02a0f70a-9e27-420e-93ff-6ed8105f41c1___GCREC_Bact.Sp 3570.jpg,artifacts/data/mc_unet/masks/02a0f70a-9e27-420e-93ff-6ed8105f41c1___GCREC_Bact.Sp 3570.png,artifacts/data/mc_unet/leaf_masks_heuristic/02a0f70a-9e27-420e-93ff-6ed8105f41c1___GCREC_Bact.Sp 3570.png,source_jpg,bacterial_spot,Tomato_Bacterial_spot,256,256,689,65536,0.0105133056640625,0.0105133056640625,0,0,689,3,ok,train
02a3e0cd-04da-4e08-b929-167bcb7f46f4___GHLB2 Leaf 8731,02a3e0cd-04da-4e08-b929-167bcb7f46f4,02a3e0cd-04da-4e08-b929-167bcb7f46f4___GHLB2 Leaf 8731,artifacts/data/mc_unet/images/02a3e0cd-04da-4e08-b929-167bcb7f46f4___GHLB2 Leaf 8731.jpg,artifacts/data/mc_unet/masks/02a3e0cd-04da-4e08-b929-167bcb7f46f4___GHLB2 Leaf 8731.png,artifacts/data/mc_unet/leaf_masks_heuristic/02a3e0cd-04da-4e08-b929-167bcb7f46f4___GHLB2 Leaf 8731.png,source_jpg,late_blight,Tomato_Late_blight,256,256,888,65536,0.0135498046875,0.0135498046875,0,888,0,2,ok,train
02a3e0cd-04da-4e08-b929-167bcb7f46f4___GHLB2 Leaf 8731_flipLR,02a3e0cd-04da-4e08-b929-167bcb7f46f4,02a3e0cd-04da-4e08-b929-167bcb7f46f4___GHLB2 Leaf 8731_flipLR,artifacts/data/mc_unet/images/02a3e0cd-04da-4e08-b929-167bcb7f46f4___GHLB2 Leaf 8731_flipLR.jpg,artifacts/data/mc_unet/masks/02a3e0cd-04da-4e08-b929-167bcb7f46f4___GHLB2 Leaf 8731_flipLR.png,artifacts/data/mc_unet/leaf_masks_heuristic/02a3e0cd-04da-4e08-b929-167bcb7f46f4___GHLB2 Leaf 8731_flipLR.png,source_jpg,late_blight,Tomato_Late_blight,256,256,796,65536,0.01214599609375,0.01214599609375,0,796,0,2,ok,train
02dfe58f-0ad1-4bf6-838a-e145978b1eed___GCREC_Bact.Sp 5841,02dfe58f-0ad1-4bf6-838a-e145978b1eed,02dfe58f-0ad1-4bf6-838a-e145978b1eed___GCREC_Bact.Sp 5841,artifacts/data/mc_unet/images/02dfe58f-0ad1-4bf6-838a-e145978b1eed___GCREC_Bact.Sp 5841.jpg,artifacts/data/mc_unet/masks/02dfe58f-0ad1-4bf6-838a-e145978b1eed___GCREC_Bact.Sp 5841.png,artifacts/data/mc_unet/leaf_masks_heuristic/02dfe58f-0ad1-4bf6-838a-e145978b1eed___GCREC_Bact.Sp 5841.png,source_jpg,bacterial_spot,Tomato_Bacterial_spot,256,256,684,65536,0.01043701171875,0.01043701171875,0,0,684,2,ok,train
02effbf1-e958-4531-a19b-f8be754d2805___RS_Late.B 5206,02effbf1-e958-4531-a19b-f8be754d2805,02effbf1-e958-4531-a19b-f8be754d2805___RS_Late.B 5206,artifacts/data/mc_unet/images/02effbf1-e958-4531-a19b-f8be754d2805___RS_Late.B 5206.jpg,artifacts/data/mc_unet/masks/02effbf1-e958-4531-a19b-f8be754d2805___RS_Late.B 5206.png,artifacts/data/mc_unet/leaf_masks_heuristic/02effbf1-e958-4531-a19b-f8be754d2805___RS_Late.B 5206.png,source_jpg,late_blight,Tomato_Late_blight,256,256,6372,65536,0.09722900390625,0.09722900390625,0,6372,0,3,ok,train
02effbf1-e958-4531-a19b-f8be754d2805___RS_Late.B 5206_flipLR,02effbf1-e958-4531-a19b-f8be754d2805,02effbf1-e958-4531-a19b-f8be754d2805___RS_Late.B 5206_flipLR,artifacts/data/mc_unet/images/02effbf1-e958-4531-a19b-f8be754d2805___RS_Late.B 5206_flipLR.jpg,artifacts/data/mc_unet/masks/02effbf1-e958-4531-a19b-f8be754d2805___RS_Late.B 5206_flipLR.png,artifacts/data/mc_unet/leaf_masks_heuristic/02effbf1-e958-4531-a19b-f8be754d2805___RS_Late.B 5206_flipLR.png,source_jpg,late_blight,Tomato_Late_blight,256,256,6320,65536,0.096435546875,0.096435546875,0,6320,0,3,ok,train
02fe963e-7c68-4fd3-9f8f-36bf9e153c20___GHLB2 Leaf 8581,02fe963e-7c68-4fd3-9f8f-36bf9e153c20,02fe963e-7c68-4fd3-9f8f-36bf9e153c20___GHLB2 Leaf 8581,artifacts/data/mc_unet/images/02fe963e-7c68-4fd3-9f8f-36bf9e153c20___GHLB2 Leaf 8581.jpg,artifacts/data/mc_unet/masks/02fe963e-7c68-4fd3-9f8f-36bf9e153c20___GHLB2 Leaf 8581.png,artifacts/data/mc_unet/leaf_masks_heuristic/02fe963e-7c68-4fd3-9f8f-36bf9e153c20___GHLB2 Leaf 8581.png,source_jpg,late_blight,Tomato_Late_blight,256,256,1489,65536,0.0227203369140625,0.0227203369140625,0,1489,0,1,ok,train
02fe963e-7c68-4fd3-9f8f-36bf9e153c20___GHLB2 Leaf 8581_flipLR,02fe963e-7c68-4fd3-9f8f-36bf9e153c20,02fe963e-7c68-4fd3-9f8f-36bf9e153c20___GHLB2 Leaf 8581_flipLR,artifacts/data/mc_unet/images/02fe963e-7c68-4fd3-9f8f-36bf9e153c20___GHLB2 Leaf 8581_flipLR.jpg,artifacts/data/mc_unet/masks/02fe963e-7c68-4fd3-9f8f-36bf9e153c20___GHLB2 Leaf 8581_flipLR.png,artifacts/data/mc_unet/leaf_masks_heuristic/02fe963e-7c68-4fd3-9f8f-36bf9e153c20___GHLB2 Leaf 8581_flipLR.png,source_jpg,late_blight,Tomato_Late_blight,256,256,1479,65536,0.0225677490234375,0.0225677490234375,0,1479,0,1,ok,train
0378db62-5231-4eff-815d-c0deb0043e80___RS_Erly.B 7464,0378db62-5231-4eff-815d-c0deb0043e80,0378db62-5231-4eff-815d-c0deb0043e80___RS_Erly.B 7464,artifacts/data/mc_unet/images/0378db62-5231-4eff-815d-c0deb0043e80___RS_Erly.B 7464.jpg,artifacts/data/mc_unet/masks/0378db62-5231-4eff-815d-c0deb0043e80___RS_Erly.B 7464.png,artifacts/data/mc_unet/leaf_masks_heuristic/0378db62-5231-4eff-815d-c0deb0043e80___RS_Erly.B 7464.png,embedded_imageData,early_blight,Tomato_Early_blight,256,256,6240,65536,0.09521484375,0.09521484375,6240,0,0,5,ok,val
0378db62-5231-4eff-815d-c0deb0043e80___RS_Erly.B 7464_180deg,0378db62-5231-4eff-815d-c0deb0043e80,0378db62-5231-4eff-815d-c0deb0043e80___RS_Erly.B 7464_180deg,artifacts/data/mc_unet/images/0378db62-5231-4eff-815d-c0deb0043e80___RS_Erly.B 7464_180deg.jpg,artifacts/data/mc_unet/masks/0378db62-5231-4eff-815d-c0deb0043e80___RS_Erly.B 7464_180deg.png,artifacts/data/mc_unet/leaf_masks_heuristic/0378db62-5231-4eff-815d-c0deb0043e80___RS_Erly.B 7464_180deg.png,embedded_imageData,early_blight,Tomato_Early_blight,256,256,5820,65536,0.08880615234375,0.08880615234375,5820,0,0,4,ok,val
0378db62-5231-4eff-815d-c0deb0043e80___RS_Erly.B 7464_flipTB,0378db62-5231-4eff-815d-c0deb0043e80,0378db62-5231-4eff-815d-c0deb0043e80___RS_Erly.B 7464_flipTB,artifacts/data/mc_unet/images/0378db62-5231-4eff-815d-c0deb0043e80___RS_Erly.B 7464_flipTB.jpg,artifacts/data/mc_unet/masks/0378db62-5231-4eff-815d-c0deb0043e80___RS_Erly.B 7464_flipTB.png,artifacts/data/mc_unet/leaf_masks_heuristic/0378db62-5231-4eff-815d-c0deb0043e80___RS_Erly.B 7464_flipTB.png,embedded_imageData,early_blight,Tomato_Early_blight,256,256,7348,65536,0.11212158203125,0.11212158203125,7348,0,0,6,ok,val
03a0f11e-9d47-49c4-ba45-773b8aa9f2e1___GHLB2 Leaf 8767,03a0f11e-9d47-49c4-ba45-773b8aa9f2e1,03a0f11e-9d47-49c4-ba45-773b8aa9f2e1___GHLB2 Leaf 8767,artifacts/data/mc_unet/images/03a0f11e-9d47-49c4-ba45-773b8aa9f2e1___GHLB2 Leaf 8767.jpg,artifacts/data/mc_unet/masks/03a0f11e-9d47-49c4-ba45-773b8aa9f2e1___GHLB2 Leaf 8767.png,artifacts/data/mc_unet/leaf_masks_heuristic/03a0f11e-9d47-49c4-ba45-773b8aa9f2e1___GHLB2 Leaf 8767.png,source_jpg,late_blight,Tomato_Late_blight,256,256,4365,65536,0.0666046142578125,0.0666046142578125,0,4365,0,1,ok,val
03a0f11e-9d47-49c4-ba45-773b8aa9f2e1___GHLB2 Leaf 8767_flipLR,03a0f11e-9d47-49c4-ba45-773b8aa9f2e1,03a0f11e-9d47-49c4-ba45-773b8aa9f2e1___GHLB2 Leaf 8767_flipLR,artifacts/data/mc_unet/images/03a0f11e-9d47-49c4-ba45-773b8aa9f2e1___GHLB2 Leaf 8767_flipLR.jpg,artifacts/data/mc_unet/masks/03a0f11e-9d47-49c4-ba45-773b8aa9f2e1___GHLB2 Leaf 8767_flipLR.png,artifacts/data/mc_unet/leaf_masks_heuristic/03a0f11e-9d47-49c4-ba45-773b8aa9f2e1___GHLB2 Leaf 8767_flipLR.png,source_jpg,late_blight,Tomato_Late_blight,256,256,4463,65536,0.0680999755859375,0.0680999755859375,0,4463,0,1,ok,val
03a15d38-e1b5-4586-b763-2bad2d268290___RS_Late.B 5207,03a15d38-e1b5-4586-b763-2bad2d268290,03a15d38-e1b5-4586-b763-2bad2d268290___RS_Late.B 5207,artifacts/data/mc_unet/images/03a15d38-e1b5-4586-b763-2bad2d268290___RS_Late.B 5207.jpg,artifacts/data/mc_unet/masks/03a15d38-e1b5-4586-b763-2bad2d268290___RS_Late.B 5207.png,artifacts/data/mc_unet/leaf_masks_heuristic/03a15d38-e1b5-4586-b763-2bad2d268290___RS_Late.B 5207.png,source_jpg,late_blight,Tomato_Late_blight,256,256,6594,65536,0.100616455078125,0.100616455078125,0,6594,0,3,ok,train
03b4571c-b1eb-4e2a-b372-307046913f50___RS_Erly.B 7548,03b4571c-b1eb-4e2a-b372-307046913f50,03b4571c-b1eb-4e2a-b372-307046913f50___RS_Erly.B 7548,artifacts/data/mc_unet/images/03b4571c-b1eb-4e2a-b372-307046913f50___RS_Erly.B 7548.jpg,artifacts/data/mc_unet/masks/03b4571c-b1eb-4e2a-b372-307046913f50___RS_Erly.B 7548.png,artifacts/data/mc_unet/leaf_masks_heuristic/03b4571c-b1eb-4e2a-b372-307046913f50___RS_Erly.B 7548.png,source_jpg,early_blight,Tomato_Early_blight,256,256,11223,65536,0.1712493896484375,0.1712493896484375,11223,0,0,5,ok,train
03c8e0d0-6c57-4207-ad44-4d017c3e7943___GCREC_Bact.Sp 6325,03c8e0d0-6c57-4207-ad44-4d017c3e7943,03c8e0d0-6c57-4207-ad44-4d017c3e7943___GCREC_Bact.Sp 6325,artifacts/data/mc_unet/images/03c8e0d0-6c57-4207-ad44-4d017c3e7943___GCREC_Bact.Sp 6325.jpg,artifacts/data/mc_unet/masks/03c8e0d0-6c57-4207-ad44-4d017c3e7943___GCREC_Bact.Sp 6325.png,artifacts/data/mc_unet/leaf_masks_heuristic/03c8e0d0-6c57-4207-ad44-4d017c3e7943___GCREC_Bact.Sp 6325.png,source_jpg,bacterial_spot,Tomato_Bacterial_spot,256,256,3741,65536,0.0570831298828125,0.0570831298828125,0,0,3741,5,ok,train
03ccfc6a-8142-4f46-8eb5-f7fc77978081___RS_Late.B 4916,03ccfc6a-8142-4f46-8eb5-f7fc77978081,03ccfc6a-8142-4f46-8eb5-f7fc77978081___RS_Late.B 4916,artifacts/data/mc_unet/images/03ccfc6a-8142-4f46-8eb5-f7fc77978081___RS_Late.B 4916.jpg,artifacts/data/mc_unet/masks/03ccfc6a-8142-4f46-8eb5-f7fc77978081___RS_Late.B 4916.png,artifacts/data/mc_unet/leaf_masks_heuristic/03ccfc6a-8142-4f46-8eb5-f7fc77978081___RS_Late.B 4916.png,source_jpg,late_blight,Tomato_Late_blight,256,256,3710,65536,0.056610107421875,0.056610107421875,0,3710,0,3,ok,test
03d8267a-c675-439f-9b98-a9c7653dd05e___GHLB2 Leaf 8558,03d8267a-c675-439f-9b98-a9c7653dd05e,03d8267a-c675-439f-9b98-a9c7653dd05e___GHLB2 Leaf 8558,artifacts/data/mc_unet/images/03d8267a-c675-439f-9b98-a9c7653dd05e___GHLB2 Leaf 8558.jpg,artifacts/data/mc_unet/masks/03d8267a-c675-439f-9b98-a9c7653dd05e___GHLB2 Leaf 8558.png,artifacts/data/mc_unet/leaf_masks_heuristic/03d8267a-c675-439f-9b98-a9c7653dd05e___GHLB2 Leaf 8558.png,source_jpg,late_blight,Tomato_Late_blight,256,256,1260,65536,0.01922607421875,0.01922607421875,0,1260,0,1,ok,train
03d8267a-c675-439f-9b98-a9c7653dd05e___GHLB2 Leaf 8558_flipLR,03d8267a-c675-439f-9b98-a9c7653dd05e,03d8267a-c675-439f-9b98-a9c7653dd05e___GHLB2 Leaf 8558_flipLR,artifacts/data/mc_unet/images/03d8267a-c675-439f-9b98-a9c7653dd05e___GHLB2 Leaf 8558_flipLR.jpg,artifacts/data/mc_unet/masks/03d8267a-c675-439f-9b98-a9c7653dd05e___GHLB2 Leaf 8558_flipLR.png,artifacts/data/mc_unet/leaf_masks_heuristic/03d8267a-c675-439f-9b98-a9c7653dd05e___GHLB2 Leaf 8558_flipLR.png,source_jpg,late_blight,Tomato_Late_blight,256,256,1304,65536,0.0198974609375,0.0198974609375,0,1304,0,1,ok,train
03e8a2f9-6a7e-43dd-8a1b-3eb7cf99b89b___RS_Late.B 5034,03e8a2f9-6a7e-43dd-8a1b-3eb7cf99b89b,03e8a2f9-6a7e-43dd-8a1b-3eb7cf99b89b___RS_Late.B 5034,artifacts/data/mc_unet/images/03e8a2f9-6a7e-43dd-8a1b-3eb7cf99b89b___RS_Late.B 5034.jpg,artifacts/data/mc_unet/masks/03e8a2f9-6a7e-43dd-8a1b-3eb7cf99b89b___RS_Late.B 5034.png,artifacts/data/mc_unet/leaf_masks_heuristic/03e8a2f9-6a7e-43dd-8a1b-3eb7cf99b89b___RS_Late.B 5034.png,source_jpg,late_blight,Tomato_Late_blight,256,256,3908,65536,0.05963134765625,0.05963134765625,0,3908,0,4,ok,train
03e8a2f9-6a7e-43dd-8a1b-3eb7cf99b89b___RS_Late.B 5034_flipLR,03e8a2f9-6a7e-43dd-8a1b-3eb7cf99b89b,03e8a2f9-6a7e-43dd-8a1b-3eb7cf99b89b___RS_Late.B 5034_flipLR,artifacts/data/mc_unet/images/03e8a2f9-6a7e-43dd-8a1b-3eb7cf99b89b___RS_Late.B 5034_flipLR.jpg,artifacts/data/mc_unet/masks/03e8a2f9-6a7e-43dd-8a1b-3eb7cf99b89b___RS_Late.B 5034_flipLR.png,artifacts/data/mc_unet/leaf_masks_heuristic/03e8a2f9-6a7e-43dd-8a1b-3eb7cf99b89b___RS_Late.B 5034_flipLR.png,source_jpg,late_blight,Tomato_Late_blight,256,256,3832,65536,0.0584716796875,0.0584716796875,0,3832,0,4,ok,train
03f008be-5b97-4827-a2e2-88136b3c8714___RS_Late.B 6290_flipLR,03f008be-5b97-4827-a2e2-88136b3c8714,03f008be-5b97-4827-a2e2-88136b3c8714___RS_Late.B 6290_flipLR,artifacts/data/mc_unet/images/03f008be-5b97-4827-a2e2-88136b3c8714___RS_Late.B 6290_flipLR.jpg,artifacts/data/mc_unet/masks/03f008be-5b97-4827-a2e2-88136b3c8714___RS_Late.B 6290_flipLR.png,artifacts/data/mc_unet/leaf_masks_heuristic/03f008be-5b97-4827-a2e2-88136b3c8714___RS_Late.B 6290_flipLR.png,source_jpg,late_blight,Tomato_Late_blight,256,256,6527,65536,0.0995941162109375,0.0995941162109375,0,6527,0,1,ok,train
0401adc0-0998-4d8e-90de-4eae8caf4248___RS_Erly.B 8446_180deg,0401adc0-0998-4d8e-90de-4eae8caf4248,0401adc0-0998-4d8e-90de-4eae8caf4248___RS_Erly.B 8446_180deg,artifacts/data/mc_unet/images/0401adc0-0998-4d8e-90de-4eae8caf4248___RS_Erly.B 8446_180deg.jpg,artifacts/data/mc_unet/masks/0401adc0-0998-4d8e-90de-4eae8caf4248___RS_Erly.B 8446_180deg.png,artifacts/data/mc_unet/leaf_masks_heuristic/0401adc0-0998-4d8e-90de-4eae8caf4248___RS_Erly.B 8446_180deg.png,embedded_imageData,early_blight,Tomato_Early_blight,256,256,2530,65536,0.038604736328125,0.038604736328125,2530,0,0,10,ok,test
04747279-48b2-4ce1-932b-e511424beb6b___RS_Erly.B 8240,04747279-48b2-4ce1-932b-e511424beb6b,04747279-48b2-4ce1-932b-e511424beb6b___RS_Erly.B 8240,artifacts/data/mc_unet/images/04747279-48b2-4ce1-932b-e511424beb6b___RS_Erly.B 8240.jpg,artifacts/data/mc_unet/masks/04747279-48b2-4ce1-932b-e511424beb6b___RS_Erly.B 8240.png,artifacts/data/mc_unet/leaf_masks_heuristic/04747279-48b2-4ce1-932b-e511424beb6b___RS_Erly.B 8240.png,embedded_imageData,early_blight,Tomato_Early_blight,256,256,4997,65536,0.0762481689453125,0.0762481689453125,4997,0,0,10,ok,train
04747279-48b2-4ce1-932b-e511424beb6b___RS_Erly.B 8240_180deg,04747279-48b2-4ce1-932b-e511424beb6b,04747279-48b2-4ce1-932b-e511424beb6b___RS_Erly.B 8240_180deg,artifacts/data/mc_unet/images/04747279-48b2-4ce1-932b-e511424beb6b___RS_Erly.B 8240_180deg.jpg,artifacts/data/mc_unet/masks/04747279-48b2-4ce1-932b-e511424beb6b___RS_Erly.B 8240_180deg.png,artifacts/data/mc_unet/leaf_masks_heuristic/04747279-48b2-4ce1-932b-e511424beb6b___RS_Erly.B 8240_180deg.png,embedded_imageData,early_blight,Tomato_Early_blight,256,256,4904,65536,0.0748291015625,0.0748291015625,4904,0,0,7,ok,train
04747279-48b2-4ce1-932b-e511424beb6b___RS_Erly.B 8240_flipTB,04747279-48b2-4ce1-932b-e511424beb6b,04747279-48b2-4ce1-932b-e511424beb6b___RS_Erly.B 8240_flipTB,artifacts/data/mc_unet/images/04747279-48b2-4ce1-932b-e511424beb6b___RS_Erly.B 8240_flipTB.jpg,artifacts/data/mc_unet/masks/04747279-48b2-4ce1-932b-e511424beb6b___RS_Erly.B 8240_flipTB.png,artifacts/data/mc_unet/leaf_masks_heuristic/04747279-48b2-4ce1-932b-e511424beb6b___RS_Erly.B 8240_flipTB.png,embedded_imageData,early_blight,Tomato_Early_blight,256,256,5890,65536,0.089874267578125,0.089874267578125,5890,0,0,8,ok,train
04da1f61-623b-4878-86ed-3ea24723b515___GCREC_Bact.Sp 5700,04da1f61-623b-4878-86ed-3ea24723b515,04da1f61-623b-4878-86ed-3ea24723b515___GCREC_Bact.Sp 5700,artifacts/data/mc_unet/images/04da1f61-623b-4878-86ed-3ea24723b515___GCREC_Bact.Sp 5700.jpg,artifacts/data/mc_unet/masks/04da1f61-623b-4878-86ed-3ea24723b515___GCREC_Bact.Sp 5700.png,artifacts/data/mc_unet/leaf_masks_heuristic/04da1f61-623b-4878-86ed-3ea24723b515___GCREC_Bact.Sp 5700.png,source_jpg,bacterial_spot,Tomato_Bacterial_spot,256,256,1368,65536,0.0208740234375,0.0208740234375,0,0,1368,2,ok,train
04ddbde3-d33c-42bf-b849-dad24d64fd6f___RS_Erly.B 7664,04ddbde3-d33c-42bf-b849-dad24d64fd6f,04ddbde3-d33c-42bf-b849-dad24d64fd6f___RS_Erly.B 7664,artifacts/data/mc_unet/images/04ddbde3-d33c-42bf-b849-dad24d64fd6f___RS_Erly.B 7664.jpg,artifacts/data/mc_unet/masks/04ddbde3-d33c-42bf-b849-dad24d64fd6f___RS_Erly.B 7664.png,artifacts/data/mc_unet/leaf_masks_heuristic/04ddbde3-d33c-42bf-b849-dad24d64fd6f___RS_Erly.B 7664.png,source_jpg,early_blight,Tomato_Early_blight,256,256,1213,65536,0.0185089111328125,0.0185089111328125,1213,0,0,7,ok,train
04e38351-80bc-4260-8a4d-187f7817c3e5___RS_Erly.B 7439,04e38351-80bc-4260-8a4d-187f7817c3e5,04e38351-80bc-4260-8a4d-187f7817c3e5___RS_Erly.B 7439,artifacts/data/mc_unet/images/04e38351-80bc-4260-8a4d-187f7817c3e5___RS_Erly.B 7439.jpg,artifacts/data/mc_unet/masks/04e38351-80bc-4260-8a4d-187f7817c3e5___RS_Erly.B 7439.png,artifacts/data/mc_unet/leaf_masks_heuristic/04e38351-80bc-4260-8a4d-187f7817c3e5___RS_Erly.B 7439.png,source_jpg,early_blight,Tomato_Early_blight,256,256,11719,65536,0.1788177490234375,0.1788177490234375,11719,0,0,13,ok,train
04fcd6e4-a96e-49ba-b67a-32b88337b505___GCREC_Bact.Sp 3689,04fcd6e4-a96e-49ba-b67a-32b88337b505,04fcd6e4-a96e-49ba-b67a-32b88337b505___GCREC_Bact.Sp 3689,artifacts/data/mc_unet/images/04fcd6e4-a96e-49ba-b67a-32b88337b505___GCREC_Bact.Sp 3689.jpg,artifacts/data/mc_unet/masks/04fcd6e4-a96e-49ba-b67a-32b88337b505___GCREC_Bact.Sp 3689.png,artifacts/data/mc_unet/leaf_masks_heuristic/04fcd6e4-a96e-49ba-b67a-32b88337b505___GCREC_Bact.Sp 3689.png,source_jpg,bacterial_spot,Tomato_Bacterial_spot,256,256,22502,65536,0.343353271484375,0.343353271484375,0,0,22502,3,ok,train
055ae8d8-09e1-4b27-b385-9ff8a3e0eaae___RS_Erly.B 8247,055ae8d8-09e1-4b27-b385-9ff8a3e0eaae,055ae8d8-09e1-4b27-b385-9ff8a3e0eaae___RS_Erly.B 8247,artifacts/data/mc_unet/images/055ae8d8-09e1-4b27-b385-9ff8a3e0eaae___RS_Erly.B 8247.jpg,artifacts/data/mc_unet/masks/055ae8d8-09e1-4b27-b385-9ff8a3e0eaae___RS_Erly.B 8247.png,artifacts/data/mc_unet/leaf_masks_heuristic/055ae8d8-09e1-4b27-b385-9ff8a3e0eaae___RS_Erly.B 8247.png,source_jpg,early_blight,Tomato_Early_blight,256,256,7481,65536,0.1141510009765625,0.1141510009765625,7481,0,0,20,ok,train
055ae8d8-09e1-4b27-b385-9ff8a3e0eaae___RS_Erly.B 8247_180deg,055ae8d8-09e1-4b27-b385-9ff8a3e0eaae,055ae8d8-09e1-4b27-b385-9ff8a3e0eaae___RS_Erly.B 8247_180deg,artifacts/data/mc_unet/images/055ae8d8-09e1-4b27-b385-9ff8a3e0eaae___RS_Erly.B 8247_180deg.jpg,artifacts/data/mc_unet/masks/055ae8d8-09e1-4b27-b385-9ff8a3e0eaae___RS_Erly.B 8247_180deg.png,artifacts/data/mc_unet/leaf_masks_heuristic/055ae8d8-09e1-4b27-b385-9ff8a3e0eaae___RS_Erly.B 8247_180deg.png,source_jpg,early_blight,Tomato_Early_blight,256,256,8439,65536,0.1287689208984375,0.1287689208984375,8439,0,0,16,ok,train
055ae8d8-09e1-4b27-b385-9ff8a3e0eaae___RS_Erly.B 8247_flipTB,055ae8d8-09e1-4b27-b385-9ff8a3e0eaae,055ae8d8-09e1-4b27-b385-9ff8a3e0eaae___RS_Erly.B 8247_flipTB,artifacts/data/mc_unet/images/055ae8d8-09e1-4b27-b385-9ff8a3e0eaae___RS_Erly.B 8247_flipTB.jpg,artifacts/data/mc_unet/masks/055ae8d8-09e1-4b27-b385-9ff8a3e0eaae___RS_Erly.B 8247_flipTB.png,artifacts/data/mc_unet/leaf_masks_heuristic/055ae8d8-09e1-4b27-b385-9ff8a3e0eaae___RS_Erly.B 8247_flipTB.png,source_jpg,early_blight,Tomato_Early_blight,256,256,10668,65536,0.16278076171875,0.16278076171875,10668,0,0,18,ok,train
05fab431-cc13-4d6d-b4e1-912e0059c7c1___RS_Erly.B 8349,05fab431-cc13-4d6d-b4e1-912e0059c7c1,05fab431-cc13-4d6d-b4e1-912e0059c7c1___RS_Erly.B 8349,artifacts/data/mc_unet/images/05fab431-cc13-4d6d-b4e1-912e0059c7c1___RS_Erly.B 8349.jpg,artifacts/data/mc_unet/masks/05fab431-cc13-4d6d-b4e1-912e0059c7c1___RS_Erly.B 8349.png,artifacts/data/mc_unet/leaf_masks_heuristic/05fab431-cc13-4d6d-b4e1-912e0059c7c1___RS_Erly.B 8349.png,source_jpg,early_blight,Tomato_Early_blight,256,256,22960,65536,0.350341796875,0.350341796875,22960,0,0,7,ok,train
05fc994d-7781-4dc5-a15c-b359f6c681a6___GCREC_Bact.Sp 6304,05fc994d-7781-4dc5-a15c-b359f6c681a6,05fc994d-7781-4dc5-a15c-b359f6c681a6___GCREC_Bact.Sp 6304,artifacts/data/mc_unet/images/05fc994d-7781-4dc5-a15c-b359f6c681a6___GCREC_Bact.Sp 6304.jpg,artifacts/data/mc_unet/masks/05fc994d-7781-4dc5-a15c-b359f6c681a6___GCREC_Bact.Sp 6304.png,artifacts/data/mc_unet/leaf_masks_heuristic/05fc994d-7781-4dc5-a15c-b359f6c681a6___GCREC_Bact.Sp 6304.png,source_jpg,bacterial_spot,Tomato_Bacterial_spot,256,256,3873,65536,0.0590972900390625,0.0590972900390625,0,0,3873,3,ok,train
0621aab4-b9fd-4012-b0a6-ba72e63cd87d___RS_Erly.B 8220,0621aab4-b9fd-4012-b0a6-ba72e63cd87d,0621aab4-b9fd-4012-b0a6-ba72e63cd87d___RS_Erly.B 8220,artifacts/data/mc_unet/images/0621aab4-b9fd-4012-b0a6-ba72e63cd87d___RS_Erly.B 8220.jpg,artifacts/data/mc_unet/masks/0621aab4-b9fd-4012-b0a6-ba72e63cd87d___RS_Erly.B 8220.png,artifacts/data/mc_unet/leaf_masks_heuristic/0621aab4-b9fd-4012-b0a6-ba72e63cd87d___RS_Erly.B 8220.png,embedded_imageData,early_blight,Tomato_Early_blight,256,256,28497,65536,0.4348297119140625,0.4348297119140625,28497,0,0,2,ok,train
0621aab4-b9fd-4012-b0a6-ba72e63cd87d___RS_Erly.B 8220_180deg,0621aab4-b9fd-4012-b0a6-ba72e63cd87d,0621aab4-b9fd-4012-b0a6-ba72e63cd87d___RS_Erly.B 8220_180deg,artifacts/data/mc_unet/images/0621aab4-b9fd-4012-b0a6-ba72e63cd87d___RS_Erly.B 8220_180deg.jpg,artifacts/data/mc_unet/masks/0621aab4-b9fd-4012-b0a6-ba72e63cd87d___RS_Erly.B 8220_180deg.png,artifacts/data/mc_unet/leaf_masks_heuristic/0621aab4-b9fd-4012-b0a6-ba72e63cd87d___RS_Erly.B 8220_180deg.png,embedded_imageData,early_blight,Tomato_Early_blight,256,256,27677,65536,0.4223175048828125,0.4223175048828125,27677,0,0,3,ok,train
0621aab4-b9fd-4012-b0a6-ba72e63cd87d___RS_Erly.B 8220_flipTB,0621aab4-b9fd-4012-b0a6-ba72e63cd87d,0621aab4-b9fd-4012-b0a6-ba72e63cd87d___RS_Erly.B 8220_flipTB,artifacts/data/mc_unet/images/0621aab4-b9fd-4012-b0a6-ba72e63cd87d___RS_Erly.B 8220_flipTB.jpg,artifacts/data/mc_unet/masks/0621aab4-b9fd-4012-b0a6-ba72e63cd87d___RS_Erly.B 8220_flipTB.png,artifacts/data/mc_unet/leaf_masks_heuristic/0621aab4-b9fd-4012-b0a6-ba72e63cd87d___RS_Erly.B 8220_flipTB.png,embedded_imageData,early_blight,Tomato_Early_blight,256,256,23906,65536,0.364776611328125,0.364776611328125,23906,0,0,3,ok,train
06339fe1-154f-4bcb-be91-a29e86e25929___RS_Erly.B 7440,06339fe1-154f-4bcb-be91-a29e86e25929,06339fe1-154f-4bcb-be91-a29e86e25929___RS_Erly.B 7440,artifacts/data/mc_unet/images/06339fe1-154f-4bcb-be91-a29e86e25929___RS_Erly.B 7440.jpg,artifacts/data/mc_unet/masks/06339fe1-154f-4bcb-be91-a29e86e25929___RS_Erly.B 7440.png,artifacts/data/mc_unet/leaf_masks_heuristic/06339fe1-154f-4bcb-be91-a29e86e25929___RS_Erly.B 7440.png,embedded_imageData,early_blight,Tomato_Early_blight,256,256,8699,65536,0.1327362060546875,0.1327362060546875,8699,0,0,11,ok,train
06339fe1-154f-4bcb-be91-a29e86e25929___RS_Erly.B 7440_180deg,06339fe1-154f-4bcb-be91-a29e86e25929,06339fe1-154f-4bcb-be91-a29e86e25929___RS_Erly.B 7440_180deg,artifacts/data/mc_unet/images/06339fe1-154f-4bcb-be91-a29e86e25929___RS_Erly.B 7440_180deg.jpg,artifacts/data/mc_unet/masks/06339fe1-154f-4bcb-be91-a29e86e25929___RS_Erly.B 7440_180deg.png,artifacts/data/mc_unet/leaf_masks_heuristic/06339fe1-154f-4bcb-be91-a29e86e25929___RS_Erly.B 7440_180deg.png,embedded_imageData,early_blight,Tomato_Early_blight,256,256,9145,65536,0.1395416259765625,0.1395416259765625,9145,0,0,11,ok,train
06339fe1-154f-4bcb-be91-a29e86e25929___RS_Erly.B 7440_flipTB,06339fe1-154f-4bcb-be91-a29e86e25929,06339fe1-154f-4bcb-be91-a29e86e25929___RS_Erly.B 7440_flipTB,artifacts/data/mc_unet/images/06339fe1-154f-4bcb-be91-a29e86e25929___RS_Erly.B 7440_flipTB.jpg,artifacts/data/mc_unet/masks/06339fe1-154f-4bcb-be91-a29e86e25929___RS_Erly.B 7440_flipTB.png,artifacts/data/mc_unet/leaf_masks_heuristic/06339fe1-154f-4bcb-be91-a29e86e25929___RS_Erly.B 7440_flipTB.png,embedded_imageData,early_blight,Tomato_Early_blight,256,256,9973,65536,0.1521759033203125,0.1521759033203125,9973,0,0,13,ok,train
06ac210d-bdb1-4224-9053-c218cb14fa60___GCREC_Bact.Sp 3220,06ac210d-bdb1-4224-9053-c218cb14fa60,06ac210d-bdb1-4224-9053-c218cb14fa60___GCREC_Bact.Sp 3220,artifacts/data/mc_unet/images/06ac210d-bdb1-4224-9053-c218cb14fa60___GCREC_Bact.Sp 3220.jpg,artifacts/data/mc_unet/masks/06ac210d-bdb1-4224-9053-c218cb14fa60___GCREC_Bact.Sp 3220.png,artifacts/data/mc_unet/leaf_masks_heuristic/06ac210d-bdb1-4224-9053-c218cb14fa60___GCREC_Bact.Sp 3220.png,source_jpg,bacterial_spot,Tomato_Bacterial_spot,256,256,2770,65536,0.042266845703125,0.042266845703125,0,0,2770,2,ok,train
06d0298e-18e5-4bf5-8d33-8feef6600f15___RS_Erly.B 7573,06d0298e-18e5-4bf5-8d33-8feef6600f15,06d0298e-18e5-4bf5-8d33-8feef6600f15___RS_Erly.B 7573,artifacts/data/mc_unet/images/06d0298e-18e5-4bf5-8d33-8feef6600f15___RS_Erly.B 7573.jpg,artifacts/data/mc_unet/masks/06d0298e-18e5-4bf5-8d33-8feef6600f15___RS_Erly.B 7573.png,artifacts/data/mc_unet/leaf_masks_heuristic/06d0298e-18e5-4bf5-8d33-8feef6600f15___RS_Erly.B 7573.png,source_jpg,early_blight,Tomato_Early_blight,256,256,2417,65536,0.0368804931640625,0.0368804931640625,2417,0,0,4,ok,train
06d6d114-8d26-43eb-b79f-44218bbfa0d1___RS_Erly.B 9441,06d6d114-8d26-43eb-b79f-44218bbfa0d1,06d6d114-8d26-43eb-b79f-44218bbfa0d1___RS_Erly.B 9441,artifacts/data/mc_unet/images/06d6d114-8d26-43eb-b79f-44218bbfa0d1___RS_Erly.B 9441.jpg,artifacts/data/mc_unet/masks/06d6d114-8d26-43eb-b79f-44218bbfa0d1___RS_Erly.B 9441.png,artifacts/data/mc_unet/leaf_masks_heuristic/06d6d114-8d26-43eb-b79f-44218bbfa0d1___RS_Erly.B 9441.png,source_jpg,early_blight,Tomato_Early_blight,256,256,14683,65536,0.2240447998046875,0.2240447998046875,14683,0,0,4,ok,train
06d98f32-c416-4a79-81df-8e64f8bb7779___GCREC_Bact.Sp 3083,06d98f32-c416-4a79-81df-8e64f8bb7779,06d98f32-c416-4a79-81df-8e64f8bb7779___GCREC_Bact.Sp 3083,artifacts/data/mc_unet/images/06d98f32-c416-4a79-81df-8e64f8bb7779___GCREC_Bact.Sp 3083.jpg,artifacts/data/mc_unet/masks/06d98f32-c416-4a79-81df-8e64f8bb7779___GCREC_Bact.Sp 3083.png,artifacts/data/mc_unet/leaf_masks_heuristic/06d98f32-c416-4a79-81df-8e64f8bb7779___GCREC_Bact.Sp 3083.png,source_jpg,bacterial_spot,Tomato_Bacterial_spot,256,256,3291,65536,0.0502166748046875,0.0502166748046875,0,0,3291,2,ok,train
06d99389-13fd-4fd1-8734-eb82ea657ce3___UF.GRC_BS_Lab Leaf 8896,06d99389-13fd-4fd1-8734-eb82ea657ce3,06d99389-13fd-4fd1-8734-eb82ea657ce3___UF.GRC_BS_Lab Leaf 8896,artifacts/data/mc_unet/images/06d99389-13fd-4fd1-8734-eb82ea657ce3___UF.GRC_BS_Lab Leaf 8896.jpg,artifacts/data/mc_unet/masks/06d99389-13fd-4fd1-8734-eb82ea657ce3___UF.GRC_BS_Lab Leaf 8896.png,artifacts/data/mc_unet/leaf_masks_heuristic/06d99389-13fd-4fd1-8734-eb82ea657ce3___UF.GRC_BS_Lab Leaf 8896.png,source_jpg,bacterial_spot,Tomato_Bacterial_spot,256,256,10229,65536,0.1560821533203125,0.1560821533203125,0,0,10229,3,ok,train
06f23987-e01b-40dc-98ef-a5b33e86bc90___UF.GRC_BS_Lab Leaf 0308,06f23987-e01b-40dc-98ef-a5b33e86bc90,06f23987-e01b-40dc-98ef-a5b33e86bc90___UF.GRC_BS_Lab Leaf 0308,artifacts/data/mc_unet/images/06f23987-e01b-40dc-98ef-a5b33e86bc90___UF.GRC_BS_Lab Leaf 0308.jpg,artifacts/data/mc_unet/masks/06f23987-e01b-40dc-98ef-a5b33e86bc90___UF.GRC_BS_Lab Leaf 0308.png,artifacts/data/mc_unet/leaf_masks_heuristic/06f23987-e01b-40dc-98ef-a5b33e86bc90___UF.GRC_BS_Lab Leaf 0308.png,source_jpg,bacterial_spot,Tomato_Bacterial_spot,256,256,4541,65536,0.0692901611328125,0.0692901611328125,0,0,4541,4,ok,train
070679a9-27e1-4e6e-8072-29f3750d525b___RS_Erly.B 6439,070679a9-27e1-4e6e-8072-29f3750d525b,070679a9-27e1-4e6e-8072-29f3750d525b___RS_Erly.B 6439,artifacts/data/mc_unet/images/070679a9-27e1-4e6e-8072-29f3750d525b___RS_Erly.B 6439.jpg,artifacts/data/mc_unet/masks/070679a9-27e1-4e6e-8072-29f3750d525b___RS_Erly.B 6439.png,artifacts/data/mc_unet/leaf_masks_heuristic/070679a9-27e1-4e6e-8072-29f3750d525b___RS_Erly.B 6439.png,embedded_imageData,early_blight,Tomato_Early_blight,256,256,11828,65536,0.18048095703125,0.18048095703125,11828,0,0,11,ok,train
070679a9-27e1-4e6e-8072-29f3750d525b___RS_Erly.B 6439_180deg,070679a9-27e1-4e6e-8072-29f3750d525b,070679a9-27e1-4e6e-8072-29f3750d525b___RS_Erly.B 6439_180deg,artifacts/data/mc_unet/images/070679a9-27e1-4e6e-8072-29f3750d525b___RS_Erly.B 6439_180deg.jpg,artifacts/data/mc_unet/masks/070679a9-27e1-4e6e-8072-29f3750d525b___RS_Erly.B 6439_180deg.png,artifacts/data/mc_unet/leaf_masks_heuristic/070679a9-27e1-4e6e-8072-29f3750d525b___RS_Erly.B 6439_180deg.png,embedded_imageData,early_blight,Tomato_Early_blight,256,256,14780,65536,0.22552490234375,0.22552490234375,14780,0,0,5,ok,train
070679a9-27e1-4e6e-8072-29f3750d525b___RS_Erly.B 6439_flipTB,070679a9-27e1-4e6e-8072-29f3750d525b,070679a9-27e1-4e6e-8072-29f3750d525b___RS_Erly.B 6439_flipTB,artifacts/data/mc_unet/images/070679a9-27e1-4e6e-8072-29f3750d525b___RS_Erly.B 6439_flipTB.jpg,artifacts/data/mc_unet/masks/070679a9-27e1-4e6e-8072-29f3750d525b___RS_Erly.B 6439_flipTB.png,artifacts/data/mc_unet/leaf_masks_heuristic/070679a9-27e1-4e6e-8072-29f3750d525b___RS_Erly.B 6439_flipTB.png,embedded_imageData,early_blight,Tomato_Early_blight,256,256,15715,65536,0.2397918701171875,0.2397918701171875,15715,0,0,4,ok,train
07324d80-17c5-4541-9702-62e9c744ac07___RS_Erly.B 7455,07324d80-17c5-4541-9702-62e9c744ac07,07324d80-17c5-4541-9702-62e9c744ac07___RS_Erly.B 7455,artifacts/data/mc_unet/images/07324d80-17c5-4541-9702-62e9c744ac07___RS_Erly.B 7455.jpg,artifacts/data/mc_unet/masks/07324d80-17c5-4541-9702-62e9c744ac07___RS_Erly.B 7455.png,artifacts/data/mc_unet/leaf_masks_heuristic/07324d80-17c5-4541-9702-62e9c744ac07___RS_Erly.B 7455.png,embedded_imageData,early_blight,Tomato_Early_blight,256,256,2443,65536,0.0372772216796875,0.0372772216796875,2443,0,0,5,ok,train
07324d80-17c5-4541-9702-62e9c744ac07___RS_Erly.B 7455_flipTB,07324d80-17c5-4541-9702-62e9c744ac07,07324d80-17c5-4541-9702-62e9c744ac07___RS_Erly.B 7455_flipTB,artifacts/data/mc_unet/images/07324d80-17c5-4541-9702-62e9c744ac07___RS_Erly.B 7455_flipTB.jpg,artifacts/data/mc_unet/masks/07324d80-17c5-4541-9702-62e9c744ac07___RS_Erly.B 7455_flipTB.png,artifacts/data/mc_unet/leaf_masks_heuristic/07324d80-17c5-4541-9702-62e9c744ac07___RS_Erly.B 7455_flipTB.png,embedded_imageData,early_blight,Tomato_Early_blight,256,256,2374,65536,0.036224365234375,0.036224365234375,2374,0,0,5,ok,train
07409e2c-a730-4b11-b25e-31025bd63a91___RS_Erly.B 9578,07409e2c-a730-4b11-b25e-31025bd63a91,07409e2c-a730-4b11-b25e-31025bd63a91___RS_Erly.B 9578,artifacts/data/mc_unet/images/07409e2c-a730-4b11-b25e-31025bd63a91___RS_Erly.B 9578.jpg,artifacts/data/mc_unet/masks/07409e2c-a730-4b11-b25e-31025bd63a91___RS_Erly.B 9578.png,artifacts/data/mc_unet/leaf_masks_heuristic/07409e2c-a730-4b11-b25e-31025bd63a91___RS_Erly.B 9578.png,embedded_imageData,early_blight,Tomato_Early_blight,256,256,6794,65536,0.103668212890625,0.103668212890625,6794,0,0,11,ok,train
07409e2c-a730-4b11-b25e-31025bd63a91___RS_Erly.B 9578_180deg,07409e2c-a730-4b11-b25e-31025bd63a91,07409e2c-a730-4b11-b25e-31025bd63a91___RS_Erly.B 9578_180deg,artifacts/data/mc_unet/images/07409e2c-a730-4b11-b25e-31025bd63a91___RS_Erly.B 9578_180deg.jpg,artifacts/data/mc_unet/masks/07409e2c-a730-4b11-b25e-31025bd63a91___RS_Erly.B 9578_180deg.png,artifacts/data/mc_unet/leaf_masks_heuristic/07409e2c-a730-4b11-b25e-31025bd63a91___RS_Erly.B 9578_180deg.png,embedded_imageData,early_blight,Tomato_Early_blight,256,256,7869,65536,0.1200714111328125,0.1200714111328125,7869,0,0,12,ok,train
07409e2c-a730-4b11-b25e-31025bd63a91___RS_Erly.B 9578_flipTB,07409e2c-a730-4b11-b25e-31025bd63a91,07409e2c-a730-4b11-b25e-31025bd63a91___RS_Erly.B 9578_flipTB,artifacts/data/mc_unet/images/07409e2c-a730-4b11-b25e-31025bd63a91___RS_Erly.B 9578_flipTB.jpg,artifacts/data/mc_unet/masks/07409e2c-a730-4b11-b25e-31025bd63a91___RS_Erly.B 9578_flipTB.png,artifacts/data/mc_unet/leaf_masks_heuristic/07409e2c-a730-4b11-b25e-31025bd63a91___RS_Erly.B 9578_flipTB.png,embedded_imageData,early_blight,Tomato_Early_blight,256,256,8996,65536,0.13726806640625,0.13726806640625,8996,0,0,16,ok,train
074bc781-f586-46b0-bef5-0237e3bf5043___RS_Erly.B 8375,074bc781-f586-46b0-bef5-0237e3bf5043,074bc781-f586-46b0-bef5-0237e3bf5043___RS_Erly.B 8375,artifacts/data/mc_unet/images/074bc781-f586-46b0-bef5-0237e3bf5043___RS_Erly.B 8375.jpg,artifacts/data/mc_unet/masks/074bc781-f586-46b0-bef5-0237e3bf5043___RS_Erly.B 8375.png,artifacts/data/mc_unet/leaf_masks_heuristic/074bc781-f586-46b0-bef5-0237e3bf5043___RS_Erly.B 8375.png,source_jpg,early_blight,Tomato_Early_blight,256,256,23344,65536,0.356201171875,0.356201171875,23344,0,0,3,ok,train
074bc781-f586-46b0-bef5-0237e3bf5043___RS_Erly.B 8375_180deg,074bc781-f586-46b0-bef5-0237e3bf5043,074bc781-f586-46b0-bef5-0237e3bf5043___RS_Erly.B 8375_180deg,artifacts/data/mc_unet/images/074bc781-f586-46b0-bef5-0237e3bf5043___RS_Erly.B 8375_180deg.jpg,artifacts/data/mc_unet/masks/074bc781-f586-46b0-bef5-0237e3bf5043___RS_Erly.B 8375_180deg.png,artifacts/data/mc_unet/leaf_masks_heuristic/074bc781-f586-46b0-bef5-0237e3bf5043___RS_Erly.B 8375_180deg.png,source_jpg,early_blight,Tomato_Early_blight,256,256,18381,65536,0.2804718017578125,0.2804718017578125,18381,0,0,3,ok,train
074bc781-f586-46b0-bef5-0237e3bf5043___RS_Erly.B 8375_flipTB,074bc781-f586-46b0-bef5-0237e3bf5043,074bc781-f586-46b0-bef5-0237e3bf5043___RS_Erly.B 8375_flipTB,artifacts/data/mc_unet/images/074bc781-f586-46b0-bef5-0237e3bf5043___RS_Erly.B 8375_flipTB.jpg,artifacts/data/mc_unet/masks/074bc781-f586-46b0-bef5-0237e3bf5043___RS_Erly.B 8375_flipTB.png,artifacts/data/mc_unet/leaf_masks_heuristic/074bc781-f586-46b0-bef5-0237e3bf5043___RS_Erly.B 8375_flipTB.png,source_jpg,early_blight,Tomato_Early_blight,256,256,21584,65536,0.329345703125,0.329345703125,21584,0,0,3,ok,train
07502bbb-1733-4d49-a3dc-557b1d4391da___RS_Erly.B 7516,07502bbb-1733-4d49-a3dc-557b1d4391da,07502bbb-1733-4d49-a3dc-557b1d4391da___RS_Erly.B 7516,artifacts/data/mc_unet/images/07502bbb-1733-4d49-a3dc-557b1d4391da___RS_Erly.B 7516.jpg,artifacts/data/mc_unet/masks/07502bbb-1733-4d49-a3dc-557b1d4391da___RS_Erly.B 7516.png,artifacts/data/mc_unet/leaf_masks_heuristic/07502bbb-1733-4d49-a3dc-557b1d4391da___RS_Erly.B 7516.png,embedded_imageData,early_blight,Tomato_Early_blight,256,256,1897,65536,0.0289459228515625,0.0289459228515625,1897,0,0,12,ok,train
07502bbb-1733-4d49-a3dc-557b1d4391da___RS_Erly.B 7516_flipTB,07502bbb-1733-4d49-a3dc-557b1d4391da,07502bbb-1733-4d49-a3dc-557b1d4391da___RS_Erly.B 7516_flipTB,artifacts/data/mc_unet/images/07502bbb-1733-4d49-a3dc-557b1d4391da___RS_Erly.B 7516_flipTB.jpg,artifacts/data/mc_unet/masks/07502bbb-1733-4d49-a3dc-557b1d4391da___RS_Erly.B 7516_flipTB.png,artifacts/data/mc_unet/leaf_masks_heuristic/07502bbb-1733-4d49-a3dc-557b1d4391da___RS_Erly.B 7516_flipTB.png,embedded_imageData,early_blight,Tomato_Early_blight,256,256,2214,65536,0.033782958984375,0.033782958984375,2214,0,0,13,ok,train
079e0d43-e9d2-4217-b8e8-2f3b989cdab2___RS_Erly.B 7588,079e0d43-e9d2-4217-b8e8-2f3b989cdab2,079e0d43-e9d2-4217-b8e8-2f3b989cdab2___RS_Erly.B 7588,artifacts/data/mc_unet/images/079e0d43-e9d2-4217-b8e8-2f3b989cdab2___RS_Erly.B 7588.jpg,artifacts/data/mc_unet/masks/079e0d43-e9d2-4217-b8e8-2f3b989cdab2___RS_Erly.B 7588.png,artifacts/data/mc_unet/leaf_masks_heuristic/079e0d43-e9d2-4217-b8e8-2f3b989cdab2___RS_Erly.B 7588.png,embedded_imageData,early_blight,Tomato_Early_blight,256,256,6217,65536,0.0948638916015625,0.0948638916015625,6217,0,0,14,ok,train
079e0d43-e9d2-4217-b8e8-2f3b989cdab2___RS_Erly.B 7588_180deg,079e0d43-e9d2-4217-b8e8-2f3b989cdab2,079e0d43-e9d2-4217-b8e8-2f3b989cdab2___RS_Erly.B 7588_180deg,artifacts/data/mc_unet/images/079e0d43-e9d2-4217-b8e8-2f3b989cdab2___RS_Erly.B 7588_180deg.jpg,artifacts/data/mc_unet/masks/079e0d43-e9d2-4217-b8e8-2f3b989cdab2___RS_Erly.B 7588_180deg.png,artifacts/data/mc_unet/leaf_masks_heuristic/079e0d43-e9d2-4217-b8e8-2f3b989cdab2___RS_Erly.B 7588_180deg.png,embedded_imageData,early_blight,Tomato_Early_blight,256,256,7545,65536,0.1151275634765625,0.1151275634765625,7545,0,0,8,ok,train
079e0d43-e9d2-4217-b8e8-2f3b989cdab2___RS_Erly.B 7588_flipTB,079e0d43-e9d2-4217-b8e8-2f3b989cdab2,079e0d43-e9d2-4217-b8e8-2f3b989cdab2___RS_Erly.B 7588_flipTB,artifacts/data/mc_unet/images/079e0d43-e9d2-4217-b8e8-2f3b989cdab2___RS_Erly.B 7588_flipTB.jpg,artifacts/data/mc_unet/masks/079e0d43-e9d2-4217-b8e8-2f3b989cdab2___RS_Erly.B 7588_flipTB.png,artifacts/data/mc_unet/leaf_masks_heuristic/079e0d43-e9d2-4217-b8e8-2f3b989cdab2___RS_Erly.B 7588_flipTB.png,embedded_imageData,early_blight,Tomato_Early_blight,256,256,5939,65536,0.0906219482421875,0.0906219482421875,5939,0,0,13,ok,train
07de82e1-7258-4c8d-a595-cb2334f02fb4___UF.GRC_BS_Lab Leaf 0418,07de82e1-7258-4c8d-a595-cb2334f02fb4,07de82e1-7258-4c8d-a595-cb2334f02fb4___UF.GRC_BS_Lab Leaf 0418,artifacts/data/mc_unet/images/07de82e1-7258-4c8d-a595-cb2334f02fb4___UF.GRC_BS_Lab Leaf 0418.jpg,artifacts/data/mc_unet/masks/07de82e1-7258-4c8d-a595-cb2334f02fb4___UF.GRC_BS_Lab Leaf 0418.png,artifacts/data/mc_unet/leaf_masks_heuristic/07de82e1-7258-4c8d-a595-cb2334f02fb4___UF.GRC_BS_Lab Leaf 0418.png,embedded_imageData,bacterial_spot,Tomato_Bacterial_spot,256,256,3730,65536,0.056915283203125,0.056915283203125,0,0,3730,5,ok,train
08615b7d-eca7-487e-a9ea-07842ecf81e8___RS_Erly.B 7543,08615b7d-eca7-487e-a9ea-07842ecf81e8,08615b7d-eca7-487e-a9ea-07842ecf81e8___RS_Erly.B 7543,artifacts/data/mc_unet/images/08615b7d-eca7-487e-a9ea-07842ecf81e8___RS_Erly.B 7543.jpg,artifacts/data/mc_unet/masks/08615b7d-eca7-487e-a9ea-07842ecf81e8___RS_Erly.B 7543.png,artifacts/data/mc_unet/leaf_masks_heuristic/08615b7d-eca7-487e-a9ea-07842ecf81e8___RS_Erly.B 7543.png,embedded_imageData,early_blight,Tomato_Early_blight,256,256,2577,65536,0.0393218994140625,0.0393218994140625,2577,0,0,2,ok,train
08615b7d-eca7-487e-a9ea-07842ecf81e8___RS_Erly.B 7543_180deg,08615b7d-eca7-487e-a9ea-07842ecf81e8,08615b7d-eca7-487e-a9ea-07842ecf81e8___RS_Erly.B 7543_180deg,artifacts/data/mc_unet/images/08615b7d-eca7-487e-a9ea-07842ecf81e8___RS_Erly.B 7543_180deg.jpg,artifacts/data/mc_unet/masks/08615b7d-eca7-487e-a9ea-07842ecf81e8___RS_Erly.B 7543_180deg.png,artifacts/data/mc_unet/leaf_masks_heuristic/08615b7d-eca7-487e-a9ea-07842ecf81e8___RS_Erly.B 7543_180deg.png,embedded_imageData,early_blight,Tomato_Early_blight,256,256,2650,65536,0.040435791015625,0.040435791015625,2650,0,0,2,ok,train
089243e5-f319-4ed2-b10c-603328ff4143___RS_Erly.B 9428,089243e5-f319-4ed2-b10c-603328ff4143,089243e5-f319-4ed2-b10c-603328ff4143___RS_Erly.B 9428,artifacts/data/mc_unet/images/089243e5-f319-4ed2-b10c-603328ff4143___RS_Erly.B 9428.jpg,artifacts/data/mc_unet/masks/089243e5-f319-4ed2-b10c-603328ff4143___RS_Erly.B 9428.png,artifacts/data/mc_unet/leaf_masks_heuristic/089243e5-f319-4ed2-b10c-603328ff4143___RS_Erly.B 9428.png,embedded_imageData,early_blight,Tomato_Early_blight,256,256,4945,65536,0.0754547119140625,0.0754547119140625,4945,0,0,7,ok,train
089243e5-f319-4ed2-b10c-603328ff4143___RS_Erly.B 9428_180deg,089243e5-f319-4ed2-b10c-603328ff4143,089243e5-f319-4ed2-b10c-603328ff4143___RS_Erly.B 9428_180deg,artifacts/data/mc_unet/images/089243e5-f319-4ed2-b10c-603328ff4143___RS_Erly.B 9428_180deg.jpg,artifacts/data/mc_unet/masks/089243e5-f319-4ed2-b10c-603328ff4143___RS_Erly.B 9428_180deg.png,artifacts/data/mc_unet/leaf_masks_heuristic/089243e5-f319-4ed2-b10c-603328ff4143___RS_Erly.B 9428_180deg.png,embedded_imageData,early_blight,Tomato_Early_blight,256,256,4515,65536,0.0688934326171875,0.0688934326171875,4515,0,0,9,ok,train
08fe6531-bb66-4e0a-98b3-4b86a794f9f9___RS_Erly.B 7483,08fe6531-bb66-4e0a-98b3-4b86a794f9f9,08fe6531-bb66-4e0a-98b3-4b86a794f9f9___RS_Erly.B 7483,artifacts/data/mc_unet/images/08fe6531-bb66-4e0a-98b3-4b86a794f9f9___RS_Erly.B 7483.jpg,artifacts/data/mc_unet/masks/08fe6531-bb66-4e0a-98b3-4b86a794f9f9___RS_Erly.B 7483.png,artifacts/data/mc_unet/leaf_masks_heuristic/08fe6531-bb66-4e0a-98b3-4b86a794f9f9___RS_Erly.B 7483.png,source_jpg,early_blight,Tomato_Early_blight,256,256,1635,65536,0.0249481201171875,0.0249481201171875,1635,0,0,3,ok,train
090af0e4-75f2-495a-8bca-a3370c6dd2a6___RS_Erly.B 9562,090af0e4-75f2-495a-8bca-a3370c6dd2a6,090af0e4-75f2-495a-8bca-a3370c6dd2a6___RS_Erly.B 9562,artifacts/data/mc_unet/images/090af0e4-75f2-495a-8bca-a3370c6dd2a6___RS_Erly.B 9562.jpg,artifacts/data/mc_unet/masks/090af0e4-75f2-495a-8bca-a3370c6dd2a6___RS_Erly.B 9562.png,artifacts/data/mc_unet/leaf_masks_heuristic/090af0e4-75f2-495a-8bca-a3370c6dd2a6___RS_Erly.B 9562.png,embedded_imageData,early_blight,Tomato_Early_blight,256,256,20749,65536,0.3166046142578125,0.3166046142578125,20749,0,0,4,ok,train
090af0e4-75f2-495a-8bca-a3370c6dd2a6___RS_Erly.B 9562_flipTB,090af0e4-75f2-495a-8bca-a3370c6dd2a6,090af0e4-75f2-495a-8bca-a3370c6dd2a6___RS_Erly.B 9562_flipTB,artifacts/data/mc_unet/images/090af0e4-75f2-495a-8bca-a3370c6dd2a6___RS_Erly.B 9562_flipTB.jpg,artifacts/data/mc_unet/masks/090af0e4-75f2-495a-8bca-a3370c6dd2a6___RS_Erly.B 9562_flipTB.png,artifacts/data/mc_unet/leaf_masks_heuristic/090af0e4-75f2-495a-8bca-a3370c6dd2a6___RS_Erly.B 9562_flipTB.png,embedded_imageData,early_blight,Tomato_Early_blight,256,256,19312,65536,0.294677734375,0.294677734375,19312,0,0,4,ok,train
0982d864-182e-4d36-959a-dcc67d85d9e6___RS_Erly.B 9481,0982d864-182e-4d36-959a-dcc67d85d9e6,0982d864-182e-4d36-959a-dcc67d85d9e6___RS_Erly.B 9481,artifacts/data/mc_unet/images/0982d864-182e-4d36-959a-dcc67d85d9e6___RS_Erly.B 9481.jpg,artifacts/data/mc_unet/masks/0982d864-182e-4d36-959a-dcc67d85d9e6___RS_Erly.B 9481.png,artifacts/data/mc_unet/leaf_masks_heuristic/0982d864-182e-4d36-959a-dcc67d85d9e6___RS_Erly.B 9481.png,embedded_imageData,early_blight,Tomato_Early_blight,256,256,2810,65536,0.042877197265625,0.042877197265625,2810,0,0,2,ok,train
0982d864-182e-4d36-959a-dcc67d85d9e6___RS_Erly.B 9481_flipTB,0982d864-182e-4d36-959a-dcc67d85d9e6,0982d864-182e-4d36-959a-dcc67d85d9e6___RS_Erly.B 9481_flipTB,artifacts/data/mc_unet/images/0982d864-182e-4d36-959a-dcc67d85d9e6___RS_Erly.B 9481_flipTB.jpg,artifacts/data/mc_unet/masks/0982d864-182e-4d36-959a-dcc67d85d9e6___RS_Erly.B 9481_flipTB.png,artifacts/data/mc_unet/leaf_masks_heuristic/0982d864-182e-4d36-959a-dcc67d85d9e6___RS_Erly.B 9481_flipTB.png,embedded_imageData,early_blight,Tomato_Early_blight,256,256,3342,65536,0.050994873046875,0.050994873046875,3342,0,0,2,ok,train
0a1655ed-797c-4d1d-ba35-dc255d68a2ee___GCREC_Bact.Sp 3560,0a1655ed-797c-4d1d-ba35-dc255d68a2ee,0a1655ed-797c-4d1d-ba35-dc255d68a2ee___GCREC_Bact.Sp 3560,artifacts/data/mc_unet/images/0a1655ed-797c-4d1d-ba35-dc255d68a2ee___GCREC_Bact.Sp 3560.jpg,artifacts/data/mc_unet/masks/0a1655ed-797c-4d1d-ba35-dc255d68a2ee___GCREC_Bact.Sp 3560.png,artifacts/data/mc_unet/leaf_masks_heuristic/0a1655ed-797c-4d1d-ba35-dc255d68a2ee___GCREC_Bact.Sp 3560.png,source_jpg,bacterial_spot,Tomato_Bacterial_spot,256,256,290,65536,0.004425048828125,0.004425048828125,0,0,290,2,ok,test
0a2726e0-3358-4a46-b6dc-563a5a9f2bdf___RS_Erly.B 7860,0a2726e0-3358-4a46-b6dc-563a5a9f2bdf,0a2726e0-3358-4a46-b6dc-563a5a9f2bdf___RS_Erly.B 7860,artifacts/data/mc_unet/images/0a2726e0-3358-4a46-b6dc-563a5a9f2bdf___RS_Erly.B 7860.jpg,artifacts/data/mc_unet/masks/0a2726e0-3358-4a46-b6dc-563a5a9f2bdf___RS_Erly.B 7860.png,artifacts/data/mc_unet/leaf_masks_heuristic/0a2726e0-3358-4a46-b6dc-563a5a9f2bdf___RS_Erly.B 7860.png,source_jpg,early_blight,Tomato_Early_blight,256,256,1130,65536,0.017242431640625,0.017242431640625,1130,0,0,4,ok,train
0a39aa48-3f94-4696-9e43-ff4a93529dc3___RS_Late.B 5103,0a39aa48-3f94-4696-9e43-ff4a93529dc3,0a39aa48-3f94-4696-9e43-ff4a93529dc3___RS_Late.B 5103,artifacts/data/mc_unet/images/0a39aa48-3f94-4696-9e43-ff4a93529dc3___RS_Late.B 5103.jpg,artifacts/data/mc_unet/masks/0a39aa48-3f94-4696-9e43-ff4a93529dc3___RS_Late.B 5103.png,artifacts/data/mc_unet/leaf_masks_heuristic/0a39aa48-3f94-4696-9e43-ff4a93529dc3___RS_Late.B 5103.png,source_jpg,late_blight,Tomato_Late_blight,256,256,2420,65536,0.03692626953125,0.03692626953125,0,2420,0,5,ok,test
0a3f65fc-ef1c-4aed-b235-46bae4e5c0e7___GHLB2 Leaf 9065_flipLR,0a3f65fc-ef1c-4aed-b235-46bae4e5c0e7,0a3f65fc-ef1c-4aed-b235-46bae4e5c0e7___GHLB2 Leaf 9065_flipLR,artifacts/data/mc_unet/images/0a3f65fc-ef1c-4aed-b235-46bae4e5c0e7___GHLB2 Leaf 9065_flipLR.jpg,artifacts/data/mc_unet/masks/0a3f65fc-ef1c-4aed-b235-46bae4e5c0e7___GHLB2 Leaf 9065_flipLR.png,artifacts/data/mc_unet/leaf_masks_heuristic/0a3f65fc-ef1c-4aed-b235-46bae4e5c0e7___GHLB2 Leaf 9065_flipLR.png,source_jpg,late_blight,Tomato_Late_blight,256,256,4911,65536,0.0749359130859375,0.0749359130859375,0,4911,0,1,ok,train
0a4b3cde-c83a-4c83-b037-010369738152___RS_Late.B 6985,0a4b3cde-c83a-4c83-b037-010369738152,0a4b3cde-c83a-4c83-b037-010369738152___RS_Late.B 6985,artifacts/data/mc_unet/images/0a4b3cde-c83a-4c83-b037-010369738152___RS_Late.B 6985.jpg,artifacts/data/mc_unet/masks/0a4b3cde-c83a-4c83-b037-010369738152___RS_Late.B 6985.png,artifacts/data/mc_unet/leaf_masks_heuristic/0a4b3cde-c83a-4c83-b037-010369738152___RS_Late.B 6985.png,source_jpg,late_blight,Tomato_Late_blight,256,256,16379,65536,0.2499237060546875,0.2499237060546875,0,16379,0,2,ok,train
0a6203b9-ced0-4934-ae23-4a7d2e2e2fdd___RS_Late.B 6424,0a6203b9-ced0-4934-ae23-4a7d2e2e2fdd,0a6203b9-ced0-4934-ae23-4a7d2e2e2fdd___RS_Late.B 6424,artifacts/data/mc_unet/images/0a6203b9-ced0-4934-ae23-4a7d2e2e2fdd___RS_Late.B 6424.jpg,artifacts/data/mc_unet/masks/0a6203b9-ced0-4934-ae23-4a7d2e2e2fdd___RS_Late.B 6424.png,artifacts/data/mc_unet/leaf_masks_heuristic/0a6203b9-ced0-4934-ae23-4a7d2e2e2fdd___RS_Late.B 6424.png,source_jpg,late_blight,Tomato_Late_blight,256,256,7609,65536,0.1161041259765625,0.1161041259765625,0,7609,0,3,ok,train
0a6203b9-ced0-4934-ae23-4a7d2e2e2fdd___RS_Late.B 6424_flipLR,0a6203b9-ced0-4934-ae23-4a7d2e2e2fdd,0a6203b9-ced0-4934-ae23-4a7d2e2e2fdd___RS_Late.B 6424_flipLR,artifacts/data/mc_unet/images/0a6203b9-ced0-4934-ae23-4a7d2e2e2fdd___RS_Late.B 6424_flipLR.jpg,artifacts/data/mc_unet/masks/0a6203b9-ced0-4934-ae23-4a7d2e2e2fdd___RS_Late.B 6424_flipLR.png,artifacts/data/mc_unet/leaf_masks_heuristic/0a6203b9-ced0-4934-ae23-4a7d2e2e2fdd___RS_Late.B 6424_flipLR.png,source_jpg,late_blight,Tomato_Late_blight,256,256,7592,65536,0.1158447265625,0.1158447265625,0,7592,0,3,ok,train
0a64655c-4052-4e5f-a696-2a6cf25d10c9___GCREC_Bact.Sp 6017,0a64655c-4052-4e5f-a696-2a6cf25d10c9,0a64655c-4052-4e5f-a696-2a6cf25d10c9___GCREC_Bact.Sp 6017,artifacts/data/mc_unet/images/0a64655c-4052-4e5f-a696-2a6cf25d10c9___GCREC_Bact.Sp 6017.jpg,artifacts/data/mc_unet/masks/0a64655c-4052-4e5f-a696-2a6cf25d10c9___GCREC_Bact.Sp 6017.png,artifacts/data/mc_unet/leaf_masks_heuristic/0a64655c-4052-4e5f-a696-2a6cf25d10c9___GCREC_Bact.Sp 6017.png,source_jpg,bacterial_spot,Tomato_Bacterial_spot,256,256,7809,65536,0.1191558837890625,0.1191558837890625,0,0,7809,4,ok,train
0a8967d4-bb72-4fe4-8096-55fc57437557___RS_Late.B 6974,0a8967d4-bb72-4fe4-8096-55fc57437557,0a8967d4-bb72-4fe4-8096-55fc57437557___RS_Late.B 6974,artifacts/data/mc_unet/images/0a8967d4-bb72-4fe4-8096-55fc57437557___RS_Late.B 6974.jpg,artifacts/data/mc_unet/masks/0a8967d4-bb72-4fe4-8096-55fc57437557___RS_Late.B 6974.png,artifacts/data/mc_unet/leaf_masks_heuristic/0a8967d4-bb72-4fe4-8096-55fc57437557___RS_Late.B 6974.png,source_jpg,late_blight,Tomato_Late_blight,256,256,6302,65536,0.096160888671875,0.096160888671875,0,6302,0,9,ok,train
0a8967d4-bb72-4fe4-8096-55fc57437557___RS_Late.B 6974_flipLR,0a8967d4-bb72-4fe4-8096-55fc57437557,0a8967d4-bb72-4fe4-8096-55fc57437557___RS_Late.B 6974_flipLR,artifacts/data/mc_unet/images/0a8967d4-bb72-4fe4-8096-55fc57437557___RS_Late.B 6974_flipLR.jpg,artifacts/data/mc_unet/masks/0a8967d4-bb72-4fe4-8096-55fc57437557___RS_Late.B 6974_flipLR.png,artifacts/data/mc_unet/leaf_masks_heuristic/0a8967d4-bb72-4fe4-8096-55fc57437557___RS_Late.B 6974_flipLR.png,source_jpg,late_blight,Tomato_Late_blight,256,256,6546,65536,0.099884033203125,0.099884033203125,0,6546,0,10,ok,train
0aa1c431-682b-4a6e-af5f-2a7081ea2e97___GCREC_Bact.Sp 3622,0aa1c431-682b-4a6e-af5f-2a7081ea2e97,0aa1c431-682b-4a6e-af5f-2a7081ea2e97___GCREC_Bact.Sp 3622,artifacts/data/mc_unet/images/0aa1c431-682b-4a6e-af5f-2a7081ea2e97___GCREC_Bact.Sp 3622.jpg,artifacts/data/mc_unet/masks/0aa1c431-682b-4a6e-af5f-2a7081ea2e97___GCREC_Bact.Sp 3622.png,artifacts/data/mc_unet/leaf_masks_heuristic/0aa1c431-682b-4a6e-af5f-2a7081ea2e97___GCREC_Bact.Sp 3622.png,source_jpg,bacterial_spot,Tomato_Bacterial_spot,256,256,1001,65536,0.0152740478515625,0.0152740478515625,0,0,1001,1,ok,train
0ab172fa-ac7b-4a3e-90c8-0708703eb3bb___RS_Late.B 5572,0ab172fa-ac7b-4a3e-90c8-0708703eb3bb,0ab172fa-ac7b-4a3e-90c8-0708703eb3bb___RS_Late.B 5572,artifacts/data/mc_unet/images/0ab172fa-ac7b-4a3e-90c8-0708703eb3bb___RS_Late.B 5572.jpg,artifacts/data/mc_unet/masks/0ab172fa-ac7b-4a3e-90c8-0708703eb3bb___RS_Late.B 5572.png,artifacts/data/mc_unet/leaf_masks_heuristic/0ab172fa-ac7b-4a3e-90c8-0708703eb3bb___RS_Late.B 5572.png,source_jpg,late_blight,Tomato_Late_blight,256,256,9231,65536,0.1408538818359375,0.1408538818359375,0,9231,0,5,ok,train
0ab172fa-ac7b-4a3e-90c8-0708703eb3bb___RS_Late.B 5572_flipLR,0ab172fa-ac7b-4a3e-90c8-0708703eb3bb,0ab172fa-ac7b-4a3e-90c8-0708703eb3bb___RS_Late.B 5572_flipLR,artifacts/data/mc_unet/images/0ab172fa-ac7b-4a3e-90c8-0708703eb3bb___RS_Late.B 5572_flipLR.jpg,artifacts/data/mc_unet/masks/0ab172fa-ac7b-4a3e-90c8-0708703eb3bb___RS_Late.B 5572_flipLR.png,artifacts/data/mc_unet/leaf_masks_heuristic/0ab172fa-ac7b-4a3e-90c8-0708703eb3bb___RS_Late.B 5572_flipLR.png,source_jpg,late_blight,Tomato_Late_blight,256,256,9596,65536,0.14642333984375,0.14642333984375,0,9596,0,6,ok,train
0ab1cab4-a0c9-4323-9a64-cdafa4342a9b___GHLB2 Leaf 8918,0ab1cab4-a0c9-4323-9a64-cdafa4342a9b,0ab1cab4-a0c9-4323-9a64-cdafa4342a9b___GHLB2 Leaf 8918,artifacts/data/mc_unet/images/0ab1cab4-a0c9-4323-9a64-cdafa4342a9b___GHLB2 Leaf 8918.jpg,artifacts/data/mc_unet/masks/0ab1cab4-a0c9-4323-9a64-cdafa4342a9b___GHLB2 Leaf 8918.png,artifacts/data/mc_unet/leaf_masks_heuristic/0ab1cab4-a0c9-4323-9a64-cdafa4342a9b___GHLB2 Leaf 8918.png,source_jpg,late_blight,Tomato_Late_blight,256,256,5206,65536,0.079437255859375,0.079437255859375,0,5206,0,2,ok,train
0ab391bd-e5ba-479c-919b-3aa9a94f66db___GHLB2 Leaf 8934,0ab391bd-e5ba-479c-919b-3aa9a94f66db,0ab391bd-e5ba-479c-919b-3aa9a94f66db___GHLB2 Leaf 8934,artifacts/data/mc_unet/images/0ab391bd-e5ba-479c-919b-3aa9a94f66db___GHLB2 Leaf 8934.jpg,artifacts/data/mc_unet/masks/0ab391bd-e5ba-479c-919b-3aa9a94f66db___GHLB2 Leaf 8934.png,artifacts/data/mc_unet/leaf_masks_heuristic/0ab391bd-e5ba-479c-919b-3aa9a94f66db___GHLB2 Leaf 8934.png,source_jpg,late_blight,Tomato_Late_blight,256,256,6328,65536,0.0965576171875,0.0965576171875,0,6328,0,3,ok,val
0ab391bd-e5ba-479c-919b-3aa9a94f66db___GHLB2 Leaf 8934_flipLR,0ab391bd-e5ba-479c-919b-3aa9a94f66db,0ab391bd-e5ba-479c-919b-3aa9a94f66db___GHLB2 Leaf 8934_flipLR,artifacts/data/mc_unet/images/0ab391bd-e5ba-479c-919b-3aa9a94f66db___GHLB2 Leaf 8934_flipLR.jpg,artifacts/data/mc_unet/masks/0ab391bd-e5ba-479c-919b-3aa9a94f66db___GHLB2 Leaf 8934_flipLR.png,artifacts/data/mc_unet/leaf_masks_heuristic/0ab391bd-e5ba-479c-919b-3aa9a94f66db___GHLB2 Leaf 8934_flipLR.png,source_jpg,late_blight,Tomato_Late_blight,256,256,5396,65536,0.08233642578125,0.08233642578125,0,5396,0,3,ok,val
0ab41c2e-c6fc-4ef1-9ffb-ce1b241d32be___GCREC_Bact.Sp 3426,0ab41c2e-c6fc-4ef1-9ffb-ce1b241d32be,0ab41c2e-c6fc-4ef1-9ffb-ce1b241d32be___GCREC_Bact.Sp 3426,artifacts/data/mc_unet/images/0ab41c2e-c6fc-4ef1-9ffb-ce1b241d32be___GCREC_Bact.Sp 3426.jpg,artifacts/data/mc_unet/masks/0ab41c2e-c6fc-4ef1-9ffb-ce1b241d32be___GCREC_Bact.Sp 3426.png,artifacts/data/mc_unet/leaf_masks_heuristic/0ab41c2e-c6fc-4ef1-9ffb-ce1b241d32be___GCREC_Bact.Sp 3426.png,source_jpg,bacterial_spot,Tomato_Bacterial_spot,256,256,2805,65536,0.0428009033203125,0.0428009033203125,0,0,2805,5,ok,train
0ab9c705-f29e-45ac-b786-9549b3c38f16___GCREC_Bact.Sp 3223,0ab9c705-f29e-45ac-b786-9549b3c38f16,0ab9c705-f29e-45ac-b786-9549b3c38f16___GCREC_Bact.Sp 3223,artifacts/data/mc_unet/images/0ab9c705-f29e-45ac-b786-9549b3c38f16___GCREC_Bact.Sp 3223.jpg,artifacts/data/mc_unet/masks/0ab9c705-f29e-45ac-b786-9549b3c38f16___GCREC_Bact.Sp 3223.png,artifacts/data/mc_unet/leaf_masks_heuristic/0ab9c705-f29e-45ac-b786-9549b3c38f16___GCREC_Bact.Sp 3223.png,source_jpg,bacterial_spot,Tomato_Bacterial_spot,256,256,2753,65536,0.0420074462890625,0.0420074462890625,0,0,2753,8,ok,train
0abc57ec-7f3b-482a-8579-21f3b2fb780b___RS_Erly.B 7609,0abc57ec-7f3b-482a-8579-21f3b2fb780b,0abc57ec-7f3b-482a-8579-21f3b2fb780b___RS_Erly.B 7609,artifacts/data/mc_unet/images/0abc57ec-7f3b-482a-8579-21f3b2fb780b___RS_Erly.B 7609.jpg,artifacts/data/mc_unet/masks/0abc57ec-7f3b-482a-8579-21f3b2fb780b___RS_Erly.B 7609.png,artifacts/data/mc_unet/leaf_masks_heuristic/0abc57ec-7f3b-482a-8579-21f3b2fb780b___RS_Erly.B 7609.png,source_jpg,early_blight,Tomato_Early_blight,256,256,4445,65536,0.0678253173828125,0.0678253173828125,4445,0,0,4,ok,train
0ac3df5b-d713-42ef-b0ad-20b5410237ad___RS_Late.B 4969,0ac3df5b-d713-42ef-b0ad-20b5410237ad,0ac3df5b-d713-42ef-b0ad-20b5410237ad___RS_Late.B 4969,artifacts/data/mc_unet/images/0ac3df5b-d713-42ef-b0ad-20b5410237ad___RS_Late.B 4969.jpg,artifacts/data/mc_unet/masks/0ac3df5b-d713-42ef-b0ad-20b5410237ad___RS_Late.B 4969.png,artifacts/data/mc_unet/leaf_masks_heuristic/0ac3df5b-d713-42ef-b0ad-20b5410237ad___RS_Late.B 4969.png,source_jpg,late_blight,Tomato_Late_blight,256,256,8822,65536,0.134613037109375,0.134613037109375,0,8822,0,2,ok,val
0ac3df5b-d713-42ef-b0ad-20b5410237ad___RS_Late.B 4969_flipLR,0ac3df5b-d713-42ef-b0ad-20b5410237ad,0ac3df5b-d713-42ef-b0ad-20b5410237ad___RS_Late.B 4969_flipLR,artifacts/data/mc_unet/images/0ac3df5b-d713-42ef-b0ad-20b5410237ad___RS_Late.B 4969_flipLR.jpg,artifacts/data/mc_unet/masks/0ac3df5b-d713-42ef-b0ad-20b5410237ad___RS_Late.B 4969_flipLR.png,artifacts/data/mc_unet/leaf_masks_heuristic/0ac3df5b-d713-42ef-b0ad-20b5410237ad___RS_Late.B 4969_flipLR.png,source_jpg,late_blight,Tomato_Late_blight,256,256,8004,65536,0.12213134765625,0.12213134765625,0,8004,0,2,ok,val
0ac8c80f-6d67-46ee-b662-8265d9df9183___GCREC_Bact.Sp 6115,0ac8c80f-6d67-46ee-b662-8265d9df9183,0ac8c80f-6d67-46ee-b662-8265d9df9183___GCREC_Bact.Sp 6115,artifacts/data/mc_unet/images/0ac8c80f-6d67-46ee-b662-8265d9df9183___GCREC_Bact.Sp 6115.jpg,artifacts/data/mc_unet/masks/0ac8c80f-6d67-46ee-b662-8265d9df9183___GCREC_Bact.Sp 6115.png,artifacts/data/mc_unet/leaf_masks_heuristic/0ac8c80f-6d67-46ee-b662-8265d9df9183___GCREC_Bact.Sp 6115.png,source_jpg,bacterial_spot,Tomato_Bacterial_spot,256,256,3853,65536,0.0587921142578125,0.0587921142578125,0,0,3853,4,ok,train
0ad66523-0fca-464d-a6e9-ca2d629e8058___GCREC_Bact.Sp 5945,0ad66523-0fca-464d-a6e9-ca2d629e8058,0ad66523-0fca-464d-a6e9-ca2d629e8058___GCREC_Bact.Sp 5945,artifacts/data/mc_unet/images/0ad66523-0fca-464d-a6e9-ca2d629e8058___GCREC_Bact.Sp 5945.jpg,artifacts/data/mc_unet/masks/0ad66523-0fca-464d-a6e9-ca2d629e8058___GCREC_Bact.Sp 5945.png,artifacts/data/mc_unet/leaf_masks_heuristic/0ad66523-0fca-464d-a6e9-ca2d629e8058___GCREC_Bact.Sp 5945.png,source_jpg,bacterial_spot,Tomato_Bacterial_spot,256,256,680,65536,0.0103759765625,0.0103759765625,0,0,680,2,ok,test
0ae44a6c-1213-4312-a11b-c7c5d4e585d0___RS_Erly.B 9442,0ae44a6c-1213-4312-a11b-c7c5d4e585d0,0ae44a6c-1213-4312-a11b-c7c5d4e585d0___RS_Erly.B 9442,artifacts/data/mc_unet/images/0ae44a6c-1213-4312-a11b-c7c5d4e585d0___RS_Erly.B 9442.jpg,artifacts/data/mc_unet/masks/0ae44a6c-1213-4312-a11b-c7c5d4e585d0___RS_Erly.B 9442.png,artifacts/data/mc_unet/leaf_masks_heuristic/0ae44a6c-1213-4312-a11b-c7c5d4e585d0___RS_Erly.B 9442.png,source_jpg,early_blight,Tomato_Early_blight,256,256,10898,65536,0.166290283203125,0.166290283203125,10898,0,0,5,ok,train
0b137624-885b-4d9b-b9e6-330c6681de4b___GHLB2 Leaf 8848_flipLR,0b137624-885b-4d9b-b9e6-330c6681de4b,0b137624-885b-4d9b-b9e6-330c6681de4b___GHLB2 Leaf 8848_flipLR,artifacts/data/mc_unet/images/0b137624-885b-4d9b-b9e6-330c6681de4b___GHLB2 Leaf 8848_flipLR.jpg,artifacts/data/mc_unet/masks/0b137624-885b-4d9b-b9e6-330c6681de4b___GHLB2 Leaf 8848_flipLR.png,artifacts/data/mc_unet/leaf_masks_heuristic/0b137624-885b-4d9b-b9e6-330c6681de4b___GHLB2 Leaf 8848_flipLR.png,source_jpg,late_blight,Tomato_Late_blight,256,256,2428,65536,0.03704833984375,0.03704833984375,0,2428,0,2,ok,train
0b13b997-9957-4029-b2a4-ef4a046eb088___UF.GRC_BS_Lab Leaf 0595,0b13b997-9957-4029-b2a4-ef4a046eb088,0b13b997-9957-4029-b2a4-ef4a046eb088___UF.GRC_BS_Lab Leaf 0595,artifacts/data/mc_unet/images/0b13b997-9957-4029-b2a4-ef4a046eb088___UF.GRC_BS_Lab Leaf 0595.jpg,artifacts/data/mc_unet/masks/0b13b997-9957-4029-b2a4-ef4a046eb088___UF.GRC_BS_Lab Leaf 0595.png,artifacts/data/mc_unet/leaf_masks_heuristic/0b13b997-9957-4029-b2a4-ef4a046eb088___UF.GRC_BS_Lab Leaf 0595.png,source_jpg,bacterial_spot,Tomato_Bacterial_spot,256,256,7978,65536,0.121734619140625,0.121734619140625,0,0,7978,9,ok,val
0b33d7a7-d017-4857-845a-874a004ccd26___RS_Late.B 4970,0b33d7a7-d017-4857-845a-874a004ccd26,0b33d7a7-d017-4857-845a-874a004ccd26___RS_Late.B 4970,artifacts/data/mc_unet/images/0b33d7a7-d017-4857-845a-874a004ccd26___RS_Late.B 4970.jpg,artifacts/data/mc_unet/masks/0b33d7a7-d017-4857-845a-874a004ccd26___RS_Late.B 4970.png,artifacts/data/mc_unet/leaf_masks_heuristic/0b33d7a7-d017-4857-845a-874a004ccd26___RS_Late.B 4970.png,source_jpg,late_blight,Tomato_Late_blight,256,256,9233,65536,0.1408843994140625,0.1408843994140625,0,9233,0,3,ok,train
0b33d7a7-d017-4857-845a-874a004ccd26___RS_Late.B 4970_flipLR,0b33d7a7-d017-4857-845a-874a004ccd26,0b33d7a7-d017-4857-845a-874a004ccd26___RS_Late.B 4970_flipLR,artifacts/data/mc_unet/images/0b33d7a7-d017-4857-845a-874a004ccd26___RS_Late.B 4970_flipLR.jpg,artifacts/data/mc_unet/masks/0b33d7a7-d017-4857-845a-874a004ccd26___RS_Late.B 4970_flipLR.png,artifacts/data/mc_unet/leaf_masks_heuristic/0b33d7a7-d017-4857-845a-874a004ccd26___RS_Late.B 4970_flipLR.png,source_jpg,late_blight,Tomato_Late_blight,256,256,9716,65536,0.14825439453125,0.14825439453125,0,9716,0,3,ok,train
0b37769a-a451-4507-a236-f46348e3a9ac___GCREC_Bact.Sp 3265,0b37769a-a451-4507-a236-f46348e3a9ac,0b37769a-a451-4507-a236-f46348e3a9ac___GCREC_Bact.Sp 3265,artifacts/data/mc_unet/images/0b37769a-a451-4507-a236-f46348e3a9ac___GCREC_Bact.Sp 3265.jpg,artifacts/data/mc_unet/masks/0b37769a-a451-4507-a236-f46348e3a9ac___GCREC_Bact.Sp 3265.png,artifacts/data/mc_unet/leaf_masks_heuristic/0b37769a-a451-4507-a236-f46348e3a9ac___GCREC_Bact.Sp 3265.png,source_jpg,bacterial_spot,Tomato_Bacterial_spot,256,256,585,65536,0.0089263916015625,0.0089263916015625,0,0,585,3,ok,train
0b3c7107-cef9-455e-8fa0-30039b9fc206___RS_Late.B 5038_flipLR,0b3c7107-cef9-455e-8fa0-30039b9fc206,0b3c7107-cef9-455e-8fa0-30039b9fc206___RS_Late.B 5038_flipLR,artifacts/data/mc_unet/images/0b3c7107-cef9-455e-8fa0-30039b9fc206___RS_Late.B 5038_flipLR.jpg,artifacts/data/mc_unet/masks/0b3c7107-cef9-455e-8fa0-30039b9fc206___RS_Late.B 5038_flipLR.png,artifacts/data/mc_unet/leaf_masks_heuristic/0b3c7107-cef9-455e-8fa0-30039b9fc206___RS_Late.B 5038_flipLR.png,source_jpg,late_blight,Tomato_Late_blight,256,256,4642,65536,0.070831298828125,0.070831298828125,0,4642,0,4,ok,train
0b494c44-8cd0-4491-bdfd-8a354209c3ae___RS_Erly.B 9561,0b494c44-8cd0-4491-bdfd-8a354209c3ae,0b494c44-8cd0-4491-bdfd-8a354209c3ae___RS_Erly.B 9561,artifacts/data/mc_unet/images/0b494c44-8cd0-4491-bdfd-8a354209c3ae___RS_Erly.B 9561.jpg,artifacts/data/mc_unet/masks/0b494c44-8cd0-4491-bdfd-8a354209c3ae___RS_Erly.B 9561.png,artifacts/data/mc_unet/leaf_masks_heuristic/0b494c44-8cd0-4491-bdfd-8a354209c3ae___RS_Erly.B 9561.png,source_jpg,early_blight,Tomato_Early_blight,256,256,21510,65536,0.328216552734375,0.328216552734375,21510,0,0,8,ok,train
0b52ebed-e711-41f2-bfd1-af73410b370e___RS_Late.B 5463,0b52ebed-e711-41f2-bfd1-af73410b370e,0b52ebed-e711-41f2-bfd1-af73410b370e___RS_Late.B 5463,artifacts/data/mc_unet/images/0b52ebed-e711-41f2-bfd1-af73410b370e___RS_Late.B 5463.jpg,artifacts/data/mc_unet/masks/0b52ebed-e711-41f2-bfd1-af73410b370e___RS_Late.B 5463.png,artifacts/data/mc_unet/leaf_masks_heuristic/0b52ebed-e711-41f2-bfd1-af73410b370e___RS_Late.B 5463.png,source_jpg,late_blight,Tomato_Late_blight,256,256,18360,65536,0.2801513671875,0.2801513671875,0,18360,0,1,ok,train
0b52ebed-e711-41f2-bfd1-af73410b370e___RS_Late.B 5463_flipLR,0b52ebed-e711-41f2-bfd1-af73410b370e,0b52ebed-e711-41f2-bfd1-af73410b370e___RS_Late.B 5463_flipLR,artifacts/data/mc_unet/images/0b52ebed-e711-41f2-bfd1-af73410b370e___RS_Late.B 5463_flipLR.jpg,artifacts/data/mc_unet/masks/0b52ebed-e711-41f2-bfd1-af73410b370e___RS_Late.B 5463_flipLR.png,artifacts/data/mc_unet/leaf_masks_heuristic/0b52ebed-e711-41f2-bfd1-af73410b370e___RS_Late.B 5463_flipLR.png,source_jpg,late_blight,Tomato_Late_blight,256,256,17897,65536,0.2730865478515625,0.2730865478515625,0,17897,0,1,ok,train
0b6caac4-cc62-4c46-9de4-1815a0aa6dbe___GHLB2 Leaf 8799,0b6caac4-cc62-4c46-9de4-1815a0aa6dbe,0b6caac4-cc62-4c46-9de4-1815a0aa6dbe___GHLB2 Leaf 8799,artifacts/data/mc_unet/images/0b6caac4-cc62-4c46-9de4-1815a0aa6dbe___GHLB2 Leaf 8799.jpg,artifacts/data/mc_unet/masks/0b6caac4-cc62-4c46-9de4-1815a0aa6dbe___GHLB2 Leaf 8799.png,artifacts/data/mc_unet/leaf_masks_heuristic/0b6caac4-cc62-4c46-9de4-1815a0aa6dbe___GHLB2 Leaf 8799.png,source_jpg,late_blight,Tomato_Late_blight,256,256,9787,65536,0.1493377685546875,0.1493377685546875,0,9787,0,1,ok,test
0b988f87-fdce-40ba-aa09-7e6c9e1d6d30___GHLB_PS Leaf 21 Day 8,0b988f87-fdce-40ba-aa09-7e6c9e1d6d30,0b988f87-fdce-40ba-aa09-7e6c9e1d6d30___GHLB_PS Leaf 21 Day 8,artifacts/data/mc_unet/images/0b988f87-fdce-40ba-aa09-7e6c9e1d6d30___GHLB_PS Leaf 21 Day 8.jpg,artifacts/data/mc_unet/masks/0b988f87-fdce-40ba-aa09-7e6c9e1d6d30___GHLB_PS Leaf 21 Day 8.png,artifacts/data/mc_unet/leaf_masks_heuristic/0b988f87-fdce-40ba-aa09-7e6c9e1d6d30___GHLB_PS Leaf 21 Day 8.png,source_jpg,late_blight,Tomato_Late_blight,256,256,4587,65536,0.0699920654296875,0.0699920654296875,0,4587,0,1,ok,train
0b988f87-fdce-40ba-aa09-7e6c9e1d6d30___GHLB_PS Leaf 21 Day 8_flipLR,0b988f87-fdce-40ba-aa09-7e6c9e1d6d30,0b988f87-fdce-40ba-aa09-7e6c9e1d6d30___GHLB_PS Leaf 21 Day 8_flipLR,artifacts/data/mc_unet/images/0b988f87-fdce-40ba-aa09-7e6c9e1d6d30___GHLB_PS Leaf 21 Day 8_flipLR.jpg,artifacts/data/mc_unet/masks/0b988f87-fdce-40ba-aa09-7e6c9e1d6d30___GHLB_PS Leaf 21 Day 8_flipLR.png,artifacts/data/mc_unet/leaf_masks_heuristic/0b988f87-fdce-40ba-aa09-7e6c9e1d6d30___GHLB_PS Leaf 21 Day 8_flipLR.png,source_jpg,late_blight,Tomato_Late_blight,256,256,3127,65536,0.0477142333984375,0.0477142333984375,0,3127,0,1,ok,train
0ba3d536-8732-4ea1-b3e1-a1be86e5dc6a___RS_Erly.B 9499,0ba3d536-8732-4ea1-b3e1-a1be86e5dc6a,0ba3d536-8732-4ea1-b3e1-a1be86e5dc6a___RS_Erly.B 9499,artifacts/data/mc_unet/images/0ba3d536-8732-4ea1-b3e1-a1be86e5dc6a___RS_Erly.B 9499.jpg,artifacts/data/mc_unet/masks/0ba3d536-8732-4ea1-b3e1-a1be86e5dc6a___RS_Erly.B 9499.png,artifacts/data/mc_unet/leaf_masks_heuristic/0ba3d536-8732-4ea1-b3e1-a1be86e5dc6a___RS_Erly.B 9499.png,source_jpg,early_blight,Tomato_Early_blight,256,256,4174,65536,0.063690185546875,0.063690185546875,4174,0,0,7,ok,train
0ba7d3d8-5c4c-4365-ba0c-69f61e96a36e___RS_Late.B 5312_flipLR,0ba7d3d8-5c4c-4365-ba0c-69f61e96a36e,0ba7d3d8-5c4c-4365-ba0c-69f61e96a36e___RS_Late.B 5312_flipLR,artifacts/data/mc_unet/images/0ba7d3d8-5c4c-4365-ba0c-69f61e96a36e___RS_Late.B 5312_flipLR.jpg,artifacts/data/mc_unet/masks/0ba7d3d8-5c4c-4365-ba0c-69f61e96a36e___RS_Late.B 5312_flipLR.png,artifacts/data/mc_unet/leaf_masks_heuristic/0ba7d3d8-5c4c-4365-ba0c-69f61e96a36e___RS_Late.B 5312_flipLR.png,source_jpg,late_blight,Tomato_Late_blight,256,256,9617,65536,0.1467437744140625,0.1467437744140625,0,9617,0,3,ok,train
0bb05a47-55a2-4c23-9dd2-3a5abf17c9f4___GHLB Leaf 5 Day 1,0bb05a47-55a2-4c23-9dd2-3a5abf17c9f4,0bb05a47-55a2-4c23-9dd2-3a5abf17c9f4___GHLB Leaf 5 Day 1,artifacts/data/mc_unet/images/0bb05a47-55a2-4c23-9dd2-3a5abf17c9f4___GHLB Leaf 5 Day 1.jpg,artifacts/data/mc_unet/masks/0bb05a47-55a2-4c23-9dd2-3a5abf17c9f4___GHLB Leaf 5 Day 1.png,artifacts/data/mc_unet/leaf_masks_heuristic/0bb05a47-55a2-4c23-9dd2-3a5abf17c9f4___GHLB Leaf 5 Day 1.png,source_jpg,late_blight,Tomato_Late_blight,256,256,216,65536,0.0032958984375,0.0032958984375,0,216,0,4,ok,test
0bb52721-51a6-4343-8c54-de15cedf8e5c___RS_Erly.B 7572,0bb52721-51a6-4343-8c54-de15cedf8e5c,0bb52721-51a6-4343-8c54-de15cedf8e5c___RS_Erly.B 7572,artifacts/data/mc_unet/images/0bb52721-51a6-4343-8c54-de15cedf8e5c___RS_Erly.B 7572.jpg,artifacts/data/mc_unet/masks/0bb52721-51a6-4343-8c54-de15cedf8e5c___RS_Erly.B 7572.png,artifacts/data/mc_unet/leaf_masks_heuristic/0bb52721-51a6-4343-8c54-de15cedf8e5c___RS_Erly.B 7572.png,source_jpg,early_blight,Tomato_Early_blight,256,256,246,65536,0.003753662109375,0.003753662109375,246,0,0,2,ok,val
0bed4d68-b82c-4e96-bbfe-e0fc10df01aa___RS_Erly.B 8301,0bed4d68-b82c-4e96-bbfe-e0fc10df01aa,0bed4d68-b82c-4e96-bbfe-e0fc10df01aa___RS_Erly.B 8301,artifacts/data/mc_unet/images/0bed4d68-b82c-4e96-bbfe-e0fc10df01aa___RS_Erly.B 8301.jpg,artifacts/data/mc_unet/masks/0bed4d68-b82c-4e96-bbfe-e0fc10df01aa___RS_Erly.B 8301.png,artifacts/data/mc_unet/leaf_masks_heuristic/0bed4d68-b82c-4e96-bbfe-e0fc10df01aa___RS_Erly.B 8301.png,source_jpg,early_blight,Tomato_Early_blight,256,256,7148,65536,0.10906982421875,0.10906982421875,7148,0,0,2,ok,train
0c09c121-e945-4b7e-acbf-dff4e0d01acb___GCREC_Bact.Sp 3379,0c09c121-e945-4b7e-acbf-dff4e0d01acb,0c09c121-e945-4b7e-acbf-dff4e0d01acb___GCREC_Bact.Sp 3379,artifacts/data/mc_unet/images/0c09c121-e945-4b7e-acbf-dff4e0d01acb___GCREC_Bact.Sp 3379.jpg,artifacts/data/mc_unet/masks/0c09c121-e945-4b7e-acbf-dff4e0d01acb___GCREC_Bact.Sp 3379.png,artifacts/data/mc_unet/leaf_masks_heuristic/0c09c121-e945-4b7e-acbf-dff4e0d01acb___GCREC_Bact.Sp 3379.png,source_jpg,bacterial_spot,Tomato_Bacterial_spot,256,256,12334,65536,0.188201904296875,0.188201904296875,0,0,12334,2,ok,train
0c192fbe-38eb-4abb-a858-8bc39942a3ef___RS_Late.B 6076,0c192fbe-38eb-4abb-a858-8bc39942a3ef,0c192fbe-38eb-4abb-a858-8bc39942a3ef___RS_Late.B 6076,artifacts/data/mc_unet/images/0c192fbe-38eb-4abb-a858-8bc39942a3ef___RS_Late.B 6076.jpg,artifacts/data/mc_unet/masks/0c192fbe-38eb-4abb-a858-8bc39942a3ef___RS_Late.B 6076.png,artifacts/data/mc_unet/leaf_masks_heuristic/0c192fbe-38eb-4abb-a858-8bc39942a3ef___RS_Late.B 6076.png,source_jpg,late_blight,Tomato_Late_blight,256,256,4578,65536,0.069854736328125,0.069854736328125,0,4578,0,2,ok,val
0c192fbe-38eb-4abb-a858-8bc39942a3ef___RS_Late.B 6076_flipLR,0c192fbe-38eb-4abb-a858-8bc39942a3ef,0c192fbe-38eb-4abb-a858-8bc39942a3ef___RS_Late.B 6076_flipLR,artifacts/data/mc_unet/images/0c192fbe-38eb-4abb-a858-8bc39942a3ef___RS_Late.B 6076_flipLR.jpg,artifacts/data/mc_unet/masks/0c192fbe-38eb-4abb-a858-8bc39942a3ef___RS_Late.B 6076_flipLR.png,artifacts/data/mc_unet/leaf_masks_heuristic/0c192fbe-38eb-4abb-a858-8bc39942a3ef___RS_Late.B 6076_flipLR.png,source_jpg,late_blight,Tomato_Late_blight,256,256,4179,65536,0.0637664794921875,0.0637664794921875,0,4179,0,2,ok,val
0c221e01-a85e-4794-b45b-3a91e349a8d2___RS_Erly.B 6425,0c221e01-a85e-4794-b45b-3a91e349a8d2,0c221e01-a85e-4794-b45b-3a91e349a8d2___RS_Erly.B 6425,artifacts/data/mc_unet/images/0c221e01-a85e-4794-b45b-3a91e349a8d2___RS_Erly.B 6425.jpg,artifacts/data/mc_unet/masks/0c221e01-a85e-4794-b45b-3a91e349a8d2___RS_Erly.B 6425.png,artifacts/data/mc_unet/leaf_masks_heuristic/0c221e01-a85e-4794-b45b-3a91e349a8d2___RS_Erly.B 6425.png,source_jpg,early_blight,Tomato_Early_blight,256,256,12485,65536,0.1905059814453125,0.1905059814453125,12485,0,0,6,ok,val
0c2ee2f1-e725-4031-96ea-57e3b8b626b3___GCREC_Bact.Sp 5645,0c2ee2f1-e725-4031-96ea-57e3b8b626b3,0c2ee2f1-e725-4031-96ea-57e3b8b626b3___GCREC_Bact.Sp 5645,artifacts/data/mc_unet/images/0c2ee2f1-e725-4031-96ea-57e3b8b626b3___GCREC_Bact.Sp 5645.jpg,artifacts/data/mc_unet/masks/0c2ee2f1-e725-4031-96ea-57e3b8b626b3___GCREC_Bact.Sp 5645.png,artifacts/data/mc_unet/leaf_masks_heuristic/0c2ee2f1-e725-4031-96ea-57e3b8b626b3___GCREC_Bact.Sp 5645.png,source_jpg,bacterial_spot,Tomato_Bacterial_spot,256,256,6314,65536,0.096343994140625,0.096343994140625,0,0,6314,2,ok,train
0c3153b2-0e64-41b6-902a-66eafbf7cae6___GHLB Leaf 4.1 Day 1,0c3153b2-0e64-41b6-902a-66eafbf7cae6,0c3153b2-0e64-41b6-902a-66eafbf7cae6___GHLB Leaf 4.1 Day 1,artifacts/data/mc_unet/images/0c3153b2-0e64-41b6-902a-66eafbf7cae6___GHLB Leaf 4.1 Day 1.jpg,artifacts/data/mc_unet/masks/0c3153b2-0e64-41b6-902a-66eafbf7cae6___GHLB Leaf 4.1 Day 1.png,artifacts/data/mc_unet/leaf_masks_heuristic/0c3153b2-0e64-41b6-902a-66eafbf7cae6___GHLB Leaf 4.1 Day 1.png,source_jpg,late_blight,Tomato_Late_blight,256,256,227,65536,0.0034637451171875,0.0034637451171875,0,227,0,2,ok,val
0c3153b2-0e64-41b6-902a-66eafbf7cae6___GHLB Leaf 4.1 Day 1_flipLR,0c3153b2-0e64-41b6-902a-66eafbf7cae6,0c3153b2-0e64-41b6-902a-66eafbf7cae6___GHLB Leaf 4.1 Day 1_flipLR,artifacts/data/mc_unet/images/0c3153b2-0e64-41b6-902a-66eafbf7cae6___GHLB Leaf 4.1 Day 1_flipLR.jpg,artifacts/data/mc_unet/masks/0c3153b2-0e64-41b6-902a-66eafbf7cae6___GHLB Leaf 4.1 Day 1_flipLR.png,artifacts/data/mc_unet/leaf_masks_heuristic/0c3153b2-0e64-41b6-902a-66eafbf7cae6___GHLB Leaf 4.1 Day 1_flipLR.png,source_jpg,late_blight,Tomato_Late_blight,256,256,184,65536,0.0028076171875,0.0028076171875,0,184,0,2,ok,val
0c47de5b-adbe-479f-8ccf-5b8c530c32f8___RS_Late.B 6312,0c47de5b-adbe-479f-8ccf-5b8c530c32f8,0c47de5b-adbe-479f-8ccf-5b8c530c32f8___RS_Late.B 6312,artifacts/data/mc_unet/images/0c47de5b-adbe-479f-8ccf-5b8c530c32f8___RS_Late.B 6312.jpg,artifacts/data/mc_unet/masks/0c47de5b-adbe-479f-8ccf-5b8c530c32f8___RS_Late.B 6312.png,artifacts/data/mc_unet/leaf_masks_heuristic/0c47de5b-adbe-479f-8ccf-5b8c530c32f8___RS_Late.B 6312.png,source_jpg,late_blight,Tomato_Late_blight,256,256,25887,65536,0.3950042724609375,0.3950042724609375,0,25887,0,2,ok,train
0c47de5b-adbe-479f-8ccf-5b8c530c32f8___RS_Late.B 6312_flipLR,0c47de5b-adbe-479f-8ccf-5b8c530c32f8,0c47de5b-adbe-479f-8ccf-5b8c530c32f8___RS_Late.B 6312_flipLR,artifacts/data/mc_unet/images/0c47de5b-adbe-479f-8ccf-5b8c530c32f8___RS_Late.B 6312_flipLR.jpg,artifacts/data/mc_unet/masks/0c47de5b-adbe-479f-8ccf-5b8c530c32f8___RS_Late.B 6312_flipLR.png,artifacts/data/mc_unet/leaf_masks_heuristic/0c47de5b-adbe-479f-8ccf-5b8c530c32f8___RS_Late.B 6312_flipLR.png,source_jpg,late_blight,Tomato_Late_blight,256,256,25620,65536,0.39093017578125,0.39093017578125,0,25620,0,3,ok,train
0c73c79f-a384-4729-83c7-72c9b04da20c___GHLB2 Leaf 8927,0c73c79f-a384-4729-83c7-72c9b04da20c,0c73c79f-a384-4729-83c7-72c9b04da20c___GHLB2 Leaf 8927,artifacts/data/mc_unet/images/0c73c79f-a384-4729-83c7-72c9b04da20c___GHLB2 Leaf 8927.jpg,artifacts/data/mc_unet/masks/0c73c79f-a384-4729-83c7-72c9b04da20c___GHLB2 Leaf 8927.png,artifacts/data/mc_unet/leaf_masks_heuristic/0c73c79f-a384-4729-83c7-72c9b04da20c___GHLB2 Leaf 8927.png,source_jpg,late_blight,Tomato_Late_blight,256,256,5152,65536,0.07861328125,0.07861328125,0,5152,0,3,ok,train
0c73c79f-a384-4729-83c7-72c9b04da20c___GHLB2 Leaf 8927_flipLR,0c73c79f-a384-4729-83c7-72c9b04da20c,0c73c79f-a384-4729-83c7-72c9b04da20c___GHLB2 Leaf 8927_flipLR,artifacts/data/mc_unet/images/0c73c79f-a384-4729-83c7-72c9b04da20c___GHLB2 Leaf 8927_flipLR.jpg,artifacts/data/mc_unet/masks/0c73c79f-a384-4729-83c7-72c9b04da20c___GHLB2 Leaf 8927_flipLR.png,artifacts/data/mc_unet/leaf_masks_heuristic/0c73c79f-a384-4729-83c7-72c9b04da20c___GHLB2 Leaf 8927_flipLR.png,source_jpg,late_blight,Tomato_Late_blight,256,256,6207,65536,0.0947113037109375,0.0947113037109375,0,6207,0,2,ok,train
0c865fa4-b0bf-4e69-b39a-d97b068cef84___RS_Erly.B 7477,0c865fa4-b0bf-4e69-b39a-d97b068cef84,0c865fa4-b0bf-4e69-b39a-d97b068cef84___RS_Erly.B 7477,artifacts/data/mc_unet/images/0c865fa4-b0bf-4e69-b39a-d97b068cef84___RS_Erly.B 7477.jpg,artifacts/data/mc_unet/masks/0c865fa4-b0bf-4e69-b39a-d97b068cef84___RS_Erly.B 7477.png,artifacts/data/mc_unet/leaf_masks_heuristic/0c865fa4-b0bf-4e69-b39a-d97b068cef84___RS_Erly.B 7477.png,source_jpg,early_blight,Tomato_Early_blight,256,256,7111,65536,0.1085052490234375,0.1085052490234375,7111,0,0,2,ok,train
0c9ff8e1-b610-43e3-b914-5e9576dd8083___GHLB2 Leaf 107.1,0c9ff8e1-b610-43e3-b914-5e9576dd8083,0c9ff8e1-b610-43e3-b914-5e9576dd8083___GHLB2 Leaf 107.1,artifacts/data/mc_unet/images/0c9ff8e1-b610-43e3-b914-5e9576dd8083___GHLB2 Leaf 107.1.jpg,artifacts/data/mc_unet/masks/0c9ff8e1-b610-43e3-b914-5e9576dd8083___GHLB2 Leaf 107.1.png,artifacts/data/mc_unet/leaf_masks_heuristic/0c9ff8e1-b610-43e3-b914-5e9576dd8083___GHLB2 Leaf 107.1.png,source_jpg,late_blight,Tomato_Late_blight,256,256,19488,65536,0.29736328125,0.29736328125,0,19488,0,4,ok,train
0c9ff8e1-b610-43e3-b914-5e9576dd8083___GHLB2 Leaf 107.1_flipLR,0c9ff8e1-b610-43e3-b914-5e9576dd8083,0c9ff8e1-b610-43e3-b914-5e9576dd8083___GHLB2 Leaf 107.1_flipLR,artifacts/data/mc_unet/images/0c9ff8e1-b610-43e3-b914-5e9576dd8083___GHLB2 Leaf 107.1_flipLR.jpg,artifacts/data/mc_unet/masks/0c9ff8e1-b610-43e3-b914-5e9576dd8083___GHLB2 Leaf 107.1_flipLR.png,artifacts/data/mc_unet/leaf_masks_heuristic/0c9ff8e1-b610-43e3-b914-5e9576dd8083___GHLB2 Leaf 107.1_flipLR.png,source_jpg,late_blight,Tomato_Late_blight,256,256,12835,65536,0.1958465576171875,0.1958465576171875,0,12835,0,4,ok,train
0cc3364e-3f2a-42b2-aefe-5af03dad2966___GCREC_Bact.Sp 5580,0cc3364e-3f2a-42b2-aefe-5af03dad2966,0cc3364e-3f2a-42b2-aefe-5af03dad2966___GCREC_Bact.Sp 5580,artifacts/data/mc_unet/images/0cc3364e-3f2a-42b2-aefe-5af03dad2966___GCREC_Bact.Sp 5580.jpg,artifacts/data/mc_unet/masks/0cc3364e-3f2a-42b2-aefe-5af03dad2966___GCREC_Bact.Sp 5580.png,artifacts/data/mc_unet/leaf_masks_heuristic/0cc3364e-3f2a-42b2-aefe-5af03dad2966___GCREC_Bact.Sp 5580.png,source_jpg,bacterial_spot,Tomato_Bacterial_spot,256,256,1051,65536,0.0160369873046875,0.0160369873046875,0,0,1051,1,ok,train
0cc44f97-c421-4824-92a9-c9a18b005d1d___GHLB2 Leaf 8540,0cc44f97-c421-4824-92a9-c9a18b005d1d,0cc44f97-c421-4824-92a9-c9a18b005d1d___GHLB2 Leaf 8540,artifacts/data/mc_unet/images/0cc44f97-c421-4824-92a9-c9a18b005d1d___GHLB2 Leaf 8540.jpg,artifacts/data/mc_unet/masks/0cc44f97-c421-4824-92a9-c9a18b005d1d___GHLB2 Leaf 8540.png,artifacts/data/mc_unet/leaf_masks_heuristic/0cc44f97-c421-4824-92a9-c9a18b005d1d___GHLB2 Leaf 8540.png,source_jpg,late_blight,Tomato_Late_blight,256,256,6432,65536,0.09814453125,0.09814453125,0,6432,0,1,ok,train
0cc44f97-c421-4824-92a9-c9a18b005d1d___GHLB2 Leaf 8540_flipLR,0cc44f97-c421-4824-92a9-c9a18b005d1d,0cc44f97-c421-4824-92a9-c9a18b005d1d___GHLB2 Leaf 8540_flipLR,artifacts/data/mc_unet/images/0cc44f97-c421-4824-92a9-c9a18b005d1d___GHLB2 Leaf 8540_flipLR.jpg,artifacts/data/mc_unet/masks/0cc44f97-c421-4824-92a9-c9a18b005d1d___GHLB2 Leaf 8540_flipLR.png,artifacts/data/mc_unet/leaf_masks_heuristic/0cc44f97-c421-4824-92a9-c9a18b005d1d___GHLB2 Leaf 8540_flipLR.png,source_jpg,late_blight,Tomato_Late_blight,256,256,6686,65536,0.102020263671875,0.102020263671875,0,6686,0,1,ok,train
0ccaeb36-37ff-4328-91c8-99aabd68f442___RS_Late.B 6596,0ccaeb36-37ff-4328-91c8-99aabd68f442,0ccaeb36-37ff-4328-91c8-99aabd68f442___RS_Late.B 6596,artifacts/data/mc_unet/images/0ccaeb36-37ff-4328-91c8-99aabd68f442___RS_Late.B 6596.jpg,artifacts/data/mc_unet/masks/0ccaeb36-37ff-4328-91c8-99aabd68f442___RS_Late.B 6596.png,artifacts/data/mc_unet/leaf_masks_heuristic/0ccaeb36-37ff-4328-91c8-99aabd68f442___RS_Late.B 6596.png,source_jpg,late_blight,Tomato_Late_blight,256,256,6920,65536,0.1055908203125,0.1055908203125,0,6920,0,1,ok,test
0ccaeb36-37ff-4328-91c8-99aabd68f442___RS_Late.B 6596_flipLR,0ccaeb36-37ff-4328-91c8-99aabd68f442,0ccaeb36-37ff-4328-91c8-99aabd68f442___RS_Late.B 6596_flipLR,artifacts/data/mc_unet/images/0ccaeb36-37ff-4328-91c8-99aabd68f442___RS_Late.B 6596_flipLR.jpg,artifacts/data/mc_unet/masks/0ccaeb36-37ff-4328-91c8-99aabd68f442___RS_Late.B 6596_flipLR.png,artifacts/data/mc_unet/leaf_masks_heuristic/0ccaeb36-37ff-4328-91c8-99aabd68f442___RS_Late.B 6596_flipLR.png,source_jpg,late_blight,Tomato_Late_blight,256,256,6875,65536,0.1049041748046875,0.1049041748046875,0,6875,0,1,ok,test
0cd17aff-13d8-439a-ac08-dae1aea55edb___RS_Erly.B 7828,0cd17aff-13d8-439a-ac08-dae1aea55edb,0cd17aff-13d8-439a-ac08-dae1aea55edb___RS_Erly.B 7828,artifacts/data/mc_unet/images/0cd17aff-13d8-439a-ac08-dae1aea55edb___RS_Erly.B 7828.jpg,artifacts/data/mc_unet/masks/0cd17aff-13d8-439a-ac08-dae1aea55edb___RS_Erly.B 7828.png,artifacts/data/mc_unet/leaf_masks_heuristic/0cd17aff-13d8-439a-ac08-dae1aea55edb___RS_Erly.B 7828.png,source_jpg,early_blight,Tomato_Early_blight,256,256,822,65536,0.012542724609375,0.012542724609375,822,0,0,1,ok,train
0cd1ebaf-3975-4749-b625-50b7b0751c36___RS_Erly.B 7508,0cd1ebaf-3975-4749-b625-50b7b0751c36,0cd1ebaf-3975-4749-b625-50b7b0751c36___RS_Erly.B 7508,artifacts/data/mc_unet/images/0cd1ebaf-3975-4749-b625-50b7b0751c36___RS_Erly.B 7508.jpg,artifacts/data/mc_unet/masks/0cd1ebaf-3975-4749-b625-50b7b0751c36___RS_Erly.B 7508.png,artifacts/data/mc_unet/leaf_masks_heuristic/0cd1ebaf-3975-4749-b625-50b7b0751c36___RS_Erly.B 7508.png,source_jpg,early_blight,Tomato_Early_blight,256,256,1249,65536,0.0190582275390625,0.0190582275390625,1249,0,0,1,ok,test
0cd2270f-87f8-45b5-a4af-19fa34b2acaa___RS_Erly.B 9567,0cd2270f-87f8-45b5-a4af-19fa34b2acaa,0cd2270f-87f8-45b5-a4af-19fa34b2acaa___RS_Erly.B 9567,artifacts/data/mc_unet/images/0cd2270f-87f8-45b5-a4af-19fa34b2acaa___RS_Erly.B 9567.jpg,artifacts/data/mc_unet/masks/0cd2270f-87f8-45b5-a4af-19fa34b2acaa___RS_Erly.B 9567.png,artifacts/data/mc_unet/leaf_masks_heuristic/0cd2270f-87f8-45b5-a4af-19fa34b2acaa___RS_Erly.B 9567.png,source_jpg,early_blight,Tomato_Early_blight,256,256,1683,65536,0.0256805419921875,0.0256805419921875,1683,0,0,4,ok,train
0cdd34fe-e8f2-41a7-b634-475338233f87___GHLB2 Leaf 8801_flipLR,0cdd34fe-e8f2-41a7-b634-475338233f87,0cdd34fe-e8f2-41a7-b634-475338233f87___GHLB2 Leaf 8801_flipLR,artifacts/data/mc_unet/images/0cdd34fe-e8f2-41a7-b634-475338233f87___GHLB2 Leaf 8801_flipLR.jpg,artifacts/data/mc_unet/masks/0cdd34fe-e8f2-41a7-b634-475338233f87___GHLB2 Leaf 8801_flipLR.png,artifacts/data/mc_unet/leaf_masks_heuristic/0cdd34fe-e8f2-41a7-b634-475338233f87___GHLB2 Leaf 8801_flipLR.png,source_jpg,late_blight,Tomato_Late_blight,256,256,6733,65536,0.1027374267578125,0.1027374267578125,0,6733,0,1,ok,train
0ce4dee0-2d0c-4c25-a9b2-4abc5f9083db___GCREC_Bact.Sp 3708,0ce4dee0-2d0c-4c25-a9b2-4abc5f9083db,0ce4dee0-2d0c-4c25-a9b2-4abc5f9083db___GCREC_Bact.Sp 3708,artifacts/data/mc_unet/images/0ce4dee0-2d0c-4c25-a9b2-4abc5f9083db___GCREC_Bact.Sp 3708.jpg,artifacts/data/mc_unet/masks/0ce4dee0-2d0c-4c25-a9b2-4abc5f9083db___GCREC_Bact.Sp 3708.png,artifacts/data/mc_unet/leaf_masks_heuristic/0ce4dee0-2d0c-4c25-a9b2-4abc5f9083db___GCREC_Bact.Sp 3708.png,source_jpg,bacterial_spot,Tomato_Bacterial_spot,256,256,4022,65536,0.061370849609375,0.061370849609375,0,0,4022,2,ok,train
0d227915-443b-402c-8a25-cc43434c4bb0___GCREC_Bact.Sp 5913,0d227915-443b-402c-8a25-cc43434c4bb0,0d227915-443b-402c-8a25-cc43434c4bb0___GCREC_Bact.Sp 5913,artifacts/data/mc_unet/images/0d227915-443b-402c-8a25-cc43434c4bb0___GCREC_Bact.Sp 5913.jpg,artifacts/data/mc_unet/masks/0d227915-443b-402c-8a25-cc43434c4bb0___GCREC_Bact.Sp 5913.png,artifacts/data/mc_unet/leaf_masks_heuristic/0d227915-443b-402c-8a25-cc43434c4bb0___GCREC_Bact.Sp 5913.png,source_jpg,bacterial_spot,Tomato_Bacterial_spot,256,256,2454,65536,0.037445068359375,0.037445068359375,0,0,2454,1,ok,train
0d56df83-84fb-4189-a5d2-3a6da18a224d___UF.GRC_BS_Lab Leaf 9029,0d56df83-84fb-4189-a5d2-3a6da18a224d,0d56df83-84fb-4189-a5d2-3a6da18a224d___UF.GRC_BS_Lab Leaf 9029,artifacts/data/mc_unet/images/0d56df83-84fb-4189-a5d2-3a6da18a224d___UF.GRC_BS_Lab Leaf 9029.jpg,artifacts/data/mc_unet/masks/0d56df83-84fb-4189-a5d2-3a6da18a224d___UF.GRC_BS_Lab Leaf 9029.png,artifacts/data/mc_unet/leaf_masks_heuristic/0d56df83-84fb-4189-a5d2-3a6da18a224d___UF.GRC_BS_Lab Leaf 9029.png,source_jpg,bacterial_spot,Tomato_Bacterial_spot,256,256,2830,65536,0.043182373046875,0.043182373046875,0,0,2830,7,ok,train
0d5f65a3-b32f-4565-b63a-c6da73c1322b___RS_Erly.B 8310,0d5f65a3-b32f-4565-b63a-c6da73c1322b,0d5f65a3-b32f-4565-b63a-c6da73c1322b___RS_Erly.B 8310,artifacts/data/mc_unet/images/0d5f65a3-b32f-4565-b63a-c6da73c1322b___RS_Erly.B 8310.jpg,artifacts/data/mc_unet/masks/0d5f65a3-b32f-4565-b63a-c6da73c1322b___RS_Erly.B 8310.png,artifacts/data/mc_unet/leaf_masks_heuristic/0d5f65a3-b32f-4565-b63a-c6da73c1322b___RS_Erly.B 8310.png,source_jpg,early_blight,Tomato_Early_blight,256,256,6027,65536,0.0919647216796875,0.0919647216796875,6027,0,0,16,ok,train
0d7a68e9-3df0-4ef8-88f7-c0a202725c5d___RS_Late.B 6787,0d7a68e9-3df0-4ef8-88f7-c0a202725c5d,0d7a68e9-3df0-4ef8-88f7-c0a202725c5d___RS_Late.B 6787,artifacts/data/mc_unet/images/0d7a68e9-3df0-4ef8-88f7-c0a202725c5d___RS_Late.B 6787.jpg,artifacts/data/mc_unet/masks/0d7a68e9-3df0-4ef8-88f7-c0a202725c5d___RS_Late.B 6787.png,artifacts/data/mc_unet/leaf_masks_heuristic/0d7a68e9-3df0-4ef8-88f7-c0a202725c5d___RS_Late.B 6787.png,source_jpg,late_blight,Tomato_Late_blight,256,256,12439,65536,0.1898040771484375,0.1898040771484375,0,12439,0,3,ok,train
0d7a68e9-3df0-4ef8-88f7-c0a202725c5d___RS_Late.B 6787_flipLR,0d7a68e9-3df0-4ef8-88f7-c0a202725c5d,0d7a68e9-3df0-4ef8-88f7-c0a202725c5d___RS_Late.B 6787_flipLR,artifacts/data/mc_unet/images/0d7a68e9-3df0-4ef8-88f7-c0a202725c5d___RS_Late.B 6787_flipLR.jpg,artifacts/data/mc_unet/masks/0d7a68e9-3df0-4ef8-88f7-c0a202725c5d___RS_Late.B 6787_flipLR.png,artifacts/data/mc_unet/leaf_masks_heuristic/0d7a68e9-3df0-4ef8-88f7-c0a202725c5d___RS_Late.B 6787_flipLR.png,source_jpg,late_blight,Tomato_Late_blight,256,256,12375,65536,0.1888275146484375,0.1888275146484375,0,12375,0,3,ok,train
0d7b0e84-1c99-4699-84ed-ca86aec642e5___GHLB2 Leaf 8652,0d7b0e84-1c99-4699-84ed-ca86aec642e5,0d7b0e84-1c99-4699-84ed-ca86aec642e5___GHLB2 Leaf 8652,artifacts/data/mc_unet/images/0d7b0e84-1c99-4699-84ed-ca86aec642e5___GHLB2 Leaf 8652.jpg,artifacts/data/mc_unet/masks/0d7b0e84-1c99-4699-84ed-ca86aec642e5___GHLB2 Leaf 8652.png,artifacts/data/mc_unet/leaf_masks_heuristic/0d7b0e84-1c99-4699-84ed-ca86aec642e5___GHLB2 Leaf 8652.png,source_jpg,late_blight,Tomato_Late_blight,256,256,2141,65536,0.0326690673828125,0.0326690673828125,0,2141,0,3,ok,train
0d7b0e84-1c99-4699-84ed-ca86aec642e5___GHLB2 Leaf 8652_flipLR,0d7b0e84-1c99-4699-84ed-ca86aec642e5,0d7b0e84-1c99-4699-84ed-ca86aec642e5___GHLB2 Leaf 8652_flipLR,artifacts/data/mc_unet/images/0d7b0e84-1c99-4699-84ed-ca86aec642e5___GHLB2 Leaf 8652_flipLR.jpg,artifacts/data/mc_unet/masks/0d7b0e84-1c99-4699-84ed-ca86aec642e5___GHLB2 Leaf 8652_flipLR.png,artifacts/data/mc_unet/leaf_masks_heuristic/0d7b0e84-1c99-4699-84ed-ca86aec642e5___GHLB2 Leaf 8652_flipLR.png,source_jpg,late_blight,Tomato_Late_blight,256,256,2811,65536,0.0428924560546875,0.0428924560546875,0,2811,0,2,ok,train
0d922399-7ba5-4d12-b84e-bb4b966c58ae___GCREC_Bact.Sp 6307,0d922399-7ba5-4d12-b84e-bb4b966c58ae,0d922399-7ba5-4d12-b84e-bb4b966c58ae___GCREC_Bact.Sp 6307,artifacts/data/mc_unet/images/0d922399-7ba5-4d12-b84e-bb4b966c58ae___GCREC_Bact.Sp 6307.jpg,artifacts/data/mc_unet/masks/0d922399-7ba5-4d12-b84e-bb4b966c58ae___GCREC_Bact.Sp 6307.png,artifacts/data/mc_unet/leaf_masks_heuristic/0d922399-7ba5-4d12-b84e-bb4b966c58ae___GCREC_Bact.Sp 6307.png,source_jpg,bacterial_spot,Tomato_Bacterial_spot,256,256,2891,65536,0.0441131591796875,0.0441131591796875,0,0,2891,5,ok,train
0d98a9eb-18e7-47e7-9010-196189bae113___RS_Late.B 5047,0d98a9eb-18e7-47e7-9010-196189bae113,0d98a9eb-18e7-47e7-9010-196189bae113___RS_Late.B 5047,artifacts/data/mc_unet/images/0d98a9eb-18e7-47e7-9010-196189bae113___RS_Late.B 5047.jpg,artifacts/data/mc_unet/masks/0d98a9eb-18e7-47e7-9010-196189bae113___RS_Late.B 5047.png,artifacts/data/mc_unet/leaf_masks_heuristic/0d98a9eb-18e7-47e7-9010-196189bae113___RS_Late.B 5047.png,source_jpg,late_blight,Tomato_Late_blight,256,256,11385,65536,0.1737213134765625,0.1737213134765625,0,11385,0,1,ok,train
0da23640-656e-4f03-be14-4b4b36811861___GHLB2 Leaf 9072,0da23640-656e-4f03-be14-4b4b36811861,0da23640-656e-4f03-be14-4b4b36811861___GHLB2 Leaf 9072,artifacts/data/mc_unet/images/0da23640-656e-4f03-be14-4b4b36811861___GHLB2 Leaf 9072.jpg,artifacts/data/mc_unet/masks/0da23640-656e-4f03-be14-4b4b36811861___GHLB2 Leaf 9072.png,artifacts/data/mc_unet/leaf_masks_heuristic/0da23640-656e-4f03-be14-4b4b36811861___GHLB2 Leaf 9072.png,source_jpg,late_blight,Tomato_Late_blight,256,256,3086,65536,0.047088623046875,0.047088623046875,0,3086,0,1,ok,train
0da23640-656e-4f03-be14-4b4b36811861___GHLB2 Leaf 9072_flipLR,0da23640-656e-4f03-be14-4b4b36811861,0da23640-656e-4f03-be14-4b4b36811861___GHLB2 Leaf 9072_flipLR,artifacts/data/mc_unet/images/0da23640-656e-4f03-be14-4b4b36811861___GHLB2 Leaf 9072_flipLR.jpg,artifacts/data/mc_unet/masks/0da23640-656e-4f03-be14-4b4b36811861___GHLB2 Leaf 9072_flipLR.png,artifacts/data/mc_unet/leaf_masks_heuristic/0da23640-656e-4f03-be14-4b4b36811861___GHLB2 Leaf 9072_flipLR.png,source_jpg,late_blight,Tomato_Late_blight,256,256,3138,65536,0.047882080078125,0.047882080078125,0,3138,0,1,ok,train
0da53824-7b3b-43a9-9b34-146a7f71ef7e___RS_Late.B 6958,0da53824-7b3b-43a9-9b34-146a7f71ef7e,0da53824-7b3b-43a9-9b34-146a7f71ef7e___RS_Late.B 6958,artifacts/data/mc_unet/images/0da53824-7b3b-43a9-9b34-146a7f71ef7e___RS_Late.B 6958.jpg,artifacts/data/mc_unet/masks/0da53824-7b3b-43a9-9b34-146a7f71ef7e___RS_Late.B 6958.png,artifacts/data/mc_unet/leaf_masks_heuristic/0da53824-7b3b-43a9-9b34-146a7f71ef7e___RS_Late.B 6958.png,source_jpg,late_blight,Tomato_Late_blight,256,256,10789,65536,0.1646270751953125,0.1646270751953125,0,10789,0,4,ok,train
0da838ea-fd8c-43c0-a437-4aba96234262___UF.GRC_BS_Lab Leaf 8770,0da838ea-fd8c-43c0-a437-4aba96234262,0da838ea-fd8c-43c0-a437-4aba96234262___UF.GRC_BS_Lab Leaf 8770,artifacts/data/mc_unet/images/0da838ea-fd8c-43c0-a437-4aba96234262___UF.GRC_BS_Lab Leaf 8770.jpg,artifacts/data/mc_unet/masks/0da838ea-fd8c-43c0-a437-4aba96234262___UF.GRC_BS_Lab Leaf 8770.png,artifacts/data/mc_unet/leaf_masks_heuristic/0da838ea-fd8c-43c0-a437-4aba96234262___UF.GRC_BS_Lab Leaf 8770.png,source_jpg,bacterial_spot,Tomato_Bacterial_spot,256,256,4389,65536,0.0669708251953125,0.0669708251953125,0,0,4389,5,ok,train
0db85707-41f9-42df-ba3b-842d14f00a68___GHLB2 Leaf 8909,0db85707-41f9-42df-ba3b-842d14f00a68,0db85707-41f9-42df-ba3b-842d14f00a68___GHLB2 Leaf 8909,artifacts/data/mc_unet/images/0db85707-41f9-42df-ba3b-842d14f00a68___GHLB2 Leaf 8909.jpg,artifacts/data/mc_unet/masks/0db85707-41f9-42df-ba3b-842d14f00a68___GHLB2 Leaf 8909.png,artifacts/data/mc_unet/leaf_masks_heuristic/0db85707-41f9-42df-ba3b-842d14f00a68___GHLB2 Leaf 8909.png,source_jpg,late_blight,Tomato_Late_blight,256,256,1128,65536,0.0172119140625,0.0172119140625,0,1128,0,1,ok,train
0db85707-41f9-42df-ba3b-842d14f00a68___GHLB2 Leaf 8909_flipLR,0db85707-41f9-42df-ba3b-842d14f00a68,0db85707-41f9-42df-ba3b-842d14f00a68___GHLB2 Leaf 8909_flipLR,artifacts/data/mc_unet/images/0db85707-41f9-42df-ba3b-842d14f00a68___GHLB2 Leaf 8909_flipLR.jpg,artifacts/data/mc_unet/masks/0db85707-41f9-42df-ba3b-842d14f00a68___GHLB2 Leaf 8909_flipLR.png,artifacts/data/mc_unet/leaf_masks_heuristic/0db85707-41f9-42df-ba3b-842d14f00a68___GHLB2 Leaf 8909_flipLR.png,source_jpg,late_blight,Tomato_Late_blight,256,256,1772,65536,0.02703857421875,0.02703857421875,0,1772,0,2,ok,train
0dc24e61-c636-49e4-9a3d-3aa9a0efb429___GHLB2ES Leaf 69,0dc24e61-c636-49e4-9a3d-3aa9a0efb429,0dc24e61-c636-49e4-9a3d-3aa9a0efb429___GHLB2ES Leaf 69,artifacts/data/mc_unet/images/0dc24e61-c636-49e4-9a3d-3aa9a0efb429___GHLB2ES Leaf 69.jpg,artifacts/data/mc_unet/masks/0dc24e61-c636-49e4-9a3d-3aa9a0efb429___GHLB2ES Leaf 69.png,artifacts/data/mc_unet/leaf_masks_heuristic/0dc24e61-c636-49e4-9a3d-3aa9a0efb429___GHLB2ES Leaf 69.png,source_jpg,late_blight,Tomato_Late_blight,256,256,3496,65536,0.0533447265625,0.0533447265625,0,3496,0,1,ok,val
0dc24e61-c636-49e4-9a3d-3aa9a0efb429___GHLB2ES Leaf 69_flipLR,0dc24e61-c636-49e4-9a3d-3aa9a0efb429,0dc24e61-c636-49e4-9a3d-3aa9a0efb429___GHLB2ES Leaf 69_flipLR,artifacts/data/mc_unet/images/0dc24e61-c636-49e4-9a3d-3aa9a0efb429___GHLB2ES Leaf 69_flipLR.jpg,artifacts/data/mc_unet/masks/0dc24e61-c636-49e4-9a3d-3aa9a0efb429___GHLB2ES Leaf 69_flipLR.png,artifacts/data/mc_unet/leaf_masks_heuristic/0dc24e61-c636-49e4-9a3d-3aa9a0efb429___GHLB2ES Leaf 69_flipLR.png,source_jpg,late_blight,Tomato_Late_blight,256,256,3851,65536,0.0587615966796875,0.0587615966796875,0,3851,0,1,ok,val
0dd9d965-d68a-4e47-ba02-ebcadf13c7ae___GHLB2 Leaf 78.1,0dd9d965-d68a-4e47-ba02-ebcadf13c7ae,0dd9d965-d68a-4e47-ba02-ebcadf13c7ae___GHLB2 Leaf 78.1,artifacts/data/mc_unet/images/0dd9d965-d68a-4e47-ba02-ebcadf13c7ae___GHLB2 Leaf 78.1.jpg,artifacts/data/mc_unet/masks/0dd9d965-d68a-4e47-ba02-ebcadf13c7ae___GHLB2 Leaf 78.1.png,artifacts/data/mc_unet/leaf_masks_heuristic/0dd9d965-d68a-4e47-ba02-ebcadf13c7ae___GHLB2 Leaf 78.1.png,source_jpg,late_blight,Tomato_Late_blight,256,256,41000,65536,0.6256103515625,0.6256103515625,0,41000,0,1,ok,train
0de30b71-8bd0-4270-a65b-7ae8befdd765___GCREC_Bact.Sp 6360,0de30b71-8bd0-4270-a65b-7ae8befdd765,0de30b71-8bd0-4270-a65b-7ae8befdd765___GCREC_Bact.Sp 6360,artifacts/data/mc_unet/images/0de30b71-8bd0-4270-a65b-7ae8befdd765___GCREC_Bact.Sp 6360.jpg,artifacts/data/mc_unet/masks/0de30b71-8bd0-4270-a65b-7ae8befdd765___GCREC_Bact.Sp 6360.png,artifacts/data/mc_unet/leaf_masks_heuristic/0de30b71-8bd0-4270-a65b-7ae8befdd765___GCREC_Bact.Sp 6360.png,source_jpg,bacterial_spot,Tomato_Bacterial_spot,256,256,1975,65536,0.0301361083984375,0.0301361083984375,0,0,1975,4,ok,train
0e03c87e-b43f-4cfe-a837-71306c68f4c0___RS_Erly.B 7733,0e03c87e-b43f-4cfe-a837-71306c68f4c0,0e03c87e-b43f-4cfe-a837-71306c68f4c0___RS_Erly.B 7733,artifacts/data/mc_unet/images/0e03c87e-b43f-4cfe-a837-71306c68f4c0___RS_Erly.B 7733.jpg,artifacts/data/mc_unet/masks/0e03c87e-b43f-4cfe-a837-71306c68f4c0___RS_Erly.B 7733.png,artifacts/data/mc_unet/leaf_masks_heuristic/0e03c87e-b43f-4cfe-a837-71306c68f4c0___RS_Erly.B 7733.png,source_jpg,early_blight,Tomato_Early_blight,256,256,465,65536,0.0070953369140625,0.0070953369140625,465,0,0,1,ok,train
0e16b13c-0308-4199-a823-c6c2ab944023___GCREC_Bact.Sp 3068,0e16b13c-0308-4199-a823-c6c2ab944023,0e16b13c-0308-4199-a823-c6c2ab944023___GCREC_Bact.Sp 3068,artifacts/data/mc_unet/images/0e16b13c-0308-4199-a823-c6c2ab944023___GCREC_Bact.Sp 3068.jpg,artifacts/data/mc_unet/masks/0e16b13c-0308-4199-a823-c6c2ab944023___GCREC_Bact.Sp 3068.png,artifacts/data/mc_unet/leaf_masks_heuristic/0e16b13c-0308-4199-a823-c6c2ab944023___GCREC_Bact.Sp 3068.png,source_jpg,bacterial_spot,Tomato_Bacterial_spot,256,256,6466,65536,0.098663330078125,0.098663330078125,0,0,6466,4,ok,train
0e2e58b7-1417-49c4-b014-b5efb4b4b831___RS_Erly.B 8256,0e2e58b7-1417-49c4-b014-b5efb4b4b831,0e2e58b7-1417-49c4-b014-b5efb4b4b831___RS_Erly.B 8256,artifacts/data/mc_unet/images/0e2e58b7-1417-49c4-b014-b5efb4b4b831___RS_Erly.B 8256.jpg,artifacts/data/mc_unet/masks/0e2e58b7-1417-49c4-b014-b5efb4b4b831___RS_Erly.B 8256.png,artifacts/data/mc_unet/leaf_masks_heuristic/0e2e58b7-1417-49c4-b014-b5efb4b4b831___RS_Erly.B 8256.png,source_jpg,early_blight,Tomato_Early_blight,256,256,12671,65536,0.1933441162109375,0.1933441162109375,12671,0,0,3,ok,train
0e39c18a-9e04-4f6b-b557-dc0e944d22e5___RS_Erly.B 9501,0e39c18a-9e04-4f6b-b557-dc0e944d22e5,0e39c18a-9e04-4f6b-b557-dc0e944d22e5___RS_Erly.B 9501,artifacts/data/mc_unet/images/0e39c18a-9e04-4f6b-b557-dc0e944d22e5___RS_Erly.B 9501.jpg,artifacts/data/mc_unet/masks/0e39c18a-9e04-4f6b-b557-dc0e944d22e5___RS_Erly.B 9501.png,artifacts/data/mc_unet/leaf_masks_heuristic/0e39c18a-9e04-4f6b-b557-dc0e944d22e5___RS_Erly.B 9501.png,source_jpg,early_blight,Tomato_Early_blight,256,256,5137,65536,0.0783843994140625,0.0783843994140625,5137,0,0,8,ok,train
0e3ded7b-0b9e-4c11-9db7-38eba7e0bdb2___GCREC_Bact.Sp 3598,0e3ded7b-0b9e-4c11-9db7-38eba7e0bdb2,0e3ded7b-0b9e-4c11-9db7-38eba7e0bdb2___GCREC_Bact.Sp 3598,artifacts/data/mc_unet/images/0e3ded7b-0b9e-4c11-9db7-38eba7e0bdb2___GCREC_Bact.Sp 3598.jpg,artifacts/data/mc_unet/masks/0e3ded7b-0b9e-4c11-9db7-38eba7e0bdb2___GCREC_Bact.Sp 3598.png,artifacts/data/mc_unet/leaf_masks_heuristic/0e3ded7b-0b9e-4c11-9db7-38eba7e0bdb2___GCREC_Bact.Sp 3598.png,source_jpg,bacterial_spot,Tomato_Bacterial_spot,256,256,4123,65536,0.0629119873046875,0.0629119873046875,0,0,4123,2,ok,train
0e451078-be73-4e6b-b329-a7b0fa1f152b___GHLB2 Leaf 8612,0e451078-be73-4e6b-b329-a7b0fa1f152b,0e451078-be73-4e6b-b329-a7b0fa1f152b___GHLB2 Leaf 8612,artifacts/data/mc_unet/images/0e451078-be73-4e6b-b329-a7b0fa1f152b___GHLB2 Leaf 8612.jpg,artifacts/data/mc_unet/masks/0e451078-be73-4e6b-b329-a7b0fa1f152b___GHLB2 Leaf 8612.png,artifacts/data/mc_unet/leaf_masks_heuristic/0e451078-be73-4e6b-b329-a7b0fa1f152b___GHLB2 Leaf 8612.png,source_jpg,late_blight,Tomato_Late_blight,256,256,4200,65536,0.0640869140625,0.0640869140625,0,4200,0,1,ok,train
0e451078-be73-4e6b-b329-a7b0fa1f152b___GHLB2 Leaf 8612_flipLR,0e451078-be73-4e6b-b329-a7b0fa1f152b,0e451078-be73-4e6b-b329-a7b0fa1f152b___GHLB2 Leaf 8612_flipLR,artifacts/data/mc_unet/images/0e451078-be73-4e6b-b329-a7b0fa1f152b___GHLB2 Leaf 8612_flipLR.jpg,artifacts/data/mc_unet/masks/0e451078-be73-4e6b-b329-a7b0fa1f152b___GHLB2 Leaf 8612_flipLR.png,artifacts/data/mc_unet/leaf_masks_heuristic/0e451078-be73-4e6b-b329-a7b0fa1f152b___GHLB2 Leaf 8612_flipLR.png,source_jpg,late_blight,Tomato_Late_blight,256,256,3987,65536,0.0608367919921875,0.0608367919921875,0,3987,0,1,ok,train
0e669afb-1315-4903-b7ca-1a0ffa95d454___RS_Late.B 5626,0e669afb-1315-4903-b7ca-1a0ffa95d454,0e669afb-1315-4903-b7ca-1a0ffa95d454___RS_Late.B 5626,artifacts/data/mc_unet/images/0e669afb-1315-4903-b7ca-1a0ffa95d454___RS_Late.B 5626.jpg,artifacts/data/mc_unet/masks/0e669afb-1315-4903-b7ca-1a0ffa95d454___RS_Late.B 5626.png,artifacts/data/mc_unet/leaf_masks_heuristic/0e669afb-1315-4903-b7ca-1a0ffa95d454___RS_Late.B 5626.png,source_jpg,late_blight,Tomato_Late_blight,256,256,11969,65536,0.1826324462890625,0.1826324462890625,0,11969,0,1,ok,val
0e669afb-1315-4903-b7ca-1a0ffa95d454___RS_Late.B 5626_flipLR,0e669afb-1315-4903-b7ca-1a0ffa95d454,0e669afb-1315-4903-b7ca-1a0ffa95d454___RS_Late.B 5626_flipLR,artifacts/data/mc_unet/images/0e669afb-1315-4903-b7ca-1a0ffa95d454___RS_Late.B 5626_flipLR.jpg,artifacts/data/mc_unet/masks/0e669afb-1315-4903-b7ca-1a0ffa95d454___RS_Late.B 5626_flipLR.png,artifacts/data/mc_unet/leaf_masks_heuristic/0e669afb-1315-4903-b7ca-1a0ffa95d454___RS_Late.B 5626_flipLR.png,source_jpg,late_blight,Tomato_Late_blight,256,256,12446,65536,0.189910888671875,0.189910888671875,0,12446,0,1,ok,val
0e94696b-3e0d-4d4c-a712-01197e228cf1___UF.GRC_BS_Lab Leaf 8641,0e94696b-3e0d-4d4c-a712-01197e228cf1,0e94696b-3e0d-4d4c-a712-01197e228cf1___UF.GRC_BS_Lab Leaf 8641,artifacts/data/mc_unet/images/0e94696b-3e0d-4d4c-a712-01197e228cf1___UF.GRC_BS_Lab Leaf 8641.jpg,artifacts/data/mc_unet/masks/0e94696b-3e0d-4d4c-a712-01197e228cf1___UF.GRC_BS_Lab Leaf 8641.png,artifacts/data/mc_unet/leaf_masks_heuristic/0e94696b-3e0d-4d4c-a712-01197e228cf1___UF.GRC_BS_Lab Leaf 8641.png,source_jpg,bacterial_spot,Tomato_Bacterial_spot,256,256,8761,65536,0.1336822509765625,0.1336822509765625,0,0,8761,4,ok,train
0ead4ae7-b14a-4f00-862b-f8ca126136ec___GHLB2 Leaf 89.2,0ead4ae7-b14a-4f00-862b-f8ca126136ec,0ead4ae7-b14a-4f00-862b-f8ca126136ec___GHLB2 Leaf 89.2,artifacts/data/mc_unet/images/0ead4ae7-b14a-4f00-862b-f8ca126136ec___GHLB2 Leaf 89.2.jpg,artifacts/data/mc_unet/masks/0ead4ae7-b14a-4f00-862b-f8ca126136ec___GHLB2 Leaf 89.2.png,artifacts/data/mc_unet/leaf_masks_heuristic/0ead4ae7-b14a-4f00-862b-f8ca126136ec___GHLB2 Leaf 89.2.png,source_jpg,late_blight,Tomato_Late_blight,256,256,16790,65536,0.256195068359375,0.256195068359375,0,16790,0,1,ok,train
0ead4ae7-b14a-4f00-862b-f8ca126136ec___GHLB2 Leaf 89.2_flipLR,0ead4ae7-b14a-4f00-862b-f8ca126136ec,0ead4ae7-b14a-4f00-862b-f8ca126136ec___GHLB2 Leaf 89.2_flipLR,artifacts/data/mc_unet/images/0ead4ae7-b14a-4f00-862b-f8ca126136ec___GHLB2 Leaf 89.2_flipLR.jpg,artifacts/data/mc_unet/masks/0ead4ae7-b14a-4f00-862b-f8ca126136ec___GHLB2 Leaf 89.2_flipLR.png,artifacts/data/mc_unet/leaf_masks_heuristic/0ead4ae7-b14a-4f00-862b-f8ca126136ec___GHLB2 Leaf 89.2_flipLR.png,source_jpg,late_blight,Tomato_Late_blight,256,256,17005,65536,0.2594757080078125,0.2594757080078125,0,17005,0,1,ok,train
0ecc2ee7-fb66-41fa-a23b-9bdeaf31078a___RS_Erly.B 6381,0ecc2ee7-fb66-41fa-a23b-9bdeaf31078a,0ecc2ee7-fb66-41fa-a23b-9bdeaf31078a___RS_Erly.B 6381,artifacts/data/mc_unet/images/0ecc2ee7-fb66-41fa-a23b-9bdeaf31078a___RS_Erly.B 6381.jpg,artifacts/data/mc_unet/masks/0ecc2ee7-fb66-41fa-a23b-9bdeaf31078a___RS_Erly.B 6381.png,artifacts/data/mc_unet/leaf_masks_heuristic/0ecc2ee7-fb66-41fa-a23b-9bdeaf31078a___RS_Erly.B 6381.png,source_jpg,early_blight,Tomato_Early_blight,256,256,10461,65536,0.1596221923828125,0.1596221923828125,10461,0,0,6,ok,val
0ed6d8f5-dd9f-4f1d-a33d-2f556be12a27___UF.GRC_BS_Lab Leaf 0291,0ed6d8f5-dd9f-4f1d-a33d-2f556be12a27,0ed6d8f5-dd9f-4f1d-a33d-2f556be12a27___UF.GRC_BS_Lab Leaf 0291,artifacts/data/mc_unet/images/0ed6d8f5-dd9f-4f1d-a33d-2f556be12a27___UF.GRC_BS_Lab Leaf 0291.jpg,artifacts/data/mc_unet/masks/0ed6d8f5-dd9f-4f1d-a33d-2f556be12a27___UF.GRC_BS_Lab Leaf 0291.png,artifacts/data/mc_unet/leaf_masks_heuristic/0ed6d8f5-dd9f-4f1d-a33d-2f556be12a27___UF.GRC_BS_Lab Leaf 0291.png,source_jpg,bacterial_spot,Tomato_Bacterial_spot,256,256,3849,65536,0.0587310791015625,0.0587310791015625,0,0,3849,4,ok,train
0ed7d5f6-9394-4ae7-87db-3de58f469263___GHLB2 Leaf 8732,0ed7d5f6-9394-4ae7-87db-3de58f469263,0ed7d5f6-9394-4ae7-87db-3de58f469263___GHLB2 Leaf 8732,artifacts/data/mc_unet/images/0ed7d5f6-9394-4ae7-87db-3de58f469263___GHLB2 Leaf 8732.jpg,artifacts/data/mc_unet/masks/0ed7d5f6-9394-4ae7-87db-3de58f469263___GHLB2 Leaf 8732.png,artifacts/data/mc_unet/leaf_masks_heuristic/0ed7d5f6-9394-4ae7-87db-3de58f469263___GHLB2 Leaf 8732.png,source_jpg,late_blight,Tomato_Late_blight,256,256,486,65536,0.007415771484375,0.007415771484375,0,486,0,2,ok,train
0ed7d5f6-9394-4ae7-87db-3de58f469263___GHLB2 Leaf 8732_flipLR,0ed7d5f6-9394-4ae7-87db-3de58f469263,0ed7d5f6-9394-4ae7-87db-3de58f469263___GHLB2 Leaf 8732_flipLR,artifacts/data/mc_unet/images/0ed7d5f6-9394-4ae7-87db-3de58f469263___GHLB2 Leaf 8732_flipLR.jpg,artifacts/data/mc_unet/masks/0ed7d5f6-9394-4ae7-87db-3de58f469263___GHLB2 Leaf 8732_flipLR.png,artifacts/data/mc_unet/leaf_masks_heuristic/0ed7d5f6-9394-4ae7-87db-3de58f469263___GHLB2 Leaf 8732_flipLR.png,source_jpg,late_blight,Tomato_Late_blight,256,256,468,65536,0.00714111328125,0.00714111328125,0,468,0,2,ok,train
0eeb4776-110d-4100-8c88-26a64eb05b22___GCREC_Bact.Sp 6101,0eeb4776-110d-4100-8c88-26a64eb05b22,0eeb4776-110d-4100-8c88-26a64eb05b22___GCREC_Bact.Sp 6101,artifacts/data/mc_unet/images/0eeb4776-110d-4100-8c88-26a64eb05b22___GCREC_Bact.Sp 6101.jpg,artifacts/data/mc_unet/masks/0eeb4776-110d-4100-8c88-26a64eb05b22___GCREC_Bact.Sp 6101.png,artifacts/data/mc_unet/leaf_masks_heuristic/0eeb4776-110d-4100-8c88-26a64eb05b22___GCREC_Bact.Sp 6101.png,source_jpg,bacterial_spot,Tomato_Bacterial_spot,256,256,334,65536,0.005096435546875,0.005096435546875,0,0,334,1,ok,train
0efaac13-1988-48db-aec3-f31df3045b95___RS_Erly.B 8342,0efaac13-1988-48db-aec3-f31df3045b95,0efaac13-1988-48db-aec3-f31df3045b95___RS_Erly.B 8342,artifacts/data/mc_unet/images/0efaac13-1988-48db-aec3-f31df3045b95___RS_Erly.B 8342.jpg,artifacts/data/mc_unet/masks/0efaac13-1988-48db-aec3-f31df3045b95___RS_Erly.B 8342.png,artifacts/data/mc_unet/leaf_masks_heuristic/0efaac13-1988-48db-aec3-f31df3045b95___RS_Erly.B 8342.png,source_jpg,early_blight,Tomato_Early_blight,256,256,38547,65536,0.5881805419921875,0.5881805419921875,38547,0,0,3,ok,train
0f065614-a53a-4c83-9d29-5d3e4ab5b41d___RS_Erly.B 7676,0f065614-a53a-4c83-9d29-5d3e4ab5b41d,0f065614-a53a-4c83-9d29-5d3e4ab5b41d___RS_Erly.B 7676,artifacts/data/mc_unet/images/0f065614-a53a-4c83-9d29-5d3e4ab5b41d___RS_Erly.B 7676.jpg,artifacts/data/mc_unet/masks/0f065614-a53a-4c83-9d29-5d3e4ab5b41d___RS_Erly.B 7676.png,artifacts/data/mc_unet/leaf_masks_heuristic/0f065614-a53a-4c83-9d29-5d3e4ab5b41d___RS_Erly.B 7676.png,source_jpg,early_blight,Tomato_Early_blight,256,256,13695,65536,0.2089691162109375,0.2089691162109375,13695,0,0,8,ok,train
0f12e22b-49a9-4d9a-84bc-76bb86ed2a14___RS_Erly.B 9572,0f12e22b-49a9-4d9a-84bc-76bb86ed2a14,0f12e22b-49a9-4d9a-84bc-76bb86ed2a14___RS_Erly.B 9572,artifacts/data/mc_unet/images/0f12e22b-49a9-4d9a-84bc-76bb86ed2a14___RS_Erly.B 9572.jpg,artifacts/data/mc_unet/masks/0f12e22b-49a9-4d9a-84bc-76bb86ed2a14___RS_Erly.B 9572.png,artifacts/data/mc_unet/leaf_masks_heuristic/0f12e22b-49a9-4d9a-84bc-76bb86ed2a14___RS_Erly.B 9572.png,source_jpg,early_blight,Tomato_Early_blight,256,256,4847,65536,0.0739593505859375,0.0739593505859375,4847,0,0,8,ok,train
0f1fb081-c715-414e-aa64-2c398ba6c320___RS_Erly.B 6382,0f1fb081-c715-414e-aa64-2c398ba6c320,0f1fb081-c715-414e-aa64-2c398ba6c320___RS_Erly.B 6382,artifacts/data/mc_unet/images/0f1fb081-c715-414e-aa64-2c398ba6c320___RS_Erly.B 6382.jpg,artifacts/data/mc_unet/masks/0f1fb081-c715-414e-aa64-2c398ba6c320___RS_Erly.B 6382.png,artifacts/data/mc_unet/leaf_masks_heuristic/0f1fb081-c715-414e-aa64-2c398ba6c320___RS_Erly.B 6382.png,source_jpg,early_blight,Tomato_Early_blight,256,256,11721,65536,0.1788482666015625,0.1788482666015625,11721,0,0,7,ok,train
0f4ce5ef-5ecf-4c5d-b301-3b5a44e3a1c8___UF.GRC_BS_Lab Leaf 0408,0f4ce5ef-5ecf-4c5d-b301-3b5a44e3a1c8,0f4ce5ef-5ecf-4c5d-b301-3b5a44e3a1c8___UF.GRC_BS_Lab Leaf 0408,artifacts/data/mc_unet/images/0f4ce5ef-5ecf-4c5d-b301-3b5a44e3a1c8___UF.GRC_BS_Lab Leaf 0408.jpg,artifacts/data/mc_unet/masks/0f4ce5ef-5ecf-4c5d-b301-3b5a44e3a1c8___UF.GRC_BS_Lab Leaf 0408.png,artifacts/data/mc_unet/leaf_masks_heuristic/0f4ce5ef-5ecf-4c5d-b301-3b5a44e3a1c8___UF.GRC_BS_Lab Leaf 0408.png,source_jpg,bacterial_spot,Tomato_Bacterial_spot,256,256,6732,65536,0.10272216796875,0.10272216796875,0,0,6732,12,ok,test
0f4e562d-77ee-47c2-8ee9-34b391bc0fc3___RS_Erly.B 9434,0f4e562d-77ee-47c2-8ee9-34b391bc0fc3,0f4e562d-77ee-47c2-8ee9-34b391bc0fc3___RS_Erly.B 9434,artifacts/data/mc_unet/images/0f4e562d-77ee-47c2-8ee9-34b391bc0fc3___RS_Erly.B 9434.jpg,artifacts/data/mc_unet/masks/0f4e562d-77ee-47c2-8ee9-34b391bc0fc3___RS_Erly.B 9434.png,artifacts/data/mc_unet/leaf_masks_heuristic/0f4e562d-77ee-47c2-8ee9-34b391bc0fc3___RS_Erly.B 9434.png,source_jpg,early_blight,Tomato_Early_blight,256,256,10992,65536,0.167724609375,0.167724609375,10992,0,0,6,ok,train
0f575c94-5c7d-4058-9e65-9046572f9370___GHLB2 Leaf 8956,0f575c94-5c7d-4058-9e65-9046572f9370,0f575c94-5c7d-4058-9e65-9046572f9370___GHLB2 Leaf 8956,artifacts/data/mc_unet/images/0f575c94-5c7d-4058-9e65-9046572f9370___GHLB2 Leaf 8956.jpg,artifacts/data/mc_unet/masks/0f575c94-5c7d-4058-9e65-9046572f9370___GHLB2 Leaf 8956.png,artifacts/data/mc_unet/leaf_masks_heuristic/0f575c94-5c7d-4058-9e65-9046572f9370___GHLB2 Leaf 8956.png,source_jpg,late_blight,Tomato_Late_blight,256,256,3649,65536,0.0556793212890625,0.0556793212890625,0,3649,0,1,ok,train
0f6384da-7338-4309-b6b2-0d4b1dfe9de3___GCREC_Bact.Sp 6039,0f6384da-7338-4309-b6b2-0d4b1dfe9de3,0f6384da-7338-4309-b6b2-0d4b1dfe9de3___GCREC_Bact.Sp 6039,artifacts/data/mc_unet/images/0f6384da-7338-4309-b6b2-0d4b1dfe9de3___GCREC_Bact.Sp 6039.jpg,artifacts/data/mc_unet/masks/0f6384da-7338-4309-b6b2-0d4b1dfe9de3___GCREC_Bact.Sp 6039.png,artifacts/data/mc_unet/leaf_masks_heuristic/0f6384da-7338-4309-b6b2-0d4b1dfe9de3___GCREC_Bact.Sp 6039.png,source_jpg,bacterial_spot,Tomato_Bacterial_spot,256,256,22810,65536,0.348052978515625,0.348052978515625,0,0,22810,1,ok,train
0f67214c-eede-4292-b731-30ef1c47b7b6___RS_Late.B 4902,0f67214c-eede-4292-b731-30ef1c47b7b6,0f67214c-eede-4292-b731-30ef1c47b7b6___RS_Late.B 4902,artifacts/data/mc_unet/images/0f67214c-eede-4292-b731-30ef1c47b7b6___RS_Late.B 4902.jpg,artifacts/data/mc_unet/masks/0f67214c-eede-4292-b731-30ef1c47b7b6___RS_Late.B 4902.png,artifacts/data/mc_unet/leaf_masks_heuristic/0f67214c-eede-4292-b731-30ef1c47b7b6___RS_Late.B 4902.png,source_jpg,late_blight,Tomato_Late_blight,256,256,6608,65536,0.100830078125,0.100830078125,0,6608,0,2,ok,train
0f67214c-eede-4292-b731-30ef1c47b7b6___RS_Late.B 4902_flipLR,0f67214c-eede-4292-b731-30ef1c47b7b6,0f67214c-eede-4292-b731-30ef1c47b7b6___RS_Late.B 4902_flipLR,artifacts/data/mc_unet/images/0f67214c-eede-4292-b731-30ef1c47b7b6___RS_Late.B 4902_flipLR.jpg,artifacts/data/mc_unet/masks/0f67214c-eede-4292-b731-30ef1c47b7b6___RS_Late.B 4902_flipLR.png,artifacts/data/mc_unet/leaf_masks_heuristic/0f67214c-eede-4292-b731-30ef1c47b7b6___RS_Late.B 4902_flipLR.png,source_jpg,late_blight,Tomato_Late_blight,256,256,6492,65536,0.09906005859375,0.09906005859375,0,6492,0,2,ok,train
0f81cc91-5b9b-4061-a127-74105ebbcccf___GCREC_Bact.Sp 6305,0f81cc91-5b9b-4061-a127-74105ebbcccf,0f81cc91-5b9b-4061-a127-74105ebbcccf___GCREC_Bact.Sp 6305,artifacts/data/mc_unet/images/0f81cc91-5b9b-4061-a127-74105ebbcccf___GCREC_Bact.Sp 6305.jpg,artifacts/data/mc_unet/masks/0f81cc91-5b9b-4061-a127-74105ebbcccf___GCREC_Bact.Sp 6305.png,artifacts/data/mc_unet/leaf_masks_heuristic/0f81cc91-5b9b-4061-a127-74105ebbcccf___GCREC_Bact.Sp 6305.png,source_jpg,bacterial_spot,Tomato_Bacterial_spot,256,256,4570,65536,0.069732666015625,0.069732666015625,0,0,4570,2,ok,train
0f8887d8-24b4-4f25-bc03-d47421ab47f7___RS_Late.B 4948,0f8887d8-24b4-4f25-bc03-d47421ab47f7,0f8887d8-24b4-4f25-bc03-d47421ab47f7___RS_Late.B 4948,artifacts/data/mc_unet/images/0f8887d8-24b4-4f25-bc03-d47421ab47f7___RS_Late.B 4948.jpg,artifacts/data/mc_unet/masks/0f8887d8-24b4-4f25-bc03-d47421ab47f7___RS_Late.B 4948.png,artifacts/data/mc_unet/leaf_masks_heuristic/0f8887d8-24b4-4f25-bc03-d47421ab47f7___RS_Late.B 4948.png,source_jpg,late_blight,Tomato_Late_blight,256,256,5122,65536,0.078155517578125,0.078155517578125,0,5122,0,1,ok,train
0f8887d8-24b4-4f25-bc03-d47421ab47f7___RS_Late.B 4948_flipLR,0f8887d8-24b4-4f25-bc03-d47421ab47f7,0f8887d8-24b4-4f25-bc03-d47421ab47f7___RS_Late.B 4948_flipLR,artifacts/data/mc_unet/images/0f8887d8-24b4-4f25-bc03-d47421ab47f7___RS_Late.B 4948_flipLR.jpg,artifacts/data/mc_unet/masks/0f8887d8-24b4-4f25-bc03-d47421ab47f7___RS_Late.B 4948_flipLR.png,artifacts/data/mc_unet/leaf_masks_heuristic/0f8887d8-24b4-4f25-bc03-d47421ab47f7___RS_Late.B 4948_flipLR.png,source_jpg,late_blight,Tomato_Late_blight,256,256,5351,65536,0.0816497802734375,0.0816497802734375,0,5351,0,1,ok,train
0f952ca0-e30b-4075-8bb9-1ebccb8aeb9f___GCREC_Bact.Sp 3326,0f952ca0-e30b-4075-8bb9-1ebccb8aeb9f,0f952ca0-e30b-4075-8bb9-1ebccb8aeb9f___GCREC_Bact.Sp 3326,artifacts/data/mc_unet/images/0f952ca0-e30b-4075-8bb9-1ebccb8aeb9f___GCREC_Bact.Sp 3326.jpg,artifacts/data/mc_unet/masks/0f952ca0-e30b-4075-8bb9-1ebccb8aeb9f___GCREC_Bact.Sp 3326.png,artifacts/data/mc_unet/leaf_masks_heuristic/0f952ca0-e30b-4075-8bb9-1ebccb8aeb9f___GCREC_Bact.Sp 3326.png,source_jpg,bacterial_spot,Tomato_Bacterial_spot,256,256,14706,65536,0.224395751953125,0.224395751953125,0,0,14706,3,ok,train
0fa1b773-fe9f-4440-ab2a-cfbc39c9cd2b___RS_Late.B 6230,0fa1b773-fe9f-4440-ab2a-cfbc39c9cd2b,0fa1b773-fe9f-4440-ab2a-cfbc39c9cd2b___RS_Late.B 6230,artifacts/data/mc_unet/images/0fa1b773-fe9f-4440-ab2a-cfbc39c9cd2b___RS_Late.B 6230.jpg,artifacts/data/mc_unet/masks/0fa1b773-fe9f-4440-ab2a-cfbc39c9cd2b___RS_Late.B 6230.png,artifacts/data/mc_unet/leaf_masks_heuristic/0fa1b773-fe9f-4440-ab2a-cfbc39c9cd2b___RS_Late.B 6230.png,source_jpg,late_blight,Tomato_Late_blight,256,256,11999,65536,0.1830902099609375,0.1830902099609375,0,11999,0,2,ok,train
0fa1b773-fe9f-4440-ab2a-cfbc39c9cd2b___RS_Late.B 6230_flipLR,0fa1b773-fe9f-4440-ab2a-cfbc39c9cd2b,0fa1b773-fe9f-4440-ab2a-cfbc39c9cd2b___RS_Late.B 6230_flipLR,artifacts/data/mc_unet/images/0fa1b773-fe9f-4440-ab2a-cfbc39c9cd2b___RS_Late.B 6230_flipLR.jpg,artifacts/data/mc_unet/masks/0fa1b773-fe9f-4440-ab2a-cfbc39c9cd2b___RS_Late.B 6230_flipLR.png,artifacts/data/mc_unet/leaf_masks_heuristic/0fa1b773-fe9f-4440-ab2a-cfbc39c9cd2b___RS_Late.B 6230_flipLR.png,source_jpg,late_blight,Tomato_Late_blight,256,256,11087,65536,0.1691741943359375,0.1691741943359375,0,11087,0,2,ok,train
0fac0401-b9dc-49a0-9011-2cd3eb906107___GCREC_Bact.Sp 3144,0fac0401-b9dc-49a0-9011-2cd3eb906107,0fac0401-b9dc-49a0-9011-2cd3eb906107___GCREC_Bact.Sp 3144,artifacts/data/mc_unet/images/0fac0401-b9dc-49a0-9011-2cd3eb906107___GCREC_Bact.Sp 3144.jpg,artifacts/data/mc_unet/masks/0fac0401-b9dc-49a0-9011-2cd3eb906107___GCREC_Bact.Sp 3144.png,artifacts/data/mc_unet/leaf_masks_heuristic/0fac0401-b9dc-49a0-9011-2cd3eb906107___GCREC_Bact.Sp 3144.png,source_jpg,bacterial_spot,Tomato_Bacterial_spot,256,256,4239,65536,0.0646820068359375,0.0646820068359375,0,0,4239,7,ok,train
0fbc786c-62a7-44f3-8db8-2649809bf1aa___RS_Erly.B 9514,0fbc786c-62a7-44f3-8db8-2649809bf1aa,0fbc786c-62a7-44f3-8db8-2649809bf1aa___RS_Erly.B 9514,artifacts/data/mc_unet/images/0fbc786c-62a7-44f3-8db8-2649809bf1aa___RS_Erly.B 9514.jpg,artifacts/data/mc_unet/masks/0fbc786c-62a7-44f3-8db8-2649809bf1aa___RS_Erly.B 9514.png,artifacts/data/mc_unet/leaf_masks_heuristic/0fbc786c-62a7-44f3-8db8-2649809bf1aa___RS_Erly.B 9514.png,source_jpg,early_blight,Tomato_Early_blight,256,256,18186,65536,0.277496337890625,0.277496337890625,18186,0,0,8,ok,test
0fca6d09-1931-4767-a195-1dd2b7cd10b7___GHLB Leaf 8 Day 12,0fca6d09-1931-4767-a195-1dd2b7cd10b7,0fca6d09-1931-4767-a195-1dd2b7cd10b7___GHLB Leaf 8 Day 12,artifacts/data/mc_unet/images/0fca6d09-1931-4767-a195-1dd2b7cd10b7___GHLB Leaf 8 Day 12.jpg,artifacts/data/mc_unet/masks/0fca6d09-1931-4767-a195-1dd2b7cd10b7___GHLB Leaf 8 Day 12.png,artifacts/data/mc_unet/leaf_masks_heuristic/0fca6d09-1931-4767-a195-1dd2b7cd10b7___GHLB Leaf 8 Day 12.png,source_jpg,late_blight,Tomato_Late_blight,256,256,593,65536,0.0090484619140625,0.0090484619140625,0,593,0,5,ok,train
0fca6d09-1931-4767-a195-1dd2b7cd10b7___GHLB Leaf 8 Day 12_flipLR,0fca6d09-1931-4767-a195-1dd2b7cd10b7,0fca6d09-1931-4767-a195-1dd2b7cd10b7___GHLB Leaf 8 Day 12_flipLR,artifacts/data/mc_unet/images/0fca6d09-1931-4767-a195-1dd2b7cd10b7___GHLB Leaf 8 Day 12_flipLR.jpg,artifacts/data/mc_unet/masks/0fca6d09-1931-4767-a195-1dd2b7cd10b7___GHLB Leaf 8 Day 12_flipLR.png,artifacts/data/mc_unet/leaf_masks_heuristic/0fca6d09-1931-4767-a195-1dd2b7cd10b7___GHLB Leaf 8 Day 12_flipLR.png,source_jpg,late_blight,Tomato_Late_blight,256,256,383,65536,0.0058441162109375,0.0058441162109375,0,383,0,2,ok,train
0fd882fa-471d-4bcc-ab2b-efdfaf904bc3___GHLB2 Leaf 8915,0fd882fa-471d-4bcc-ab2b-efdfaf904bc3,0fd882fa-471d-4bcc-ab2b-efdfaf904bc3___GHLB2 Leaf 8915,artifacts/data/mc_unet/images/0fd882fa-471d-4bcc-ab2b-efdfaf904bc3___GHLB2 Leaf 8915.jpg,artifacts/data/mc_unet/masks/0fd882fa-471d-4bcc-ab2b-efdfaf904bc3___GHLB2 Leaf 8915.png,artifacts/data/mc_unet/leaf_masks_heuristic/0fd882fa-471d-4bcc-ab2b-efdfaf904bc3___GHLB2 Leaf 8915.png,source_jpg,late_blight,Tomato_Late_blight,256,256,6670,65536,0.101776123046875,0.101776123046875,0,6670,0,2,ok,train
0fd882fa-471d-4bcc-ab2b-efdfaf904bc3___GHLB2 Leaf 8915_flipLR,0fd882fa-471d-4bcc-ab2b-efdfaf904bc3,0fd882fa-471d-4bcc-ab2b-efdfaf904bc3___GHLB2 Leaf 8915_flipLR,artifacts/data/mc_unet/images/0fd882fa-471d-4bcc-ab2b-efdfaf904bc3___GHLB2 Leaf 8915_flipLR.jpg,artifacts/data/mc_unet/masks/0fd882fa-471d-4bcc-ab2b-efdfaf904bc3___GHLB2 Leaf 8915_flipLR.png,artifacts/data/mc_unet/leaf_masks_heuristic/0fd882fa-471d-4bcc-ab2b-efdfaf904bc3___GHLB2 Leaf 8915_flipLR.png,source_jpg,late_blight,Tomato_Late_blight,256,256,7580,65536,0.11566162109375,0.11566162109375,0,7580,0,2,ok,train
0ff228a7-60f4-47f0-b1a3-96969a63105f___GCREC_Bact.Sp 6056,0ff228a7-60f4-47f0-b1a3-96969a63105f,0ff228a7-60f4-47f0-b1a3-96969a63105f___GCREC_Bact.Sp 6056,artifacts/data/mc_unet/images/0ff228a7-60f4-47f0-b1a3-96969a63105f___GCREC_Bact.Sp 6056.jpg,artifacts/data/mc_unet/masks/0ff228a7-60f4-47f0-b1a3-96969a63105f___GCREC_Bact.Sp 6056.png,artifacts/data/mc_unet/leaf_masks_heuristic/0ff228a7-60f4-47f0-b1a3-96969a63105f___GCREC_Bact.Sp 6056.png,source_jpg,bacterial_spot,Tomato_Bacterial_spot,256,256,6345,65536,0.0968170166015625,0.0968170166015625,0,0,6345,7,ok,train
10a46a0b-debe-49f9-8562-c7c81855160e___RS_Erly.B 6339,10a46a0b-debe-49f9-8562-c7c81855160e,10a46a0b-debe-49f9-8562-c7c81855160e___RS_Erly.B 6339,artifacts/data/mc_unet/images/10a46a0b-debe-49f9-8562-c7c81855160e___RS_Erly.B 6339.jpg,artifacts/data/mc_unet/masks/10a46a0b-debe-49f9-8562-c7c81855160e___RS_Erly.B 6339.png,artifacts/data/mc_unet/leaf_masks_heuristic/10a46a0b-debe-49f9-8562-c7c81855160e___RS_Erly.B 6339.png,source_jpg,early_blight,Tomato_Early_blight,256,256,4263,65536,0.0650482177734375,0.0650482177734375,4263,0,0,4,ok,train
10c1d7a4-bd14-4961-9b96-c7047589eccd___RS_Erly.B 7552,10c1d7a4-bd14-4961-9b96-c7047589eccd,10c1d7a4-bd14-4961-9b96-c7047589eccd___RS_Erly.B 7552,artifacts/data/mc_unet/images/10c1d7a4-bd14-4961-9b96-c7047589eccd___RS_Erly.B 7552.jpg,artifacts/data/mc_unet/masks/10c1d7a4-bd14-4961-9b96-c7047589eccd___RS_Erly.B 7552.png,artifacts/data/mc_unet/leaf_masks_heuristic/10c1d7a4-bd14-4961-9b96-c7047589eccd___RS_Erly.B 7552.png,source_jpg,early_blight,Tomato_Early_blight,256,256,4356,65536,0.06646728515625,0.06646728515625,4356,0,0,2,ok,train
10fedb70-9786-4623-a32b-97a622037511___RS_Erly.B 7796,10fedb70-9786-4623-a32b-97a622037511,10fedb70-9786-4623-a32b-97a622037511___RS_Erly.B 7796,artifacts/data/mc_unet/images/10fedb70-9786-4623-a32b-97a622037511___RS_Erly.B 7796.jpg,artifacts/data/mc_unet/masks/10fedb70-9786-4623-a32b-97a622037511___RS_Erly.B 7796.png,artifacts/data/mc_unet/leaf_masks_heuristic/10fedb70-9786-4623-a32b-97a622037511___RS_Erly.B 7796.png,source_jpg,early_blight,Tomato_Early_blight,256,256,7452,65536,0.11370849609375,0.11370849609375,7452,0,0,9,ok,train
11f247d4-f87a-4273-bb9a-317e17916a75___RS_Erly.B 9470,11f247d4-f87a-4273-bb9a-317e17916a75,11f247d4-f87a-4273-bb9a-317e17916a75___RS_Erly.B 9470,artifacts/data/mc_unet/images/11f247d4-f87a-4273-bb9a-317e17916a75___RS_Erly.B 9470.jpg,artifacts/data/mc_unet/masks/11f247d4-f87a-4273-bb9a-317e17916a75___RS_Erly.B 9470.png,artifacts/data/mc_unet/leaf_masks_heuristic/11f247d4-f87a-4273-bb9a-317e17916a75___RS_Erly.B 9470.png,source_jpg,early_blight,Tomato_Early_blight,256,256,24311,65536,0.3709564208984375,0.3709564208984375,24311,0,0,1,ok,train
12c1c25b-6809-45d8-9a20-969de7860b5d___RS_Erly.B 6372,12c1c25b-6809-45d8-9a20-969de7860b5d,12c1c25b-6809-45d8-9a20-969de7860b5d___RS_Erly.B 6372,artifacts/data/mc_unet/images/12c1c25b-6809-45d8-9a20-969de7860b5d___RS_Erly.B 6372.jpg,artifacts/data/mc_unet/masks/12c1c25b-6809-45d8-9a20-969de7860b5d___RS_Erly.B 6372.png,artifacts/data/mc_unet/leaf_masks_heuristic/12c1c25b-6809-45d8-9a20-969de7860b5d___RS_Erly.B 6372.png,source_jpg,early_blight,Tomato_Early_blight,256,256,4124,65536,0.06292724609375,0.06292724609375,4124,0,0,10,ok,train
13c87a78-0a62-4aff-b6f3-fcbf1a8323e6___RS_Erly.B 9612,13c87a78-0a62-4aff-b6f3-fcbf1a8323e6,13c87a78-0a62-4aff-b6f3-fcbf1a8323e6___RS_Erly.B 9612,artifacts/data/mc_unet/images/13c87a78-0a62-4aff-b6f3-fcbf1a8323e6___RS_Erly.B 9612.jpg,artifacts/data/mc_unet/masks/13c87a78-0a62-4aff-b6f3-fcbf1a8323e6___RS_Erly.B 9612.png,artifacts/data/mc_unet/leaf_masks_heuristic/13c87a78-0a62-4aff-b6f3-fcbf1a8323e6___RS_Erly.B 9612.png,source_jpg,early_blight,Tomato_Early_blight,256,256,577,65536,0.0088043212890625,0.0088043212890625,577,0,0,3,ok,val
13e96f82-68c6-4331-9b05-92a6767a400b___RS_Erly.B 9502,13e96f82-68c6-4331-9b05-92a6767a400b,13e96f82-68c6-4331-9b05-92a6767a400b___RS_Erly.B 9502,artifacts/data/mc_unet/images/13e96f82-68c6-4331-9b05-92a6767a400b___RS_Erly.B 9502.jpg,artifacts/data/mc_unet/masks/13e96f82-68c6-4331-9b05-92a6767a400b___RS_Erly.B 9502.png,artifacts/data/mc_unet/leaf_masks_heuristic/13e96f82-68c6-4331-9b05-92a6767a400b___RS_Erly.B 9502.png,source_jpg,early_blight,Tomato_Early_blight,256,256,6051,65536,0.0923309326171875,0.0923309326171875,6051,0,0,7,ok,train
16ae1b64-2954-4135-bea5-d599ba56740c___RS_Erly.B 7649,16ae1b64-2954-4135-bea5-d599ba56740c,16ae1b64-2954-4135-bea5-d599ba56740c___RS_Erly.B 7649,artifacts/data/mc_unet/images/16ae1b64-2954-4135-bea5-d599ba56740c___RS_Erly.B 7649.jpg,artifacts/data/mc_unet/masks/16ae1b64-2954-4135-bea5-d599ba56740c___RS_Erly.B 7649.png,artifacts/data/mc_unet/leaf_masks_heuristic/16ae1b64-2954-4135-bea5-d599ba56740c___RS_Erly.B 7649.png,source_jpg,early_blight,Tomato_Early_blight,256,256,13574,65536,0.207122802734375,0.207122802734375,13574,0,0,4,ok,train
16c7ab4c-6940-41e9-854f-d1a9a99325ce___RS_Erly.B 8216,16c7ab4c-6940-41e9-854f-d1a9a99325ce,16c7ab4c-6940-41e9-854f-d1a9a99325ce___RS_Erly.B 8216,artifacts/data/mc_unet/images/16c7ab4c-6940-41e9-854f-d1a9a99325ce___RS_Erly.B 8216.jpg,artifacts/data/mc_unet/masks/16c7ab4c-6940-41e9-854f-d1a9a99325ce___RS_Erly.B 8216.png,artifacts/data/mc_unet/leaf_masks_heuristic/16c7ab4c-6940-41e9-854f-d1a9a99325ce___RS_Erly.B 8216.png,source_jpg,early_blight,Tomato_Early_blight,256,256,4412,65536,0.06732177734375,0.06732177734375,4412,0,0,4,ok,train
16ce3799-ff03-4724-8c99-48a4243a6ff9___RS_Erly.B 9565,16ce3799-ff03-4724-8c99-48a4243a6ff9,16ce3799-ff03-4724-8c99-48a4243a6ff9___RS_Erly.B 9565,artifacts/data/mc_unet/images/16ce3799-ff03-4724-8c99-48a4243a6ff9___RS_Erly.B 9565.jpg,artifacts/data/mc_unet/masks/16ce3799-ff03-4724-8c99-48a4243a6ff9___RS_Erly.B 9565.png,artifacts/data/mc_unet/leaf_masks_heuristic/16ce3799-ff03-4724-8c99-48a4243a6ff9___RS_Erly.B 9565.png,source_jpg,early_blight,Tomato_Early_blight,256,256,23061,65536,0.3518829345703125,0.3518829345703125,23061,0,0,1,ok,train
16dcb9cd-05ab-46d3-b76e-d19c16077a6a___RS_Erly.B 8345,16dcb9cd-05ab-46d3-b76e-d19c16077a6a,16dcb9cd-05ab-46d3-b76e-d19c16077a6a___RS_Erly.B 8345,artifacts/data/mc_unet/images/16dcb9cd-05ab-46d3-b76e-d19c16077a6a___RS_Erly.B 8345.jpg,artifacts/data/mc_unet/masks/16dcb9cd-05ab-46d3-b76e-d19c16077a6a___RS_Erly.B 8345.png,artifacts/data/mc_unet/leaf_masks_heuristic/16dcb9cd-05ab-46d3-b76e-d19c16077a6a___RS_Erly.B 8345.png,source_jpg,early_blight,Tomato_Early_blight,256,256,30193,65536,0.4607086181640625,0.4607086181640625,30193,0,0,4,ok,train
17a09abf-ee69-4d46-ac80-f8608d799b19___RS_Erly.B 7451,17a09abf-ee69-4d46-ac80-f8608d799b19,17a09abf-ee69-4d46-ac80-f8608d799b19___RS_Erly.B 7451,artifacts/data/mc_unet/images/17a09abf-ee69-4d46-ac80-f8608d799b19___RS_Erly.B 7451.jpg,artifacts/data/mc_unet/masks/17a09abf-ee69-4d46-ac80-f8608d799b19___RS_Erly.B 7451.png,artifacts/data/mc_unet/leaf_masks_heuristic/17a09abf-ee69-4d46-ac80-f8608d799b19___RS_Erly.B 7451.png,source_jpg,early_blight,Tomato_Early_blight,256,256,819,65536,0.0124969482421875,0.0124969482421875,819,0,0,1,ok,train
18d8f15c-4948-4506-ae09-54169f95cf36___RS_Erly.B 7496,18d8f15c-4948-4506-ae09-54169f95cf36,18d8f15c-4948-4506-ae09-54169f95cf36___RS_Erly.B 7496,artifacts/data/mc_unet/images/18d8f15c-4948-4506-ae09-54169f95cf36___RS_Erly.B 7496.jpg,artifacts/data/mc_unet/masks/18d8f15c-4948-4506-ae09-54169f95cf36___RS_Erly.B 7496.png,artifacts/data/mc_unet/leaf_masks_heuristic/18d8f15c-4948-4506-ae09-54169f95cf36___RS_Erly.B 7496.png,source_jpg,early_blight,Tomato_Early_blight,256,256,9473,65536,0.1445465087890625,0.1445465087890625,9473,0,0,3,ok,train
18ec9a60-a4e3-4dd7-805f-fe9eaf526c2f___RS_Erly.B 8405,18ec9a60-a4e3-4dd7-805f-fe9eaf526c2f,18ec9a60-a4e3-4dd7-805f-fe9eaf526c2f___RS_Erly.B 8405,artifacts/data/mc_unet/images/18ec9a60-a4e3-4dd7-805f-fe9eaf526c2f___RS_Erly.B 8405.jpg,artifacts/data/mc_unet/masks/18ec9a60-a4e3-4dd7-805f-fe9eaf526c2f___RS_Erly.B 8405.png,artifacts/data/mc_unet/leaf_masks_heuristic/18ec9a60-a4e3-4dd7-805f-fe9eaf526c2f___RS_Erly.B 8405.png,source_jpg,early_blight,Tomato_Early_blight,256,256,33679,65536,0.5139007568359375,0.5139007568359375,33679,0,0,3,ok,train
1a017b74-a549-433b-979b-3e3ace67b50d___GCREC_Bact.Sp 5715,1a017b74-a549-433b-979b-3e3ace67b50d,1a017b74-a549-433b-979b-3e3ace67b50d___GCREC_Bact.Sp 5715,artifacts/data/mc_unet/images/1a017b74-a549-433b-979b-3e3ace67b50d___GCREC_Bact.Sp 5715.jpg,artifacts/data/mc_unet/masks/1a017b74-a549-433b-979b-3e3ace67b50d___GCREC_Bact.Sp 5715.png,artifacts/data/mc_unet/leaf_masks_heuristic/1a017b74-a549-433b-979b-3e3ace67b50d___GCREC_Bact.Sp 5715.png,source_jpg,bacterial_spot,Tomato_Bacterial_spot,256,256,836,65536,0.01275634765625,0.01275634765625,0,0,836,2,ok,train
1a067cc9-cf70-41a5-a51c-aa0f6b8a936d___UF.GRC_BS_Lab Leaf 0327,1a067cc9-cf70-41a5-a51c-aa0f6b8a936d,1a067cc9-cf70-41a5-a51c-aa0f6b8a936d___UF.GRC_BS_Lab Leaf 0327,artifacts/data/mc_unet/images/1a067cc9-cf70-41a5-a51c-aa0f6b8a936d___UF.GRC_BS_Lab Leaf 0327.jpg,artifacts/data/mc_unet/masks/1a067cc9-cf70-41a5-a51c-aa0f6b8a936d___UF.GRC_BS_Lab Leaf 0327.png,artifacts/data/mc_unet/leaf_masks_heuristic/1a067cc9-cf70-41a5-a51c-aa0f6b8a936d___UF.GRC_BS_Lab Leaf 0327.png,source_jpg,bacterial_spot,Tomato_Bacterial_spot,256,256,12669,65536,0.1933135986328125,0.1933135986328125,0,0,12669,1,ok,train
1a33a1fd-d077-4cf6-84ac-7825176e25d2___GHLB2 Leaf 8969,1a33a1fd-d077-4cf6-84ac-7825176e25d2,1a33a1fd-d077-4cf6-84ac-7825176e25d2___GHLB2 Leaf 8969,artifacts/data/mc_unet/images/1a33a1fd-d077-4cf6-84ac-7825176e25d2___GHLB2 Leaf 8969.jpg,artifacts/data/mc_unet/masks/1a33a1fd-d077-4cf6-84ac-7825176e25d2___GHLB2 Leaf 8969.png,artifacts/data/mc_unet/leaf_masks_heuristic/1a33a1fd-d077-4cf6-84ac-7825176e25d2___GHLB2 Leaf 8969.png,source_jpg,late_blight,Tomato_Late_blight,256,256,2262,65536,0.034515380859375,0.034515380859375,0,2262,0,3,ok,train
1a473cad-42fc-48ca-963c-d438fbca928f___RS_Late.B 5418,1a473cad-42fc-48ca-963c-d438fbca928f,1a473cad-42fc-48ca-963c-d438fbca928f___RS_Late.B 5418,artifacts/data/mc_unet/images/1a473cad-42fc-48ca-963c-d438fbca928f___RS_Late.B 5418.jpg,artifacts/data/mc_unet/masks/1a473cad-42fc-48ca-963c-d438fbca928f___RS_Late.B 5418.png,artifacts/data/mc_unet/leaf_masks_heuristic/1a473cad-42fc-48ca-963c-d438fbca928f___RS_Late.B 5418.png,source_jpg,late_blight,Tomato_Late_blight,256,256,24750,65536,0.377655029296875,0.377655029296875,0,24750,0,1,ok,train
1a473cad-42fc-48ca-963c-d438fbca928f___RS_Late.B 5418_flipLR,1a473cad-42fc-48ca-963c-d438fbca928f,1a473cad-42fc-48ca-963c-d438fbca928f___RS_Late.B 5418_flipLR,artifacts/data/mc_unet/images/1a473cad-42fc-48ca-963c-d438fbca928f___RS_Late.B 5418_flipLR.jpg,artifacts/data/mc_unet/masks/1a473cad-42fc-48ca-963c-d438fbca928f___RS_Late.B 5418_flipLR.png,artifacts/data/mc_unet/leaf_masks_heuristic/1a473cad-42fc-48ca-963c-d438fbca928f___RS_Late.B 5418_flipLR.png,source_jpg,late_blight,Tomato_Late_blight,256,256,25066,65536,0.382476806640625,0.382476806640625,0,25066,0,1,ok,train
1a47b569-a868-4a45-ad81-eec12a9dae7a___GCREC_Bact.Sp 6148,1a47b569-a868-4a45-ad81-eec12a9dae7a,1a47b569-a868-4a45-ad81-eec12a9dae7a___GCREC_Bact.Sp 6148,artifacts/data/mc_unet/images/1a47b569-a868-4a45-ad81-eec12a9dae7a___GCREC_Bact.Sp 6148.jpg,artifacts/data/mc_unet/masks/1a47b569-a868-4a45-ad81-eec12a9dae7a___GCREC_Bact.Sp 6148.png,artifacts/data/mc_unet/leaf_masks_heuristic/1a47b569-a868-4a45-ad81-eec12a9dae7a___GCREC_Bact.Sp 6148.png,source_jpg,bacterial_spot,Tomato_Bacterial_spot,256,256,6198,65536,0.094573974609375,0.094573974609375,0,0,6198,2,ok,train
1a50d84b-c015-45ea-a041-500d5adcc339___UF.GRC_BS_Lab Leaf 8773,1a50d84b-c015-45ea-a041-500d5adcc339,1a50d84b-c015-45ea-a041-500d5adcc339___UF.GRC_BS_Lab Leaf 8773,artifacts/data/mc_unet/images/1a50d84b-c015-45ea-a041-500d5adcc339___UF.GRC_BS_Lab Leaf 8773.jpg,artifacts/data/mc_unet/masks/1a50d84b-c015-45ea-a041-500d5adcc339___UF.GRC_BS_Lab Leaf 8773.png,artifacts/data/mc_unet/leaf_masks_heuristic/1a50d84b-c015-45ea-a041-500d5adcc339___UF.GRC_BS_Lab Leaf 8773.png,source_jpg,bacterial_spot,Tomato_Bacterial_spot,256,256,4055,65536,0.0618743896484375,0.0618743896484375,0,0,4055,4,ok,train
1a570997-ffc2-4166-a436-8f6a7facd3fc___GCREC_Bact.Sp 3227,1a570997-ffc2-4166-a436-8f6a7facd3fc,1a570997-ffc2-4166-a436-8f6a7facd3fc___GCREC_Bact.Sp 3227,artifacts/data/mc_unet/images/1a570997-ffc2-4166-a436-8f6a7facd3fc___GCREC_Bact.Sp 3227.jpg,artifacts/data/mc_unet/masks/1a570997-ffc2-4166-a436-8f6a7facd3fc___GCREC_Bact.Sp 3227.png,artifacts/data/mc_unet/leaf_masks_heuristic/1a570997-ffc2-4166-a436-8f6a7facd3fc___GCREC_Bact.Sp 3227.png,source_jpg,bacterial_spot,Tomato_Bacterial_spot,256,256,7671,65536,0.1170501708984375,0.1170501708984375,0,0,7671,5,ok,train
1a69b38b-c4eb-42c4-9584-bcb14fb8db0c___GHLB2 Leaf 9011,1a69b38b-c4eb-42c4-9584-bcb14fb8db0c,1a69b38b-c4eb-42c4-9584-bcb14fb8db0c___GHLB2 Leaf 9011,artifacts/data/mc_unet/images/1a69b38b-c4eb-42c4-9584-bcb14fb8db0c___GHLB2 Leaf 9011.jpg,artifacts/data/mc_unet/masks/1a69b38b-c4eb-42c4-9584-bcb14fb8db0c___GHLB2 Leaf 9011.png,artifacts/data/mc_unet/leaf_masks_heuristic/1a69b38b-c4eb-42c4-9584-bcb14fb8db0c___GHLB2 Leaf 9011.png,source_jpg,late_blight,Tomato_Late_blight,256,256,1579,65536,0.0240936279296875,0.0240936279296875,0,1579,0,2,ok,train
1a69b38b-c4eb-42c4-9584-bcb14fb8db0c___GHLB2 Leaf 9011_flipLR,1a69b38b-c4eb-42c4-9584-bcb14fb8db0c,1a69b38b-c4eb-42c4-9584-bcb14fb8db0c___GHLB2 Leaf 9011_flipLR,artifacts/data/mc_unet/images/1a69b38b-c4eb-42c4-9584-bcb14fb8db0c___GHLB2 Leaf 9011_flipLR.jpg,artifacts/data/mc_unet/masks/1a69b38b-c4eb-42c4-9584-bcb14fb8db0c___GHLB2 Leaf 9011_flipLR.png,artifacts/data/mc_unet/leaf_masks_heuristic/1a69b38b-c4eb-42c4-9584-bcb14fb8db0c___GHLB2 Leaf 9011_flipLR.png,source_jpg,late_blight,Tomato_Late_blight,256,256,1613,65536,0.0246124267578125,0.0246124267578125,0,1613,0,2,ok,train
1a83cb1d-6e47-4caf-931f-61ecad37dca4___GCREC_Bact.Sp 6167,1a83cb1d-6e47-4caf-931f-61ecad37dca4,1a83cb1d-6e47-4caf-931f-61ecad37dca4___GCREC_Bact.Sp 6167,artifacts/data/mc_unet/images/1a83cb1d-6e47-4caf-931f-61ecad37dca4___GCREC_Bact.Sp 6167.jpg,artifacts/data/mc_unet/masks/1a83cb1d-6e47-4caf-931f-61ecad37dca4___GCREC_Bact.Sp 6167.png,artifacts/data/mc_unet/leaf_masks_heuristic/1a83cb1d-6e47-4caf-931f-61ecad37dca4___GCREC_Bact.Sp 6167.png,source_jpg,bacterial_spot,Tomato_Bacterial_spot,256,256,3358,65536,0.051239013671875,0.051239013671875,0,0,3358,3,ok,val
1a895389-ec7f-4622-afaf-9afe6c16a26a___RS_Late.B 5172,1a895389-ec7f-4622-afaf-9afe6c16a26a,1a895389-ec7f-4622-afaf-9afe6c16a26a___RS_Late.B 5172,artifacts/data/mc_unet/images/1a895389-ec7f-4622-afaf-9afe6c16a26a___RS_Late.B 5172.jpg,artifacts/data/mc_unet/masks/1a895389-ec7f-4622-afaf-9afe6c16a26a___RS_Late.B 5172.png,artifacts/data/mc_unet/leaf_masks_heuristic/1a895389-ec7f-4622-afaf-9afe6c16a26a___RS_Late.B 5172.png,source_jpg,late_blight,Tomato_Late_blight,256,256,3237,65536,0.0493927001953125,0.0493927001953125,0,3237,0,1,ok,train
1a895389-ec7f-4622-afaf-9afe6c16a26a___RS_Late.B 5172_flipLR,1a895389-ec7f-4622-afaf-9afe6c16a26a,1a895389-ec7f-4622-afaf-9afe6c16a26a___RS_Late.B 5172_flipLR,artifacts/data/mc_unet/images/1a895389-ec7f-4622-afaf-9afe6c16a26a___RS_Late.B 5172_flipLR.jpg,artifacts/data/mc_unet/masks/1a895389-ec7f-4622-afaf-9afe6c16a26a___RS_Late.B 5172_flipLR.png,artifacts/data/mc_unet/leaf_masks_heuristic/1a895389-ec7f-4622-afaf-9afe6c16a26a___RS_Late.B 5172_flipLR.png,source_jpg,late_blight,Tomato_Late_blight,256,256,3269,65536,0.0498809814453125,0.0498809814453125,0,3269,0,1,ok,train
1a8bd88f-309f-4392-b387-7cb423ef0ab6___RS_Erly.B 7366,1a8bd88f-309f-4392-b387-7cb423ef0ab6,1a8bd88f-309f-4392-b387-7cb423ef0ab6___RS_Erly.B 7366,artifacts/data/mc_unet/images/1a8bd88f-309f-4392-b387-7cb423ef0ab6___RS_Erly.B 7366.jpg,artifacts/data/mc_unet/masks/1a8bd88f-309f-4392-b387-7cb423ef0ab6___RS_Erly.B 7366.png,artifacts/data/mc_unet/leaf_masks_heuristic/1a8bd88f-309f-4392-b387-7cb423ef0ab6___RS_Erly.B 7366.png,source_jpg,early_blight,Tomato_Early_blight,256,256,8374,65536,0.127777099609375,0.127777099609375,8374,0,0,11,ok,train
1a9a2cbf-75f3-4dd9-93ef-3d3c58e97d06___GHLB2 Leaf 8666,1a9a2cbf-75f3-4dd9-93ef-3d3c58e97d06,1a9a2cbf-75f3-4dd9-93ef-3d3c58e97d06___GHLB2 Leaf 8666,artifacts/data/mc_unet/images/1a9a2cbf-75f3-4dd9-93ef-3d3c58e97d06___GHLB2 Leaf 8666.jpg,artifacts/data/mc_unet/masks/1a9a2cbf-75f3-4dd9-93ef-3d3c58e97d06___GHLB2 Leaf 8666.png,artifacts/data/mc_unet/leaf_masks_heuristic/1a9a2cbf-75f3-4dd9-93ef-3d3c58e97d06___GHLB2 Leaf 8666.png,source_jpg,late_blight,Tomato_Late_blight,256,256,1258,65536,0.019195556640625,0.019195556640625,0,1258,0,1,ok,train
1a9a2cbf-75f3-4dd9-93ef-3d3c58e97d06___GHLB2 Leaf 8666_flipLR,1a9a2cbf-75f3-4dd9-93ef-3d3c58e97d06,1a9a2cbf-75f3-4dd9-93ef-3d3c58e97d06___GHLB2 Leaf 8666_flipLR,artifacts/data/mc_unet/images/1a9a2cbf-75f3-4dd9-93ef-3d3c58e97d06___GHLB2 Leaf 8666_flipLR.jpg,artifacts/data/mc_unet/masks/1a9a2cbf-75f3-4dd9-93ef-3d3c58e97d06___GHLB2 Leaf 8666_flipLR.png,artifacts/data/mc_unet/leaf_masks_heuristic/1a9a2cbf-75f3-4dd9-93ef-3d3c58e97d06___GHLB2 Leaf 8666_flipLR.png,source_jpg,late_blight,Tomato_Late_blight,256,256,1242,65536,0.018951416015625,0.018951416015625,0,1242,0,1,ok,train
1aa4ebf9-7329-4108-94f6-8b6e9592d690___GHLB2 Leaf 98.1,1aa4ebf9-7329-4108-94f6-8b6e9592d690,1aa4ebf9-7329-4108-94f6-8b6e9592d690___GHLB2 Leaf 98.1,artifacts/data/mc_unet/images/1aa4ebf9-7329-4108-94f6-8b6e9592d690___GHLB2 Leaf 98.1.jpg,artifacts/data/mc_unet/masks/1aa4ebf9-7329-4108-94f6-8b6e9592d690___GHLB2 Leaf 98.1.png,artifacts/data/mc_unet/leaf_masks_heuristic/1aa4ebf9-7329-4108-94f6-8b6e9592d690___GHLB2 Leaf 98.1.png,source_jpg,late_blight,Tomato_Late_blight,256,256,6028,65536,0.09197998046875,0.09197998046875,0,6028,0,3,ok,train
1aa4ebf9-7329-4108-94f6-8b6e9592d690___GHLB2 Leaf 98.1_flipLR,1aa4ebf9-7329-4108-94f6-8b6e9592d690,1aa4ebf9-7329-4108-94f6-8b6e9592d690___GHLB2 Leaf 98.1_flipLR,artifacts/data/mc_unet/images/1aa4ebf9-7329-4108-94f6-8b6e9592d690___GHLB2 Leaf 98.1_flipLR.jpg,artifacts/data/mc_unet/masks/1aa4ebf9-7329-4108-94f6-8b6e9592d690___GHLB2 Leaf 98.1_flipLR.png,artifacts/data/mc_unet/leaf_masks_heuristic/1aa4ebf9-7329-4108-94f6-8b6e9592d690___GHLB2 Leaf 98.1_flipLR.png,source_jpg,late_blight,Tomato_Late_blight,256,256,5574,65536,0.085052490234375,0.085052490234375,0,5574,0,4,ok,train
1aa88c5b-384f-43cf-8046-0d32d26a1133___GHLB Leaf 24 Day 12,1aa88c5b-384f-43cf-8046-0d32d26a1133,1aa88c5b-384f-43cf-8046-0d32d26a1133___GHLB Leaf 24 Day 12,artifacts/data/mc_unet/images/1aa88c5b-384f-43cf-8046-0d32d26a1133___GHLB Leaf 24 Day 12.jpg,artifacts/data/mc_unet/masks/1aa88c5b-384f-43cf-8046-0d32d26a1133___GHLB Leaf 24 Day 12.png,artifacts/data/mc_unet/leaf_masks_heuristic/1aa88c5b-384f-43cf-8046-0d32d26a1133___GHLB Leaf 24 Day 12.png,source_jpg,late_blight,Tomato_Late_blight,256,256,13448,65536,0.2052001953125,0.2052001953125,0,13448,0,2,ok,train
1aa88c5b-384f-43cf-8046-0d32d26a1133___GHLB Leaf 24 Day 12_flipLR,1aa88c5b-384f-43cf-8046-0d32d26a1133,1aa88c5b-384f-43cf-8046-0d32d26a1133___GHLB Leaf 24 Day 12_flipLR,artifacts/data/mc_unet/images/1aa88c5b-384f-43cf-8046-0d32d26a1133___GHLB Leaf 24 Day 12_flipLR.jpg,artifacts/data/mc_unet/masks/1aa88c5b-384f-43cf-8046-0d32d26a1133___GHLB Leaf 24 Day 12_flipLR.png,artifacts/data/mc_unet/leaf_masks_heuristic/1aa88c5b-384f-43cf-8046-0d32d26a1133___GHLB Leaf 24 Day 12_flipLR.png,source_jpg,late_blight,Tomato_Late_blight,256,256,14523,65536,0.2216033935546875,0.2216033935546875,0,14523,0,2,ok,train
1ab30bde-88a4-4e29-855e-fa7a6ec1e226___RS_Late.B 5145_flipLR,1ab30bde-88a4-4e29-855e-fa7a6ec1e226,1ab30bde-88a4-4e29-855e-fa7a6ec1e226___RS_Late.B 5145_flipLR,artifacts/data/mc_unet/images/1ab30bde-88a4-4e29-855e-fa7a6ec1e226___RS_Late.B 5145_flipLR.jpg,artifacts/data/mc_unet/masks/1ab30bde-88a4-4e29-855e-fa7a6ec1e226___RS_Late.B 5145_flipLR.png,artifacts/data/mc_unet/leaf_masks_heuristic/1ab30bde-88a4-4e29-855e-fa7a6ec1e226___RS_Late.B 5145_flipLR.png,source_jpg,late_blight,Tomato_Late_blight,256,256,7974,65536,0.121673583984375,0.121673583984375,0,7974,0,1,ok,train
1abfbe87-b6e5-4da0-85e9-13980c67fd03___GCREC_Bact.Sp 3295,1abfbe87-b6e5-4da0-85e9-13980c67fd03,1abfbe87-b6e5-4da0-85e9-13980c67fd03___GCREC_Bact.Sp 3295,artifacts/data/mc_unet/images/1abfbe87-b6e5-4da0-85e9-13980c67fd03___GCREC_Bact.Sp 3295.jpg,artifacts/data/mc_unet/masks/1abfbe87-b6e5-4da0-85e9-13980c67fd03___GCREC_Bact.Sp 3295.png,artifacts/data/mc_unet/leaf_masks_heuristic/1abfbe87-b6e5-4da0-85e9-13980c67fd03___GCREC_Bact.Sp 3295.png,source_jpg,bacterial_spot,Tomato_Bacterial_spot,256,256,6117,65536,0.0933380126953125,0.0933380126953125,0,0,6117,1,ok,train
1ac4f6ea-d2d0-4b94-93f0-788a5e92fe90___GHLB2 Leaf 8707,1ac4f6ea-d2d0-4b94-93f0-788a5e92fe90,1ac4f6ea-d2d0-4b94-93f0-788a5e92fe90___GHLB2 Leaf 8707,artifacts/data/mc_unet/images/1ac4f6ea-d2d0-4b94-93f0-788a5e92fe90___GHLB2 Leaf 8707.jpg,artifacts/data/mc_unet/masks/1ac4f6ea-d2d0-4b94-93f0-788a5e92fe90___GHLB2 Leaf 8707.png,artifacts/data/mc_unet/leaf_masks_heuristic/1ac4f6ea-d2d0-4b94-93f0-788a5e92fe90___GHLB2 Leaf 8707.png,source_jpg,late_blight,Tomato_Late_blight,256,256,4988,65536,0.07611083984375,0.07611083984375,0,4988,0,2,ok,train
1ac4f6ea-d2d0-4b94-93f0-788a5e92fe90___GHLB2 Leaf 8707_flipLR,1ac4f6ea-d2d0-4b94-93f0-788a5e92fe90,1ac4f6ea-d2d0-4b94-93f0-788a5e92fe90___GHLB2 Leaf 8707_flipLR,artifacts/data/mc_unet/images/1ac4f6ea-d2d0-4b94-93f0-788a5e92fe90___GHLB2 Leaf 8707_flipLR.jpg,artifacts/data/mc_unet/masks/1ac4f6ea-d2d0-4b94-93f0-788a5e92fe90___GHLB2 Leaf 8707_flipLR.png,artifacts/data/mc_unet/leaf_masks_heuristic/1ac4f6ea-d2d0-4b94-93f0-788a5e92fe90___GHLB2 Leaf 8707_flipLR.png,source_jpg,late_blight,Tomato_Late_blight,256,256,4622,65536,0.070526123046875,0.070526123046875,0,4622,0,2,ok,train
1ac8d300-077c-43dc-8685-83ac695e07b4___GCREC_Bact.Sp 3672,1ac8d300-077c-43dc-8685-83ac695e07b4,1ac8d300-077c-43dc-8685-83ac695e07b4___GCREC_Bact.Sp 3672,artifacts/data/mc_unet/images/1ac8d300-077c-43dc-8685-83ac695e07b4___GCREC_Bact.Sp 3672.jpg,artifacts/data/mc_unet/masks/1ac8d300-077c-43dc-8685-83ac695e07b4___GCREC_Bact.Sp 3672.png,artifacts/data/mc_unet/leaf_masks_heuristic/1ac8d300-077c-43dc-8685-83ac695e07b4___GCREC_Bact.Sp 3672.png,source_jpg,bacterial_spot,Tomato_Bacterial_spot,256,256,6850,65536,0.104522705078125,0.104522705078125,0,0,6850,5,ok,val
1addf690-441a-40c5-b1e7-c618a8af1f40___GCREC_Bact.Sp 3744,1addf690-441a-40c5-b1e7-c618a8af1f40,1addf690-441a-40c5-b1e7-c618a8af1f40___GCREC_Bact.Sp 3744,artifacts/data/mc_unet/images/1addf690-441a-40c5-b1e7-c618a8af1f40___GCREC_Bact.Sp 3744.jpg,artifacts/data/mc_unet/masks/1addf690-441a-40c5-b1e7-c618a8af1f40___GCREC_Bact.Sp 3744.png,artifacts/data/mc_unet/leaf_masks_heuristic/1addf690-441a-40c5-b1e7-c618a8af1f40___GCREC_Bact.Sp 3744.png,source_jpg,bacterial_spot,Tomato_Bacterial_spot,256,256,510,65536,0.007781982421875,0.007781982421875,0,0,510,3,ok,train
1ade5ae9-2b62-4d53-86ae-fee9d3d9a7e9___UF.GRC_BS_Lab Leaf 0777,1ade5ae9-2b62-4d53-86ae-fee9d3d9a7e9,1ade5ae9-2b62-4d53-86ae-fee9d3d9a7e9___UF.GRC_BS_Lab Leaf 0777,artifacts/data/mc_unet/images/1ade5ae9-2b62-4d53-86ae-fee9d3d9a7e9___UF.GRC_BS_Lab Leaf 0777.jpg,artifacts/data/mc_unet/masks/1ade5ae9-2b62-4d53-86ae-fee9d3d9a7e9___UF.GRC_BS_Lab Leaf 0777.png,artifacts/data/mc_unet/leaf_masks_heuristic/1ade5ae9-2b62-4d53-86ae-fee9d3d9a7e9___UF.GRC_BS_Lab Leaf 0777.png,source_jpg,bacterial_spot,Tomato_Bacterial_spot,256,256,7769,65536,0.1185455322265625,0.1185455322265625,0,0,7769,4,ok,val
1aeee055-1c5f-4aab-a4af-bfe860f7dc46___GCREC_Bact.Sp 3034,1aeee055-1c5f-4aab-a4af-bfe860f7dc46,1aeee055-1c5f-4aab-a4af-bfe860f7dc46___GCREC_Bact.Sp 3034,artifacts/data/mc_unet/images/1aeee055-1c5f-4aab-a4af-bfe860f7dc46___GCREC_Bact.Sp 3034.jpg,artifacts/data/mc_unet/masks/1aeee055-1c5f-4aab-a4af-bfe860f7dc46___GCREC_Bact.Sp 3034.png,artifacts/data/mc_unet/leaf_masks_heuristic/1aeee055-1c5f-4aab-a4af-bfe860f7dc46___GCREC_Bact.Sp 3034.png,source_jpg,bacterial_spot,Tomato_Bacterial_spot,256,256,3159,65536,0.0482025146484375,0.0482025146484375,0,0,3159,4,ok,train
1af98b62-adaf-43d0-b4eb-83ab3f1ee084___RS_Late.B 4908,1af98b62-adaf-43d0-b4eb-83ab3f1ee084,1af98b62-adaf-43d0-b4eb-83ab3f1ee084___RS_Late.B 4908,artifacts/data/mc_unet/images/1af98b62-adaf-43d0-b4eb-83ab3f1ee084___RS_Late.B 4908.jpg,artifacts/data/mc_unet/masks/1af98b62-adaf-43d0-b4eb-83ab3f1ee084___RS_Late.B 4908.png,artifacts/data/mc_unet/leaf_masks_heuristic/1af98b62-adaf-43d0-b4eb-83ab3f1ee084___RS_Late.B 4908.png,source_jpg,late_blight,Tomato_Late_blight,256,256,301,65536,0.0045928955078125,0.0045928955078125,0,301,0,1,ok,train
1af98b62-adaf-43d0-b4eb-83ab3f1ee084___RS_Late.B 4908_flipLR,1af98b62-adaf-43d0-b4eb-83ab3f1ee084,1af98b62-adaf-43d0-b4eb-83ab3f1ee084___RS_Late.B 4908_flipLR,artifacts/data/mc_unet/images/1af98b62-adaf-43d0-b4eb-83ab3f1ee084___RS_Late.B 4908_flipLR.jpg,artifacts/data/mc_unet/masks/1af98b62-adaf-43d0-b4eb-83ab3f1ee084___RS_Late.B 4908_flipLR.png,artifacts/data/mc_unet/leaf_masks_heuristic/1af98b62-adaf-43d0-b4eb-83ab3f1ee084___RS_Late.B 4908_flipLR.png,source_jpg,late_blight,Tomato_Late_blight,256,256,282,65536,0.004302978515625,0.004302978515625,0,282,0,1,ok,train
1afcd540-c746-4c02-8611-686ec35caaf5___GCREC_Bact.Sp 5654,1afcd540-c746-4c02-8611-686ec35caaf5,1afcd540-c746-4c02-8611-686ec35caaf5___GCREC_Bact.Sp 5654,artifacts/data/mc_unet/images/1afcd540-c746-4c02-8611-686ec35caaf5___GCREC_Bact.Sp 5654.jpg,artifacts/data/mc_unet/masks/1afcd540-c746-4c02-8611-686ec35caaf5___GCREC_Bact.Sp 5654.png,artifacts/data/mc_unet/leaf_masks_heuristic/1afcd540-c746-4c02-8611-686ec35caaf5___GCREC_Bact.Sp 5654.png,source_jpg,bacterial_spot,Tomato_Bacterial_spot,256,256,21471,65536,0.3276214599609375,0.3276214599609375,0,0,21471,2,ok,val
1b212ad6-e65a-4467-bfd1-9f9139070d33___GHLB2 Leaf 8609,1b212ad6-e65a-4467-bfd1-9f9139070d33,1b212ad6-e65a-4467-bfd1-9f9139070d33___GHLB2 Leaf 8609,artifacts/data/mc_unet/images/1b212ad6-e65a-4467-bfd1-9f9139070d33___GHLB2 Leaf 8609.jpg,artifacts/data/mc_unet/masks/1b212ad6-e65a-4467-bfd1-9f9139070d33___GHLB2 Leaf 8609.png,artifacts/data/mc_unet/leaf_masks_heuristic/1b212ad6-e65a-4467-bfd1-9f9139070d33___GHLB2 Leaf 8609.png,source_jpg,late_blight,Tomato_Late_blight,256,256,3804,65536,0.05804443359375,0.05804443359375,0,3804,0,1,ok,test
1b212ad6-e65a-4467-bfd1-9f9139070d33___GHLB2 Leaf 8609_flipLR,1b212ad6-e65a-4467-bfd1-9f9139070d33,1b212ad6-e65a-4467-bfd1-9f9139070d33___GHLB2 Leaf 8609_flipLR,artifacts/data/mc_unet/images/1b212ad6-e65a-4467-bfd1-9f9139070d33___GHLB2 Leaf 8609_flipLR.jpg,artifacts/data/mc_unet/masks/1b212ad6-e65a-4467-bfd1-9f9139070d33___GHLB2 Leaf 8609_flipLR.png,artifacts/data/mc_unet/leaf_masks_heuristic/1b212ad6-e65a-4467-bfd1-9f9139070d33___GHLB2 Leaf 8609_flipLR.png,source_jpg,late_blight,Tomato_Late_blight,256,256,4215,65536,0.0643157958984375,0.0643157958984375,0,4215,0,1,ok,test
1b2756ef-4fa0-410a-8fe5-a8b699d3553e___GHLB2 Leaf 156.2_flipLR,1b2756ef-4fa0-410a-8fe5-a8b699d3553e,1b2756ef-4fa0-410a-8fe5-a8b699d3553e___GHLB2 Leaf 156.2_flipLR,artifacts/data/mc_unet/images/1b2756ef-4fa0-410a-8fe5-a8b699d3553e___GHLB2 Leaf 156.2_flipLR.jpg,artifacts/data/mc_unet/masks/1b2756ef-4fa0-410a-8fe5-a8b699d3553e___GHLB2 Leaf 156.2_flipLR.png,artifacts/data/mc_unet/leaf_masks_heuristic/1b2756ef-4fa0-410a-8fe5-a8b699d3553e___GHLB2 Leaf 156.2_flipLR.png,source_jpg,late_blight,Tomato_Late_blight,256,256,4893,65536,0.0746612548828125,0.0746612548828125,0,4893,0,1,ok,train
1b36d656-ee17-43a1-8f47-0d163c69f754___RS_Late.B 5605,1b36d656-ee17-43a1-8f47-0d163c69f754,1b36d656-ee17-43a1-8f47-0d163c69f754___RS_Late.B 5605,artifacts/data/mc_unet/images/1b36d656-ee17-43a1-8f47-0d163c69f754___RS_Late.B 5605.jpg,artifacts/data/mc_unet/masks/1b36d656-ee17-43a1-8f47-0d163c69f754___RS_Late.B 5605.png,artifacts/data/mc_unet/leaf_masks_heuristic/1b36d656-ee17-43a1-8f47-0d163c69f754___RS_Late.B 5605.png,source_jpg,late_blight,Tomato_Late_blight,256,256,2747,65536,0.0419158935546875,0.0419158935546875,0,2747,0,2,ok,train
1b36d656-ee17-43a1-8f47-0d163c69f754___RS_Late.B 5605_flipLR,1b36d656-ee17-43a1-8f47-0d163c69f754,1b36d656-ee17-43a1-8f47-0d163c69f754___RS_Late.B 5605_flipLR,artifacts/data/mc_unet/images/1b36d656-ee17-43a1-8f47-0d163c69f754___RS_Late.B 5605_flipLR.jpg,artifacts/data/mc_unet/masks/1b36d656-ee17-43a1-8f47-0d163c69f754___RS_Late.B 5605_flipLR.png,artifacts/data/mc_unet/leaf_masks_heuristic/1b36d656-ee17-43a1-8f47-0d163c69f754___RS_Late.B 5605_flipLR.png,source_jpg,late_blight,Tomato_Late_blight,256,256,2611,65536,0.0398406982421875,0.0398406982421875,0,2611,0,2,ok,train
1b3ccbf3-c1e1-476e-b34a-6af0a6fbb349___GCREC_Bact.Sp 3735,1b3ccbf3-c1e1-476e-b34a-6af0a6fbb349,1b3ccbf3-c1e1-476e-b34a-6af0a6fbb349___GCREC_Bact.Sp 3735,artifacts/data/mc_unet/images/1b3ccbf3-c1e1-476e-b34a-6af0a6fbb349___GCREC_Bact.Sp 3735.jpg,artifacts/data/mc_unet/masks/1b3ccbf3-c1e1-476e-b34a-6af0a6fbb349___GCREC_Bact.Sp 3735.png,artifacts/data/mc_unet/leaf_masks_heuristic/1b3ccbf3-c1e1-476e-b34a-6af0a6fbb349___GCREC_Bact.Sp 3735.png,source_jpg,bacterial_spot,Tomato_Bacterial_spot,256,256,249,65536,0.0037994384765625,0.0037994384765625,0,0,249,1,ok,train
1b5ec98a-5be3-408c-8d8c-e3042f68e225___RS_Late.B 5016,1b5ec98a-5be3-408c-8d8c-e3042f68e225,1b5ec98a-5be3-408c-8d8c-e3042f68e225___RS_Late.B 5016,artifacts/data/mc_unet/images/1b5ec98a-5be3-408c-8d8c-e3042f68e225___RS_Late.B 5016.jpg,artifacts/data/mc_unet/masks/1b5ec98a-5be3-408c-8d8c-e3042f68e225___RS_Late.B 5016.png,artifacts/data/mc_unet/leaf_masks_heuristic/1b5ec98a-5be3-408c-8d8c-e3042f68e225___RS_Late.B 5016.png,source_jpg,late_blight,Tomato_Late_blight,256,256,1940,65536,0.02960205078125,0.02960205078125,0,1940,0,3,ok,train
1b5ec98a-5be3-408c-8d8c-e3042f68e225___RS_Late.B 5016_flipLR,1b5ec98a-5be3-408c-8d8c-e3042f68e225,1b5ec98a-5be3-408c-8d8c-e3042f68e225___RS_Late.B 5016_flipLR,artifacts/data/mc_unet/images/1b5ec98a-5be3-408c-8d8c-e3042f68e225___RS_Late.B 5016_flipLR.jpg,artifacts/data/mc_unet/masks/1b5ec98a-5be3-408c-8d8c-e3042f68e225___RS_Late.B 5016_flipLR.png,artifacts/data/mc_unet/leaf_masks_heuristic/1b5ec98a-5be3-408c-8d8c-e3042f68e225___RS_Late.B 5016_flipLR.png,source_jpg,late_blight,Tomato_Late_blight,256,256,1870,65536,0.028533935546875,0.028533935546875,0,1870,0,3,ok,train
1b7d11ff-e94c-45cb-9ef2-6430f989e90e___GHLB2 Leaf 120.1_flipLR,1b7d11ff-e94c-45cb-9ef2-6430f989e90e,1b7d11ff-e94c-45cb-9ef2-6430f989e90e___GHLB2 Leaf 120.1_flipLR,artifacts/data/mc_unet/images/1b7d11ff-e94c-45cb-9ef2-6430f989e90e___GHLB2 Leaf 120.1_flipLR.jpg,artifacts/data/mc_unet/masks/1b7d11ff-e94c-45cb-9ef2-6430f989e90e___GHLB2 Leaf 120.1_flipLR.png,artifacts/data/mc_unet/leaf_masks_heuristic/1b7d11ff-e94c-45cb-9ef2-6430f989e90e___GHLB2 Leaf 120.1_flipLR.png,source_jpg,late_blight,Tomato_Late_blight,256,256,22228,65536,0.33917236328125,0.33917236328125,0,22228,0,1,ok,train
1ba00fc3-a45b-4d23-94da-5e090ba7f3d3___RS_Late.B 6403,1ba00fc3-a45b-4d23-94da-5e090ba7f3d3,1ba00fc3-a45b-4d23-94da-5e090ba7f3d3___RS_Late.B 6403,artifacts/data/mc_unet/images/1ba00fc3-a45b-4d23-94da-5e090ba7f3d3___RS_Late.B 6403.jpg,artifacts/data/mc_unet/masks/1ba00fc3-a45b-4d23-94da-5e090ba7f3d3___RS_Late.B 6403.png,artifacts/data/mc_unet/leaf_masks_heuristic/1ba00fc3-a45b-4d23-94da-5e090ba7f3d3___RS_Late.B 6403.png,source_jpg,late_blight,Tomato_Late_blight,256,256,3294,65536,0.050262451171875,0.050262451171875,0,3294,0,1,ok,train
1ba00fc3-a45b-4d23-94da-5e090ba7f3d3___RS_Late.B 6403_flipLR,1ba00fc3-a45b-4d23-94da-5e090ba7f3d3,1ba00fc3-a45b-4d23-94da-5e090ba7f3d3___RS_Late.B 6403_flipLR,artifacts/data/mc_unet/images/1ba00fc3-a45b-4d23-94da-5e090ba7f3d3___RS_Late.B 6403_flipLR.jpg,artifacts/data/mc_unet/masks/1ba00fc3-a45b-4d23-94da-5e090ba7f3d3___RS_Late.B 6403_flipLR.png,artifacts/data/mc_unet/leaf_masks_heuristic/1ba00fc3-a45b-4d23-94da-5e090ba7f3d3___RS_Late.B 6403_flipLR.png,source_jpg,late_blight,Tomato_Late_blight,256,256,3232,65536,0.04931640625,0.04931640625,0,3232,0,1,ok,train
1ba1b688-e5b6-4871-8e70-edbf17bef408___GCREC_Bact.Sp 6125,1ba1b688-e5b6-4871-8e70-edbf17bef408,1ba1b688-e5b6-4871-8e70-edbf17bef408___GCREC_Bact.Sp 6125,artifacts/data/mc_unet/images/1ba1b688-e5b6-4871-8e70-edbf17bef408___GCREC_Bact.Sp 6125.jpg,artifacts/data/mc_unet/masks/1ba1b688-e5b6-4871-8e70-edbf17bef408___GCREC_Bact.Sp 6125.png,artifacts/data/mc_unet/leaf_masks_heuristic/1ba1b688-e5b6-4871-8e70-edbf17bef408___GCREC_Bact.Sp 6125.png,source_jpg,bacterial_spot,Tomato_Bacterial_spot,256,256,939,65536,0.0143280029296875,0.0143280029296875,0,0,939,1,ok,train
1ba88993-c3f8-462d-bd1b-e10819b9c96f___RS_Erly.B 8396,1ba88993-c3f8-462d-bd1b-e10819b9c96f,1ba88993-c3f8-462d-bd1b-e10819b9c96f___RS_Erly.B 8396,artifacts/data/mc_unet/images/1ba88993-c3f8-462d-bd1b-e10819b9c96f___RS_Erly.B 8396.jpg,artifacts/data/mc_unet/masks/1ba88993-c3f8-462d-bd1b-e10819b9c96f___RS_Erly.B 8396.png,artifacts/data/mc_unet/leaf_masks_heuristic/1ba88993-c3f8-462d-bd1b-e10819b9c96f___RS_Erly.B 8396.png,source_jpg,early_blight,Tomato_Early_blight,256,256,31608,65536,0.4822998046875,0.4822998046875,31608,0,0,3,ok,train
1ba9a636-a673-45bc-b515-4fe6848f271e___RS_Erly.B 9605,1ba9a636-a673-45bc-b515-4fe6848f271e,1ba9a636-a673-45bc-b515-4fe6848f271e___RS_Erly.B 9605,artifacts/data/mc_unet/images/1ba9a636-a673-45bc-b515-4fe6848f271e___RS_Erly.B 9605.jpg,artifacts/data/mc_unet/masks/1ba9a636-a673-45bc-b515-4fe6848f271e___RS_Erly.B 9605.png,artifacts/data/mc_unet/leaf_masks_heuristic/1ba9a636-a673-45bc-b515-4fe6848f271e___RS_Erly.B 9605.png,source_jpg,early_blight,Tomato_Early_blight,256,256,17771,65536,0.2711639404296875,0.2711639404296875,17771,0,0,3,ok,train
1bb0101c-d0a4-41a5-85b9-6e8634d01a36___RS_Erly.B 9585,1bb0101c-d0a4-41a5-85b9-6e8634d01a36,1bb0101c-d0a4-41a5-85b9-6e8634d01a36___RS_Erly.B 9585,artifacts/data/mc_unet/images/1bb0101c-d0a4-41a5-85b9-6e8634d01a36___RS_Erly.B 9585.jpg,artifacts/data/mc_unet/masks/1bb0101c-d0a4-41a5-85b9-6e8634d01a36___RS_Erly.B 9585.png,artifacts/data/mc_unet/leaf_masks_heuristic/1bb0101c-d0a4-41a5-85b9-6e8634d01a36___RS_Erly.B 9585.png,source_jpg,early_blight,Tomato_Early_blight,256,256,2438,65536,0.037200927734375,0.037200927734375,2438,0,0,5,ok,train
1bdb9ab4-1a7a-449a-b848-c446d7615d42___RS_Erly.B 8443,1bdb9ab4-1a7a-449a-b848-c446d7615d42,1bdb9ab4-1a7a-449a-b848-c446d7615d42___RS_Erly.B 8443,artifacts/data/mc_unet/images/1bdb9ab4-1a7a-449a-b848-c446d7615d42___RS_Erly.B 8443.jpg,artifacts/data/mc_unet/masks/1bdb9ab4-1a7a-449a-b848-c446d7615d42___RS_Erly.B 8443.png,artifacts/data/mc_unet/leaf_masks_heuristic/1bdb9ab4-1a7a-449a-b848-c446d7615d42___RS_Erly.B 8443.png,source_jpg,early_blight,Tomato_Early_blight,256,256,1929,65536,0.0294342041015625,0.0294342041015625,1929,0,0,6,ok,train
1bddab06-9fb8-4727-8ea8-98e02a2fb178___GCREC_Bact.Sp 3237,1bddab06-9fb8-4727-8ea8-98e02a2fb178,1bddab06-9fb8-4727-8ea8-98e02a2fb178___GCREC_Bact.Sp 3237,artifacts/data/mc_unet/images/1bddab06-9fb8-4727-8ea8-98e02a2fb178___GCREC_Bact.Sp 3237.jpg,artifacts/data/mc_unet/masks/1bddab06-9fb8-4727-8ea8-98e02a2fb178___GCREC_Bact.Sp 3237.png,artifacts/data/mc_unet/leaf_masks_heuristic/1bddab06-9fb8-4727-8ea8-98e02a2fb178___GCREC_Bact.Sp 3237.png,source_jpg,bacterial_spot,Tomato_Bacterial_spot,256,256,983,65536,0.0149993896484375,0.0149993896484375,0,0,983,3,ok,val
1bfdc27c-5d3b-4b96-a835-86a09fe407de___GCREC_Bact.Sp 6266,1bfdc27c-5d3b-4b96-a835-86a09fe407de,1bfdc27c-5d3b-4b96-a835-86a09fe407de___GCREC_Bact.Sp 6266,artifacts/data/mc_unet/images/1bfdc27c-5d3b-4b96-a835-86a09fe407de___GCREC_Bact.Sp 6266.jpg,artifacts/data/mc_unet/masks/1bfdc27c-5d3b-4b96-a835-86a09fe407de___GCREC_Bact.Sp 6266.png,artifacts/data/mc_unet/leaf_masks_heuristic/1bfdc27c-5d3b-4b96-a835-86a09fe407de___GCREC_Bact.Sp 6266.png,source_jpg,bacterial_spot,Tomato_Bacterial_spot,256,256,3653,65536,0.0557403564453125,0.0557403564453125,0,0,3653,4,ok,val
1bfebfc9-3eda-4889-bdb1-75a8929a1b4f___GHLB_PS Leaf 48 Day 18,1bfebfc9-3eda-4889-bdb1-75a8929a1b4f,1bfebfc9-3eda-4889-bdb1-75a8929a1b4f___GHLB_PS Leaf 48 Day 18,artifacts/data/mc_unet/images/1bfebfc9-3eda-4889-bdb1-75a8929a1b4f___GHLB_PS Leaf 48 Day 18.jpg,artifacts/data/mc_unet/masks/1bfebfc9-3eda-4889-bdb1-75a8929a1b4f___GHLB_PS Leaf 48 Day 18.png,artifacts/data/mc_unet/leaf_masks_heuristic/1bfebfc9-3eda-4889-bdb1-75a8929a1b4f___GHLB_PS Leaf 48 Day 18.png,source_jpg,late_blight,Tomato_Late_blight,256,256,759,65536,0.0115814208984375,0.0115814208984375,0,759,0,1,ok,train
1bfebfc9-3eda-4889-bdb1-75a8929a1b4f___GHLB_PS Leaf 48 Day 18_flipLR,1bfebfc9-3eda-4889-bdb1-75a8929a1b4f,1bfebfc9-3eda-4889-bdb1-75a8929a1b4f___GHLB_PS Leaf 48 Day 18_flipLR,artifacts/data/mc_unet/images/1bfebfc9-3eda-4889-bdb1-75a8929a1b4f___GHLB_PS Leaf 48 Day 18_flipLR.jpg,artifacts/data/mc_unet/masks/1bfebfc9-3eda-4889-bdb1-75a8929a1b4f___GHLB_PS Leaf 48 Day 18_flipLR.png,artifacts/data/mc_unet/leaf_masks_heuristic/1bfebfc9-3eda-4889-bdb1-75a8929a1b4f___GHLB_PS Leaf 48 Day 18_flipLR.png,source_jpg,late_blight,Tomato_Late_blight,256,256,969,65536,0.0147857666015625,0.0147857666015625,0,969,0,1,ok,train
1bff3ab2-9e99-4d4b-ad0e-acd943324050___RS_Erly.B 6460,1bff3ab2-9e99-4d4b-ad0e-acd943324050,1bff3ab2-9e99-4d4b-ad0e-acd943324050___RS_Erly.B 6460,artifacts/data/mc_unet/images/1bff3ab2-9e99-4d4b-ad0e-acd943324050___RS_Erly.B 6460.jpg,artifacts/data/mc_unet/masks/1bff3ab2-9e99-4d4b-ad0e-acd943324050___RS_Erly.B 6460.png,artifacts/data/mc_unet/leaf_masks_heuristic/1bff3ab2-9e99-4d4b-ad0e-acd943324050___RS_Erly.B 6460.png,source_jpg,early_blight,Tomato_Early_blight,256,256,1914,65536,0.029205322265625,0.029205322265625,1914,0,0,1,ok,train
1c057b5e-9ad7-4d51-b407-c60637005a13___RS_Erly.B 7594,1c057b5e-9ad7-4d51-b407-c60637005a13,1c057b5e-9ad7-4d51-b407-c60637005a13___RS_Erly.B 7594,artifacts/data/mc_unet/images/1c057b5e-9ad7-4d51-b407-c60637005a13___RS_Erly.B 7594.jpg,artifacts/data/mc_unet/masks/1c057b5e-9ad7-4d51-b407-c60637005a13___RS_Erly.B 7594.png,artifacts/data/mc_unet/leaf_masks_heuristic/1c057b5e-9ad7-4d51-b407-c60637005a13___RS_Erly.B 7594.png,source_jpg,early_blight,Tomato_Early_blight,256,256,5854,65536,0.089324951171875,0.089324951171875,5854,0,0,1,ok,test
1c0bc46f-d72f-4826-9cb4-8879d80cac73___GHLB2 Leaf 9012,1c0bc46f-d72f-4826-9cb4-8879d80cac73,1c0bc46f-d72f-4826-9cb4-8879d80cac73___GHLB2 Leaf 9012,artifacts/data/mc_unet/images/1c0bc46f-d72f-4826-9cb4-8879d80cac73___GHLB2 Leaf 9012.jpg,artifacts/data/mc_unet/masks/1c0bc46f-d72f-4826-9cb4-8879d80cac73___GHLB2 Leaf 9012.png,artifacts/data/mc_unet/leaf_masks_heuristic/1c0bc46f-d72f-4826-9cb4-8879d80cac73___GHLB2 Leaf 9012.png,source_jpg,late_blight,Tomato_Late_blight,256,256,2091,65536,0.0319061279296875,0.0319061279296875,0,2091,0,2,ok,train
1c0bc46f-d72f-4826-9cb4-8879d80cac73___GHLB2 Leaf 9012_flipLR,1c0bc46f-d72f-4826-9cb4-8879d80cac73,1c0bc46f-d72f-4826-9cb4-8879d80cac73___GHLB2 Leaf 9012_flipLR,artifacts/data/mc_unet/images/1c0bc46f-d72f-4826-9cb4-8879d80cac73___GHLB2 Leaf 9012_flipLR.jpg,artifacts/data/mc_unet/masks/1c0bc46f-d72f-4826-9cb4-8879d80cac73___GHLB2 Leaf 9012_flipLR.png,artifacts/data/mc_unet/leaf_masks_heuristic/1c0bc46f-d72f-4826-9cb4-8879d80cac73___GHLB2 Leaf 9012_flipLR.png,source_jpg,late_blight,Tomato_Late_blight,256,256,2252,65536,0.03436279296875,0.03436279296875,0,2252,0,2,ok,train
1c213d89-a3ba-4486-ac5a-1744eb371859___GCREC_Bact.Sp 3500,1c213d89-a3ba-4486-ac5a-1744eb371859,1c213d89-a3ba-4486-ac5a-1744eb371859___GCREC_Bact.Sp 3500,artifacts/data/mc_unet/images/1c213d89-a3ba-4486-ac5a-1744eb371859___GCREC_Bact.Sp 3500.jpg,artifacts/data/mc_unet/masks/1c213d89-a3ba-4486-ac5a-1744eb371859___GCREC_Bact.Sp 3500.png,artifacts/data/mc_unet/leaf_masks_heuristic/1c213d89-a3ba-4486-ac5a-1744eb371859___GCREC_Bact.Sp 3500.png,source_jpg,bacterial_spot,Tomato_Bacterial_spot,256,256,804,65536,0.01226806640625,0.01226806640625,0,0,804,3,ok,train
1c29bc72-967e-46df-844b-467c95b298a3___RS_Erly.B 9549,1c29bc72-967e-46df-844b-467c95b298a3,1c29bc72-967e-46df-844b-467c95b298a3___RS_Erly.B 9549,artifacts/data/mc_unet/images/1c29bc72-967e-46df-844b-467c95b298a3___RS_Erly.B 9549.jpg,artifacts/data/mc_unet/masks/1c29bc72-967e-46df-844b-467c95b298a3___RS_Erly.B 9549.png,artifacts/data/mc_unet/leaf_masks_heuristic/1c29bc72-967e-46df-844b-467c95b298a3___RS_Erly.B 9549.png,source_jpg,early_blight,Tomato_Early_blight,256,256,2768,65536,0.042236328125,0.042236328125,2768,0,0,7,ok,train
1c31e2e3-e314-47a8-86fe-e7b8b9199c09___RS_Erly.B 8272,1c31e2e3-e314-47a8-86fe-e7b8b9199c09,1c31e2e3-e314-47a8-86fe-e7b8b9199c09___RS_Erly.B 8272,artifacts/data/mc_unet/images/1c31e2e3-e314-47a8-86fe-e7b8b9199c09___RS_Erly.B 8272.jpg,artifacts/data/mc_unet/masks/1c31e2e3-e314-47a8-86fe-e7b8b9199c09___RS_Erly.B 8272.png,artifacts/data/mc_unet/leaf_masks_heuristic/1c31e2e3-e314-47a8-86fe-e7b8b9199c09___RS_Erly.B 8272.png,source_jpg,early_blight,Tomato_Early_blight,256,256,6637,65536,0.1012725830078125,0.1012725830078125,6637,0,0,4,ok,train
1c35f7ce-8e8e-4c20-b625-b01f9bf7d0cd___GHLB2 Leaf 111,1c35f7ce-8e8e-4c20-b625-b01f9bf7d0cd,1c35f7ce-8e8e-4c20-b625-b01f9bf7d0cd___GHLB2 Leaf 111,artifacts/data/mc_unet/images/1c35f7ce-8e8e-4c20-b625-b01f9bf7d0cd___GHLB2 Leaf 111.jpg,artifacts/data/mc_unet/masks/1c35f7ce-8e8e-4c20-b625-b01f9bf7d0cd___GHLB2 Leaf 111.png,artifacts/data/mc_unet/leaf_masks_heuristic/1c35f7ce-8e8e-4c20-b625-b01f9bf7d0cd___GHLB2 Leaf 111.png,source_jpg,late_blight,Tomato_Late_blight,256,256,11546,65536,0.176177978515625,0.176177978515625,0,11546,0,1,ok,train
1c5d49ef-1d7e-4b76-b33a-da162fe99eb2___GCREC_Bact.Sp 3506,1c5d49ef-1d7e-4b76-b33a-da162fe99eb2,1c5d49ef-1d7e-4b76-b33a-da162fe99eb2___GCREC_Bact.Sp 3506,artifacts/data/mc_unet/images/1c5d49ef-1d7e-4b76-b33a-da162fe99eb2___GCREC_Bact.Sp 3506.jpg,artifacts/data/mc_unet/masks/1c5d49ef-1d7e-4b76-b33a-da162fe99eb2___GCREC_Bact.Sp 3506.png,artifacts/data/mc_unet/leaf_masks_heuristic/1c5d49ef-1d7e-4b76-b33a-da162fe99eb2___GCREC_Bact.Sp 3506.png,source_jpg,bacterial_spot,Tomato_Bacterial_spot,256,256,1186,65536,0.018096923828125,0.018096923828125,0,0,1186,2,ok,train
1c5deb80-6bde-4aa4-843e-c69f80b7713a___RS_Late.B 6874,1c5deb80-6bde-4aa4-843e-c69f80b7713a,1c5deb80-6bde-4aa4-843e-c69f80b7713a___RS_Late.B 6874,artifacts/data/mc_unet/images/1c5deb80-6bde-4aa4-843e-c69f80b7713a___RS_Late.B 6874.jpg,artifacts/data/mc_unet/masks/1c5deb80-6bde-4aa4-843e-c69f80b7713a___RS_Late.B 6874.png,artifacts/data/mc_unet/leaf_masks_heuristic/1c5deb80-6bde-4aa4-843e-c69f80b7713a___RS_Late.B 6874.png,source_jpg,late_blight,Tomato_Late_blight,256,256,9973,65536,0.1521759033203125,0.1521759033203125,0,9973,0,1,ok,train
1c5deb80-6bde-4aa4-843e-c69f80b7713a___RS_Late.B 6874_flipLR,1c5deb80-6bde-4aa4-843e-c69f80b7713a,1c5deb80-6bde-4aa4-843e-c69f80b7713a___RS_Late.B 6874_flipLR,artifacts/data/mc_unet/images/1c5deb80-6bde-4aa4-843e-c69f80b7713a___RS_Late.B 6874_flipLR.jpg,artifacts/data/mc_unet/masks/1c5deb80-6bde-4aa4-843e-c69f80b7713a___RS_Late.B 6874_flipLR.png,artifacts/data/mc_unet/leaf_masks_heuristic/1c5deb80-6bde-4aa4-843e-c69f80b7713a___RS_Late.B 6874_flipLR.png,source_jpg,late_blight,Tomato_Late_blight,256,256,9992,65536,0.1524658203125,0.1524658203125,0,9992,0,1,ok,train
1c6b66db-9891-41cc-972f-a3521deee072___RS_Late.B 5589_flipLR,1c6b66db-9891-41cc-972f-a3521deee072,1c6b66db-9891-41cc-972f-a3521deee072___RS_Late.B 5589_flipLR,artifacts/data/mc_unet/images/1c6b66db-9891-41cc-972f-a3521deee072___RS_Late.B 5589_flipLR.jpg,artifacts/data/mc_unet/masks/1c6b66db-9891-41cc-972f-a3521deee072___RS_Late.B 5589_flipLR.png,artifacts/data/mc_unet/leaf_masks_heuristic/1c6b66db-9891-41cc-972f-a3521deee072___RS_Late.B 5589_flipLR.png,source_jpg,late_blight,Tomato_Late_blight,256,256,3666,65536,0.055938720703125,0.055938720703125,0,3666,0,1,ok,train
1c71757d-d351-4016-b5bb-06a63d0f2e24___RS_Erly.B 6388,1c71757d-d351-4016-b5bb-06a63d0f2e24,1c71757d-d351-4016-b5bb-06a63d0f2e24___RS_Erly.B 6388,artifacts/data/mc_unet/images/1c71757d-d351-4016-b5bb-06a63d0f2e24___RS_Erly.B 6388.jpg,artifacts/data/mc_unet/masks/1c71757d-d351-4016-b5bb-06a63d0f2e24___RS_Erly.B 6388.png,artifacts/data/mc_unet/leaf_masks_heuristic/1c71757d-d351-4016-b5bb-06a63d0f2e24___RS_Erly.B 6388.png,source_jpg,early_blight,Tomato_Early_blight,256,256,15197,65536,0.2318878173828125,0.2318878173828125,15197,0,0,6,ok,train
1c74783c-7863-4b1b-bf1a-6b3ef55b34b8___RS_Late.B 7094,1c74783c-7863-4b1b-bf1a-6b3ef55b34b8,1c74783c-7863-4b1b-bf1a-6b3ef55b34b8___RS_Late.B 7094,artifacts/data/mc_unet/images/1c74783c-7863-4b1b-bf1a-6b3ef55b34b8___RS_Late.B 7094.jpg,artifacts/data/mc_unet/masks/1c74783c-7863-4b1b-bf1a-6b3ef55b34b8___RS_Late.B 7094.png,artifacts/data/mc_unet/leaf_masks_heuristic/1c74783c-7863-4b1b-bf1a-6b3ef55b34b8___RS_Late.B 7094.png,source_jpg,late_blight,Tomato_Late_blight,256,256,4352,65536,0.06640625,0.06640625,0,4352,0,4,ok,val
1c74783c-7863-4b1b-bf1a-6b3ef55b34b8___RS_Late.B 7094_flipLR,1c74783c-7863-4b1b-bf1a-6b3ef55b34b8,1c74783c-7863-4b1b-bf1a-6b3ef55b34b8___RS_Late.B 7094_flipLR,artifacts/data/mc_unet/images/1c74783c-7863-4b1b-bf1a-6b3ef55b34b8___RS_Late.B 7094_flipLR.jpg,artifacts/data/mc_unet/masks/1c74783c-7863-4b1b-bf1a-6b3ef55b34b8___RS_Late.B 7094_flipLR.png,artifacts/data/mc_unet/leaf_masks_heuristic/1c74783c-7863-4b1b-bf1a-6b3ef55b34b8___RS_Late.B 7094_flipLR.png,source_jpg,late_blight,Tomato_Late_blight,256,256,4453,65536,0.0679473876953125,0.0679473876953125,0,4453,0,4,ok,val
1c8bf271-8455-42f5-8e9f-8a92418116f9___GHLB2 Leaf 9066,1c8bf271-8455-42f5-8e9f-8a92418116f9,1c8bf271-8455-42f5-8e9f-8a92418116f9___GHLB2 Leaf 9066,artifacts/data/mc_unet/images/1c8bf271-8455-42f5-8e9f-8a92418116f9___GHLB2 Leaf 9066.jpg,artifacts/data/mc_unet/masks/1c8bf271-8455-42f5-8e9f-8a92418116f9___GHLB2 Leaf 9066.png,artifacts/data/mc_unet/leaf_masks_heuristic/1c8bf271-8455-42f5-8e9f-8a92418116f9___GHLB2 Leaf 9066.png,source_jpg,late_blight,Tomato_Late_blight,256,256,2838,65536,0.043304443359375,0.043304443359375,0,2838,0,1,ok,train
1c8bf271-8455-42f5-8e9f-8a92418116f9___GHLB2 Leaf 9066_flipLR,1c8bf271-8455-42f5-8e9f-8a92418116f9,1c8bf271-8455-42f5-8e9f-8a92418116f9___GHLB2 Leaf 9066_flipLR,artifacts/data/mc_unet/images/1c8bf271-8455-42f5-8e9f-8a92418116f9___GHLB2 Leaf 9066_flipLR.jpg,artifacts/data/mc_unet/masks/1c8bf271-8455-42f5-8e9f-8a92418116f9___GHLB2 Leaf 9066_flipLR.png,artifacts/data/mc_unet/leaf_masks_heuristic/1c8bf271-8455-42f5-8e9f-8a92418116f9___GHLB2 Leaf 9066_flipLR.png,source_jpg,late_blight,Tomato_Late_blight,256,256,2692,65536,0.04107666015625,0.04107666015625,0,2692,0,1,ok,train
1c9e0f1a-7314-449c-9482-9059684ac82d___RS_Erly.B 7840,1c9e0f1a-7314-449c-9482-9059684ac82d,1c9e0f1a-7314-449c-9482-9059684ac82d___RS_Erly.B 7840,artifacts/data/mc_unet/images/1c9e0f1a-7314-449c-9482-9059684ac82d___RS_Erly.B 7840.jpg,artifacts/data/mc_unet/masks/1c9e0f1a-7314-449c-9482-9059684ac82d___RS_Erly.B 7840.png,artifacts/data/mc_unet/leaf_masks_heuristic/1c9e0f1a-7314-449c-9482-9059684ac82d___RS_Erly.B 7840.png,source_jpg,early_blight,Tomato_Early_blight,256,256,4534,65536,0.069183349609375,0.069183349609375,4534,0,0,1,ok,train
1cb5d336-3649-49bf-aa9a-72950067b8b0___GHLB_PS Leaf 12 Day 9,1cb5d336-3649-49bf-aa9a-72950067b8b0,1cb5d336-3649-49bf-aa9a-72950067b8b0___GHLB_PS Leaf 12 Day 9,artifacts/data/mc_unet/images/1cb5d336-3649-49bf-aa9a-72950067b8b0___GHLB_PS Leaf 12 Day 9.jpg,artifacts/data/mc_unet/masks/1cb5d336-3649-49bf-aa9a-72950067b8b0___GHLB_PS Leaf 12 Day 9.png,artifacts/data/mc_unet/leaf_masks_heuristic/1cb5d336-3649-49bf-aa9a-72950067b8b0___GHLB_PS Leaf 12 Day 9.png,source_jpg,late_blight,Tomato_Late_blight,256,256,8703,65536,0.1327972412109375,0.1327972412109375,0,8703,0,2,ok,train
1cdfa566-3dc1-4be4-8ec9-91fd300ac06d___GCREC_Bact.Sp 3468,1cdfa566-3dc1-4be4-8ec9-91fd300ac06d,1cdfa566-3dc1-4be4-8ec9-91fd300ac06d___GCREC_Bact.Sp 3468,artifacts/data/mc_unet/images/1cdfa566-3dc1-4be4-8ec9-91fd300ac06d___GCREC_Bact.Sp 3468.jpg,artifacts/data/mc_unet/masks/1cdfa566-3dc1-4be4-8ec9-91fd300ac06d___GCREC_Bact.Sp 3468.png,artifacts/data/mc_unet/leaf_masks_heuristic/1cdfa566-3dc1-4be4-8ec9-91fd300ac06d___GCREC_Bact.Sp 3468.png,source_jpg,bacterial_spot,Tomato_Bacterial_spot,256,256,2909,65536,0.0443878173828125,0.0443878173828125,0,0,2909,4,ok,train
1cebc4a1-5fb6-4168-8e18-e2973ef6d18f___RS_Erly.B 9552,1cebc4a1-5fb6-4168-8e18-e2973ef6d18f,1cebc4a1-5fb6-4168-8e18-e2973ef6d18f___RS_Erly.B 9552,artifacts/data/mc_unet/images/1cebc4a1-5fb6-4168-8e18-e2973ef6d18f___RS_Erly.B 9552.jpg,artifacts/data/mc_unet/masks/1cebc4a1-5fb6-4168-8e18-e2973ef6d18f___RS_Erly.B 9552.png,artifacts/data/mc_unet/leaf_masks_heuristic/1cebc4a1-5fb6-4168-8e18-e2973ef6d18f___RS_Erly.B 9552.png,source_jpg,early_blight,Tomato_Early_blight,256,256,11471,65536,0.1750335693359375,0.1750335693359375,11471,0,0,1,ok,train
1d1d79c6-824d-4c48-bd59-c83a5cf29229___RS_Erly.B 9547,1d1d79c6-824d-4c48-bd59-c83a5cf29229,1d1d79c6-824d-4c48-bd59-c83a5cf29229___RS_Erly.B 9547,artifacts/data/mc_unet/images/1d1d79c6-824d-4c48-bd59-c83a5cf29229___RS_Erly.B 9547.jpg,artifacts/data/mc_unet/masks/1d1d79c6-824d-4c48-bd59-c83a5cf29229___RS_Erly.B 9547.png,artifacts/data/mc_unet/leaf_masks_heuristic/1d1d79c6-824d-4c48-bd59-c83a5cf29229___RS_Erly.B 9547.png,source_jpg,early_blight,Tomato_Early_blight,256,256,3725,65536,0.0568389892578125,0.0568389892578125,3725,0,0,5,ok,train
1d2bcd85-fdb7-4294-ba11-eb58373b4474___GCREC_Bact.Sp 3092,1d2bcd85-fdb7-4294-ba11-eb58373b4474,1d2bcd85-fdb7-4294-ba11-eb58373b4474___GCREC_Bact.Sp 3092,artifacts/data/mc_unet/images/1d2bcd85-fdb7-4294-ba11-eb58373b4474___GCREC_Bact.Sp 3092.jpg,artifacts/data/mc_unet/masks/1d2bcd85-fdb7-4294-ba11-eb58373b4474___GCREC_Bact.Sp 3092.png,artifacts/data/mc_unet/leaf_masks_heuristic/1d2bcd85-fdb7-4294-ba11-eb58373b4474___GCREC_Bact.Sp 3092.png,source_jpg,bacterial_spot,Tomato_Bacterial_spot,256,256,3305,65536,0.0504302978515625,0.0504302978515625,0,0,3305,4,ok,train
1d3d164e-43a9-4e0a-9e4f-9c9abab64d88___RS_Erly.B 7824,1d3d164e-43a9-4e0a-9e4f-9c9abab64d88,1d3d164e-43a9-4e0a-9e4f-9c9abab64d88___RS_Erly.B 7824,artifacts/data/mc_unet/images/1d3d164e-43a9-4e0a-9e4f-9c9abab64d88___RS_Erly.B 7824.jpg,artifacts/data/mc_unet/masks/1d3d164e-43a9-4e0a-9e4f-9c9abab64d88___RS_Erly.B 7824.png,artifacts/data/mc_unet/leaf_masks_heuristic/1d3d164e-43a9-4e0a-9e4f-9c9abab64d88___RS_Erly.B 7824.png,source_jpg,early_blight,Tomato_Early_blight,256,256,680,65536,0.0103759765625,0.0103759765625,680,0,0,2,ok,val
1d6494e5-d659-47f2-a854-95f7633f8018___GCREC_Bact.Sp 6102,1d6494e5-d659-47f2-a854-95f7633f8018,1d6494e5-d659-47f2-a854-95f7633f8018___GCREC_Bact.Sp 6102,artifacts/data/mc_unet/images/1d6494e5-d659-47f2-a854-95f7633f8018___GCREC_Bact.Sp 6102.jpg,artifacts/data/mc_unet/masks/1d6494e5-d659-47f2-a854-95f7633f8018___GCREC_Bact.Sp 6102.png,artifacts/data/mc_unet/leaf_masks_heuristic/1d6494e5-d659-47f2-a854-95f7633f8018___GCREC_Bact.Sp 6102.png,source_jpg,bacterial_spot,Tomato_Bacterial_spot,256,256,338,65536,0.005157470703125,0.005157470703125,0,0,338,1,ok,test
1d6d043a-9df9-49ec-9b0f-e40a8e7f409f___RS_Late.B 5287,1d6d043a-9df9-49ec-9b0f-e40a8e7f409f,1d6d043a-9df9-49ec-9b0f-e40a8e7f409f___RS_Late.B 5287,artifacts/data/mc_unet/images/1d6d043a-9df9-49ec-9b0f-e40a8e7f409f___RS_Late.B 5287.jpg,artifacts/data/mc_unet/masks/1d6d043a-9df9-49ec-9b0f-e40a8e7f409f___RS_Late.B 5287.png,artifacts/data/mc_unet/leaf_masks_heuristic/1d6d043a-9df9-49ec-9b0f-e40a8e7f409f___RS_Late.B 5287.png,source_jpg,late_blight,Tomato_Late_blight,256,256,17351,65536,0.2647552490234375,0.2647552490234375,0,17351,0,1,ok,train
1d6d043a-9df9-49ec-9b0f-e40a8e7f409f___RS_Late.B 5287_flipLR,1d6d043a-9df9-49ec-9b0f-e40a8e7f409f,1d6d043a-9df9-49ec-9b0f-e40a8e7f409f___RS_Late.B 5287_flipLR,artifacts/data/mc_unet/images/1d6d043a-9df9-49ec-9b0f-e40a8e7f409f___RS_Late.B 5287_flipLR.jpg,artifacts/data/mc_unet/masks/1d6d043a-9df9-49ec-9b0f-e40a8e7f409f___RS_Late.B 5287_flipLR.png,artifacts/data/mc_unet/leaf_masks_heuristic/1d6d043a-9df9-49ec-9b0f-e40a8e7f409f___RS_Late.B 5287_flipLR.png,source_jpg,late_blight,Tomato_Late_blight,256,256,17482,65536,0.266754150390625,0.266754150390625,0,17482,0,1,ok,train
1d83362f-5ea5-40f4-aa21-dfff0e99aff7___UF.GRC_BS_Lab Leaf 0566,1d83362f-5ea5-40f4-aa21-dfff0e99aff7,1d83362f-5ea5-40f4-aa21-dfff0e99aff7___UF.GRC_BS_Lab Leaf 0566,artifacts/data/mc_unet/images/1d83362f-5ea5-40f4-aa21-dfff0e99aff7___UF.GRC_BS_Lab Leaf 0566.jpg,artifacts/data/mc_unet/masks/1d83362f-5ea5-40f4-aa21-dfff0e99aff7___UF.GRC_BS_Lab Leaf 0566.png,artifacts/data/mc_unet/leaf_masks_heuristic/1d83362f-5ea5-40f4-aa21-dfff0e99aff7___UF.GRC_BS_Lab Leaf 0566.png,source_jpg,bacterial_spot,Tomato_Bacterial_spot,256,256,4512,65536,0.06884765625,0.06884765625,0,0,4512,4,ok,train
1d83eef4-92a0-42a2-9ea7-1ec2e683dbc0___GHLB2 Leaf 8809_flipLR,1d83eef4-92a0-42a2-9ea7-1ec2e683dbc0,1d83eef4-92a0-42a2-9ea7-1ec2e683dbc0___GHLB2 Leaf 8809_flipLR,artifacts/data/mc_unet/images/1d83eef4-92a0-42a2-9ea7-1ec2e683dbc0___GHLB2 Leaf 8809_flipLR.jpg,artifacts/data/mc_unet/masks/1d83eef4-92a0-42a2-9ea7-1ec2e683dbc0___GHLB2 Leaf 8809_flipLR.png,artifacts/data/mc_unet/leaf_masks_heuristic/1d83eef4-92a0-42a2-9ea7-1ec2e683dbc0___GHLB2 Leaf 8809_flipLR.png,source_jpg,late_blight,Tomato_Late_blight,256,256,2934,65536,0.044769287109375,0.044769287109375,0,2934,0,3,ok,val
1db51a76-0e89-45c6-8f00-9262c1c7732e___GHLB2ES Leaf 139,1db51a76-0e89-45c6-8f00-9262c1c7732e,1db51a76-0e89-45c6-8f00-9262c1c7732e___GHLB2ES Leaf 139,artifacts/data/mc_unet/images/1db51a76-0e89-45c6-8f00-9262c1c7732e___GHLB2ES Leaf 139.jpg,artifacts/data/mc_unet/masks/1db51a76-0e89-45c6-8f00-9262c1c7732e___GHLB2ES Leaf 139.png,artifacts/data/mc_unet/leaf_masks_heuristic/1db51a76-0e89-45c6-8f00-9262c1c7732e___GHLB2ES Leaf 139.png,source_jpg,late_blight,Tomato_Late_blight,256,256,2134,65536,0.032562255859375,0.032562255859375,0,2134,0,1,ok,test
1dbd6b67-25f1-444e-81d8-cbb54213cbb4___GCREC_Bact.Sp 3528,1dbd6b67-25f1-444e-81d8-cbb54213cbb4,1dbd6b67-25f1-444e-81d8-cbb54213cbb4___GCREC_Bact.Sp 3528,artifacts/data/mc_unet/images/1dbd6b67-25f1-444e-81d8-cbb54213cbb4___GCREC_Bact.Sp 3528.jpg,artifacts/data/mc_unet/masks/1dbd6b67-25f1-444e-81d8-cbb54213cbb4___GCREC_Bact.Sp 3528.png,artifacts/data/mc_unet/leaf_masks_heuristic/1dbd6b67-25f1-444e-81d8-cbb54213cbb4___GCREC_Bact.Sp 3528.png,source_jpg,bacterial_spot,Tomato_Bacterial_spot,256,256,12034,65536,0.183624267578125,0.183624267578125,0,0,12034,2,ok,train
1dd56ebe-f509-4ec1-a43e-13bd49b263e5___GCREC_Bact.Sp 3832,1dd56ebe-f509-4ec1-a43e-13bd49b263e5,1dd56ebe-f509-4ec1-a43e-13bd49b263e5___GCREC_Bact.Sp 3832,artifacts/data/mc_unet/images/1dd56ebe-f509-4ec1-a43e-13bd49b263e5___GCREC_Bact.Sp 3832.jpg,artifacts/data/mc_unet/masks/1dd56ebe-f509-4ec1-a43e-13bd49b263e5___GCREC_Bact.Sp 3832.png,artifacts/data/mc_unet/leaf_masks_heuristic/1dd56ebe-f509-4ec1-a43e-13bd49b263e5___GCREC_Bact.Sp 3832.png,source_jpg,bacterial_spot,Tomato_Bacterial_spot,256,256,6701,65536,0.1022491455078125,0.1022491455078125,0,0,6701,3,ok,train
1de17623-e625-4a3a-91e8-64973e6d09fd___RS_Erly.B 9577,1de17623-e625-4a3a-91e8-64973e6d09fd,1de17623-e625-4a3a-91e8-64973e6d09fd___RS_Erly.B 9577,artifacts/data/mc_unet/images/1de17623-e625-4a3a-91e8-64973e6d09fd___RS_Erly.B 9577.jpg,artifacts/data/mc_unet/masks/1de17623-e625-4a3a-91e8-64973e6d09fd___RS_Erly.B 9577.png,artifacts/data/mc_unet/leaf_masks_heuristic/1de17623-e625-4a3a-91e8-64973e6d09fd___RS_Erly.B 9577.png,source_jpg,early_blight,Tomato_Early_blight,256,256,16737,65536,0.2553863525390625,0.2553863525390625,16737,0,0,7,ok,train
1def69ef-c2f3-4052-8f02-b397428c7580___GHLB2 Leaf 8627,1def69ef-c2f3-4052-8f02-b397428c7580,1def69ef-c2f3-4052-8f02-b397428c7580___GHLB2 Leaf 8627,artifacts/data/mc_unet/images/1def69ef-c2f3-4052-8f02-b397428c7580___GHLB2 Leaf 8627.jpg,artifacts/data/mc_unet/masks/1def69ef-c2f3-4052-8f02-b397428c7580___GHLB2 Leaf 8627.png,artifacts/data/mc_unet/leaf_masks_heuristic/1def69ef-c2f3-4052-8f02-b397428c7580___GHLB2 Leaf 8627.png,source_jpg,late_blight,Tomato_Late_blight,256,256,1425,65536,0.0217437744140625,0.0217437744140625,0,1425,0,1,ok,train
1def69ef-c2f3-4052-8f02-b397428c7580___GHLB2 Leaf 8627_flipLR,1def69ef-c2f3-4052-8f02-b397428c7580,1def69ef-c2f3-4052-8f02-b397428c7580___GHLB2 Leaf 8627_flipLR,artifacts/data/mc_unet/images/1def69ef-c2f3-4052-8f02-b397428c7580___GHLB2 Leaf 8627_flipLR.jpg,artifacts/data/mc_unet/masks/1def69ef-c2f3-4052-8f02-b397428c7580___GHLB2 Leaf 8627_flipLR.png,artifacts/data/mc_unet/leaf_masks_heuristic/1def69ef-c2f3-4052-8f02-b397428c7580___GHLB2 Leaf 8627_flipLR.png,source_jpg,late_blight,Tomato_Late_blight,256,256,1192,65536,0.0181884765625,0.0181884765625,0,1192,0,1,ok,train
1e0582c9-3b55-4aaf-b63b-f223c13eac86___GCREC_Bact.Sp 5571,1e0582c9-3b55-4aaf-b63b-f223c13eac86,1e0582c9-3b55-4aaf-b63b-f223c13eac86___GCREC_Bact.Sp 5571,artifacts/data/mc_unet/images/1e0582c9-3b55-4aaf-b63b-f223c13eac86___GCREC_Bact.Sp 5571.jpg,artifacts/data/mc_unet/masks/1e0582c9-3b55-4aaf-b63b-f223c13eac86___GCREC_Bact.Sp 5571.png,artifacts/data/mc_unet/leaf_masks_heuristic/1e0582c9-3b55-4aaf-b63b-f223c13eac86___GCREC_Bact.Sp 5571.png,source_jpg,bacterial_spot,Tomato_Bacterial_spot,256,256,2168,65536,0.0330810546875,0.0330810546875,0,0,2168,2,ok,train
1e08cf06-c20b-47bc-8773-a22cc730aa04___RS_Erly.B 8228,1e08cf06-c20b-47bc-8773-a22cc730aa04,1e08cf06-c20b-47bc-8773-a22cc730aa04___RS_Erly.B 8228,artifacts/data/mc_unet/images/1e08cf06-c20b-47bc-8773-a22cc730aa04___RS_Erly.B 8228.jpg,artifacts/data/mc_unet/masks/1e08cf06-c20b-47bc-8773-a22cc730aa04___RS_Erly.B 8228.png,artifacts/data/mc_unet/leaf_masks_heuristic/1e08cf06-c20b-47bc-8773-a22cc730aa04___RS_Erly.B 8228.png,source_jpg,early_blight,Tomato_Early_blight,256,256,23818,65536,0.363433837890625,0.363433837890625,23818,0,0,1,ok,val
1e095cdc-6a71-4ae4-9709-be97b5668454___GHLB2 Leaf 8845,1e095cdc-6a71-4ae4-9709-be97b5668454,1e095cdc-6a71-4ae4-9709-be97b5668454___GHLB2 Leaf 8845,artifacts/data/mc_unet/images/1e095cdc-6a71-4ae4-9709-be97b5668454___GHLB2 Leaf 8845.jpg,artifacts/data/mc_unet/masks/1e095cdc-6a71-4ae4-9709-be97b5668454___GHLB2 Leaf 8845.png,artifacts/data/mc_unet/leaf_masks_heuristic/1e095cdc-6a71-4ae4-9709-be97b5668454___GHLB2 Leaf 8845.png,source_jpg,late_blight,Tomato_Late_blight,256,256,4009,65536,0.0611724853515625,0.0611724853515625,0,4009,0,2,ok,train
1e095cdc-6a71-4ae4-9709-be97b5668454___GHLB2 Leaf 8845_flipLR,1e095cdc-6a71-4ae4-9709-be97b5668454,1e095cdc-6a71-4ae4-9709-be97b5668454___GHLB2 Leaf 8845_flipLR,artifacts/data/mc_unet/images/1e095cdc-6a71-4ae4-9709-be97b5668454___GHLB2 Leaf 8845_flipLR.jpg,artifacts/data/mc_unet/masks/1e095cdc-6a71-4ae4-9709-be97b5668454___GHLB2 Leaf 8845_flipLR.png,artifacts/data/mc_unet/leaf_masks_heuristic/1e095cdc-6a71-4ae4-9709-be97b5668454___GHLB2 Leaf 8845_flipLR.png,source_jpg,late_blight,Tomato_Late_blight,256,256,4169,65536,0.0636138916015625,0.0636138916015625,0,4169,0,2,ok,train
1e0adf6c-906f-4e8f-bfea-cdebf491f3bb___GHLB2 Leaf 8572,1e0adf6c-906f-4e8f-bfea-cdebf491f3bb,1e0adf6c-906f-4e8f-bfea-cdebf491f3bb___GHLB2 Leaf 8572,artifacts/data/mc_unet/images/1e0adf6c-906f-4e8f-bfea-cdebf491f3bb___GHLB2 Leaf 8572.jpg,artifacts/data/mc_unet/masks/1e0adf6c-906f-4e8f-bfea-cdebf491f3bb___GHLB2 Leaf 8572.png,artifacts/data/mc_unet/leaf_masks_heuristic/1e0adf6c-906f-4e8f-bfea-cdebf491f3bb___GHLB2 Leaf 8572.png,source_jpg,late_blight,Tomato_Late_blight,256,256,2774,65536,0.042327880859375,0.042327880859375,0,2774,0,3,ok,train
1e0adf6c-906f-4e8f-bfea-cdebf491f3bb___GHLB2 Leaf 8572_flipLR,1e0adf6c-906f-4e8f-bfea-cdebf491f3bb,1e0adf6c-906f-4e8f-bfea-cdebf491f3bb___GHLB2 Leaf 8572_flipLR,artifacts/data/mc_unet/images/1e0adf6c-906f-4e8f-bfea-cdebf491f3bb___GHLB2 Leaf 8572_flipLR.jpg,artifacts/data/mc_unet/masks/1e0adf6c-906f-4e8f-bfea-cdebf491f3bb___GHLB2 Leaf 8572_flipLR.png,artifacts/data/mc_unet/leaf_masks_heuristic/1e0adf6c-906f-4e8f-bfea-cdebf491f3bb___GHLB2 Leaf 8572_flipLR.png,source_jpg,late_blight,Tomato_Late_blight,256,256,2393,65536,0.0365142822265625,0.0365142822265625,0,2393,0,3,ok,train
1e0c01b6-5d75-47ea-b455-c9508882424a___RS_Late.B 6886,1e0c01b6-5d75-47ea-b455-c9508882424a,1e0c01b6-5d75-47ea-b455-c9508882424a___RS_Late.B 6886,artifacts/data/mc_unet/images/1e0c01b6-5d75-47ea-b455-c9508882424a___RS_Late.B 6886.jpg,artifacts/data/mc_unet/masks/1e0c01b6-5d75-47ea-b455-c9508882424a___RS_Late.B 6886.png,artifacts/data/mc_unet/leaf_masks_heuristic/1e0c01b6-5d75-47ea-b455-c9508882424a___RS_Late.B 6886.png,source_jpg,late_blight,Tomato_Late_blight,256,256,6050,65536,0.092315673828125,0.092315673828125,0,6050,0,1,ok,train
1e0c01b6-5d75-47ea-b455-c9508882424a___RS_Late.B 6886_flipLR,1e0c01b6-5d75-47ea-b455-c9508882424a,1e0c01b6-5d75-47ea-b455-c9508882424a___RS_Late.B 6886_flipLR,artifacts/data/mc_unet/images/1e0c01b6-5d75-47ea-b455-c9508882424a___RS_Late.B 6886_flipLR.jpg,artifacts/data/mc_unet/masks/1e0c01b6-5d75-47ea-b455-c9508882424a___RS_Late.B 6886_flipLR.png,artifacts/data/mc_unet/leaf_masks_heuristic/1e0c01b6-5d75-47ea-b455-c9508882424a___RS_Late.B 6886_flipLR.png,source_jpg,late_blight,Tomato_Late_blight,256,256,6357,65536,0.0970001220703125,0.0970001220703125,0,6357,0,1,ok,train
1e2fe7d3-3d69-4cf6-aef7-e9975940bd40___GHLB2 Leaf 77,1e2fe7d3-3d69-4cf6-aef7-e9975940bd40,1e2fe7d3-3d69-4cf6-aef7-e9975940bd40___GHLB2 Leaf 77,artifacts/data/mc_unet/images/1e2fe7d3-3d69-4cf6-aef7-e9975940bd40___GHLB2 Leaf 77.jpg,artifacts/data/mc_unet/masks/1e2fe7d3-3d69-4cf6-aef7-e9975940bd40___GHLB2 Leaf 77.png,artifacts/data/mc_unet/leaf_masks_heuristic/1e2fe7d3-3d69-4cf6-aef7-e9975940bd40___GHLB2 Leaf 77.png,source_jpg,late_blight,Tomato_Late_blight,256,256,1677,65536,0.0255889892578125,0.0255889892578125,0,1677,0,1,ok,train
1e503089-ae6a-4340-8c3c-f44cbaa6cf6f___RS_Erly.B 8264,1e503089-ae6a-4340-8c3c-f44cbaa6cf6f,1e503089-ae6a-4340-8c3c-f44cbaa6cf6f___RS_Erly.B 8264,artifacts/data/mc_unet/images/1e503089-ae6a-4340-8c3c-f44cbaa6cf6f___RS_Erly.B 8264.jpg,artifacts/data/mc_unet/masks/1e503089-ae6a-4340-8c3c-f44cbaa6cf6f___RS_Erly.B 8264.png,artifacts/data/mc_unet/leaf_masks_heuristic/1e503089-ae6a-4340-8c3c-f44cbaa6cf6f___RS_Erly.B 8264.png,source_jpg,early_blight,Tomato_Early_blight,256,256,20544,65536,0.3134765625,0.3134765625,20544,0,0,1,ok,train
1e55a2c0-6618-4c42-93a6-cfc8a9d5ca77___GHLB2 Leaf 9039,1e55a2c0-6618-4c42-93a6-cfc8a9d5ca77,1e55a2c0-6618-4c42-93a6-cfc8a9d5ca77___GHLB2 Leaf 9039,artifacts/data/mc_unet/images/1e55a2c0-6618-4c42-93a6-cfc8a9d5ca77___GHLB2 Leaf 9039.jpg,artifacts/data/mc_unet/masks/1e55a2c0-6618-4c42-93a6-cfc8a9d5ca77___GHLB2 Leaf 9039.png,artifacts/data/mc_unet/leaf_masks_heuristic/1e55a2c0-6618-4c42-93a6-cfc8a9d5ca77___GHLB2 Leaf 9039.png,source_jpg,late_blight,Tomato_Late_blight,256,256,1938,65536,0.029571533203125,0.029571533203125,0,1938,0,1,ok,val
1e55a2c0-6618-4c42-93a6-cfc8a9d5ca77___GHLB2 Leaf 9039_flipLR,1e55a2c0-6618-4c42-93a6-cfc8a9d5ca77,1e55a2c0-6618-4c42-93a6-cfc8a9d5ca77___GHLB2 Leaf 9039_flipLR,artifacts/data/mc_unet/images/1e55a2c0-6618-4c42-93a6-cfc8a9d5ca77___GHLB2 Leaf 9039_flipLR.jpg,artifacts/data/mc_unet/masks/1e55a2c0-6618-4c42-93a6-cfc8a9d5ca77___GHLB2 Leaf 9039_flipLR.png,artifacts/data/mc_unet/leaf_masks_heuristic/1e55a2c0-6618-4c42-93a6-cfc8a9d5ca77___GHLB2 Leaf 9039_flipLR.png,source_jpg,late_blight,Tomato_Late_blight,256,256,1727,65536,0.0263519287109375,0.0263519287109375,0,1727,0,1,ok,val
1e5ba644-efeb-4bd3-b878-a0606cf8a992___RS_Late.B 6272,1e5ba644-efeb-4bd3-b878-a0606cf8a992,1e5ba644-efeb-4bd3-b878-a0606cf8a992___RS_Late.B 6272,artifacts/data/mc_unet/images/1e5ba644-efeb-4bd3-b878-a0606cf8a992___RS_Late.B 6272.jpg,artifacts/data/mc_unet/masks/1e5ba644-efeb-4bd3-b878-a0606cf8a992___RS_Late.B 6272.png,artifacts/data/mc_unet/leaf_masks_heuristic/1e5ba644-efeb-4bd3-b878-a0606cf8a992___RS_Late.B 6272.png,source_jpg,late_blight,Tomato_Late_blight,256,256,11810,65536,0.180206298828125,0.180206298828125,0,11810,0,1,ok,train
1e65a5c4-ba60-4edb-817c-c281d5a5e364___GHLB2 Leaf 9079,1e65a5c4-ba60-4edb-817c-c281d5a5e364,1e65a5c4-ba60-4edb-817c-c281d5a5e364___GHLB2 Leaf 9079,artifacts/data/mc_unet/images/1e65a5c4-ba60-4edb-817c-c281d5a5e364___GHLB2 Leaf 9079.jpg,artifacts/data/mc_unet/masks/1e65a5c4-ba60-4edb-817c-c281d5a5e364___GHLB2 Leaf 9079.png,artifacts/data/mc_unet/leaf_masks_heuristic/1e65a5c4-ba60-4edb-817c-c281d5a5e364___GHLB2 Leaf 9079.png,source_jpg,late_blight,Tomato_Late_blight,256,256,2776,65536,0.0423583984375,0.0423583984375,0,2776,0,4,ok,train
1e671658-3463-4a38-8b6a-e2867aeeda10___RS_Erly.B 6359,1e671658-3463-4a38-8b6a-e2867aeeda10,1e671658-3463-4a38-8b6a-e2867aeeda10___RS_Erly.B 6359,artifacts/data/mc_unet/images/1e671658-3463-4a38-8b6a-e2867aeeda10___RS_Erly.B 6359.jpg,artifacts/data/mc_unet/masks/1e671658-3463-4a38-8b6a-e2867aeeda10___RS_Erly.B 6359.png,artifacts/data/mc_unet/leaf_masks_heuristic/1e671658-3463-4a38-8b6a-e2867aeeda10___RS_Erly.B 6359.png,source_jpg,early_blight,Tomato_Early_blight,256,256,24008,65536,0.3663330078125,0.3663330078125,24008,0,0,1,ok,train
1e982ff7-1d2f-43e9-9c10-8735b84de1aa___GCREC_Bact.Sp 3329,1e982ff7-1d2f-43e9-9c10-8735b84de1aa,1e982ff7-1d2f-43e9-9c10-8735b84de1aa___GCREC_Bact.Sp 3329,artifacts/data/mc_unet/images/1e982ff7-1d2f-43e9-9c10-8735b84de1aa___GCREC_Bact.Sp 3329.jpg,artifacts/data/mc_unet/masks/1e982ff7-1d2f-43e9-9c10-8735b84de1aa___GCREC_Bact.Sp 3329.png,artifacts/data/mc_unet/leaf_masks_heuristic/1e982ff7-1d2f-43e9-9c10-8735b84de1aa___GCREC_Bact.Sp 3329.png,source_jpg,bacterial_spot,Tomato_Bacterial_spot,256,256,15287,65536,0.2332611083984375,0.2332611083984375,0,0,15287,4,ok,train
1ea54b98-1f87-4da7-9bc2-f6460f18b376___RS_Late.B 6713,1ea54b98-1f87-4da7-9bc2-f6460f18b376,1ea54b98-1f87-4da7-9bc2-f6460f18b376___RS_Late.B 6713,artifacts/data/mc_unet/images/1ea54b98-1f87-4da7-9bc2-f6460f18b376___RS_Late.B 6713.jpg,artifacts/data/mc_unet/masks/1ea54b98-1f87-4da7-9bc2-f6460f18b376___RS_Late.B 6713.png,artifacts/data/mc_unet/leaf_masks_heuristic/1ea54b98-1f87-4da7-9bc2-f6460f18b376___RS_Late.B 6713.png,source_jpg,late_blight,Tomato_Late_blight,256,256,19713,65536,0.3007965087890625,0.3007965087890625,0,19713,0,2,ok,val
1ea54b98-1f87-4da7-9bc2-f6460f18b376___RS_Late.B 6713_flipLR,1ea54b98-1f87-4da7-9bc2-f6460f18b376,1ea54b98-1f87-4da7-9bc2-f6460f18b376___RS_Late.B 6713_flipLR,artifacts/data/mc_unet/images/1ea54b98-1f87-4da7-9bc2-f6460f18b376___RS_Late.B 6713_flipLR.jpg,artifacts/data/mc_unet/masks/1ea54b98-1f87-4da7-9bc2-f6460f18b376___RS_Late.B 6713_flipLR.png,artifacts/data/mc_unet/leaf_masks_heuristic/1ea54b98-1f87-4da7-9bc2-f6460f18b376___RS_Late.B 6713_flipLR.png,source_jpg,late_blight,Tomato_Late_blight,256,256,20261,65536,0.3091583251953125,0.3091583251953125,0,20261,0,2,ok,val
1eacb98a-d88b-4e86-bbb8-19ec6a4e6c67___GHLB2 Leaf 148.2,1eacb98a-d88b-4e86-bbb8-19ec6a4e6c67,1eacb98a-d88b-4e86-bbb8-19ec6a4e6c67___GHLB2 Leaf 148.2,artifacts/data/mc_unet/images/1eacb98a-d88b-4e86-bbb8-19ec6a4e6c67___GHLB2 Leaf 148.2.jpg,artifacts/data/mc_unet/masks/1eacb98a-d88b-4e86-bbb8-19ec6a4e6c67___GHLB2 Leaf 148.2.png,artifacts/data/mc_unet/leaf_masks_heuristic/1eacb98a-d88b-4e86-bbb8-19ec6a4e6c67___GHLB2 Leaf 148.2.png,source_jpg,late_blight,Tomato_Late_blight,256,256,3280,65536,0.050048828125,0.050048828125,0,3280,0,2,ok,train
1eacb98a-d88b-4e86-bbb8-19ec6a4e6c67___GHLB2 Leaf 148.2_flipLR,1eacb98a-d88b-4e86-bbb8-19ec6a4e6c67,1eacb98a-d88b-4e86-bbb8-19ec6a4e6c67___GHLB2 Leaf 148.2_flipLR,artifacts/data/mc_unet/images/1eacb98a-d88b-4e86-bbb8-19ec6a4e6c67___GHLB2 Leaf 148.2_flipLR.jpg,artifacts/data/mc_unet/masks/1eacb98a-d88b-4e86-bbb8-19ec6a4e6c67___GHLB2 Leaf 148.2_flipLR.png,artifacts/data/mc_unet/leaf_masks_heuristic/1eacb98a-d88b-4e86-bbb8-19ec6a4e6c67___GHLB2 Leaf 148.2_flipLR.png,source_jpg,late_blight,Tomato_Late_blight,256,256,3536,65536,0.053955078125,0.053955078125,0,3536,0,2,ok,train
1ec8d580-f7b5-481f-85af-f2370a29a330___GCREC_Bact.Sp 5620,1ec8d580-f7b5-481f-85af-f2370a29a330,1ec8d580-f7b5-481f-85af-f2370a29a330___GCREC_Bact.Sp 5620,artifacts/data/mc_unet/images/1ec8d580-f7b5-481f-85af-f2370a29a330___GCREC_Bact.Sp 5620.jpg,artifacts/data/mc_unet/masks/1ec8d580-f7b5-481f-85af-f2370a29a330___GCREC_Bact.Sp 5620.png,artifacts/data/mc_unet/leaf_masks_heuristic/1ec8d580-f7b5-481f-85af-f2370a29a330___GCREC_Bact.Sp 5620.png,source_jpg,bacterial_spot,Tomato_Bacterial_spot,256,256,2441,65536,0.0372467041015625,0.0372467041015625,0,0,2441,1,ok,train
1ec9c019-1594-4916-a04c-65b87eceb8ca___RS_Late.B 6069,1ec9c019-1594-4916-a04c-65b87eceb8ca,1ec9c019-1594-4916-a04c-65b87eceb8ca___RS_Late.B 6069,artifacts/data/mc_unet/images/1ec9c019-1594-4916-a04c-65b87eceb8ca___RS_Late.B 6069.jpg,artifacts/data/mc_unet/masks/1ec9c019-1594-4916-a04c-65b87eceb8ca___RS_Late.B 6069.png,artifacts/data/mc_unet/leaf_masks_heuristic/1ec9c019-1594-4916-a04c-65b87eceb8ca___RS_Late.B 6069.png,source_jpg,late_blight,Tomato_Late_blight,256,256,14165,65536,0.2161407470703125,0.2161407470703125,0,14165,0,2,ok,val
1ec9c019-1594-4916-a04c-65b87eceb8ca___RS_Late.B 6069_flipLR,1ec9c019-1594-4916-a04c-65b87eceb8ca,1ec9c019-1594-4916-a04c-65b87eceb8ca___RS_Late.B 6069_flipLR,artifacts/data/mc_unet/images/1ec9c019-1594-4916-a04c-65b87eceb8ca___RS_Late.B 6069_flipLR.jpg,artifacts/data/mc_unet/masks/1ec9c019-1594-4916-a04c-65b87eceb8ca___RS_Late.B 6069_flipLR.png,artifacts/data/mc_unet/leaf_masks_heuristic/1ec9c019-1594-4916-a04c-65b87eceb8ca___RS_Late.B 6069_flipLR.png,source_jpg,late_blight,Tomato_Late_blight,256,256,14018,65536,0.213897705078125,0.213897705078125,0,14018,0,2,ok,val
1ee0cf88-307d-4c0c-af30-6031c2cbd256___GCREC_Bact.Sp 5840,1ee0cf88-307d-4c0c-af30-6031c2cbd256,1ee0cf88-307d-4c0c-af30-6031c2cbd256___GCREC_Bact.Sp 5840,artifacts/data/mc_unet/images/1ee0cf88-307d-4c0c-af30-6031c2cbd256___GCREC_Bact.Sp 5840.jpg,artifacts/data/mc_unet/masks/1ee0cf88-307d-4c0c-af30-6031c2cbd256___GCREC_Bact.Sp 5840.png,artifacts/data/mc_unet/leaf_masks_heuristic/1ee0cf88-307d-4c0c-af30-6031c2cbd256___GCREC_Bact.Sp 5840.png,source_jpg,bacterial_spot,Tomato_Bacterial_spot,256,256,384,65536,0.005859375,0.005859375,0,0,384,1,ok,train
1f200e50-7cb5-4a83-8ecd-dcf133f1f45e___GHLB2 Leaf 8991_flipLR,1f200e50-7cb5-4a83-8ecd-dcf133f1f45e,1f200e50-7cb5-4a83-8ecd-dcf133f1f45e___GHLB2 Leaf 8991_flipLR,artifacts/data/mc_unet/images/1f200e50-7cb5-4a83-8ecd-dcf133f1f45e___GHLB2 Leaf 8991_flipLR.jpg,artifacts/data/mc_unet/masks/1f200e50-7cb5-4a83-8ecd-dcf133f1f45e___GHLB2 Leaf 8991_flipLR.png,artifacts/data/mc_unet/leaf_masks_heuristic/1f200e50-7cb5-4a83-8ecd-dcf133f1f45e___GHLB2 Leaf 8991_flipLR.png,source_jpg,late_blight,Tomato_Late_blight,256,256,3475,65536,0.0530242919921875,0.0530242919921875,0,3475,0,2,ok,train
1f2dc4ae-5264-443a-a103-67fafb37bc70___GHLB_PS Leaf 26.1 Day 16,1f2dc4ae-5264-443a-a103-67fafb37bc70,1f2dc4ae-5264-443a-a103-67fafb37bc70___GHLB_PS Leaf 26.1 Day 16,artifacts/data/mc_unet/images/1f2dc4ae-5264-443a-a103-67fafb37bc70___GHLB_PS Leaf 26.1 Day 16.jpg,artifacts/data/mc_unet/masks/1f2dc4ae-5264-443a-a103-67fafb37bc70___GHLB_PS Leaf 26.1 Day 16.png,artifacts/data/mc_unet/leaf_masks_heuristic/1f2dc4ae-5264-443a-a103-67fafb37bc70___GHLB_PS Leaf 26.1 Day 16.png,source_jpg,late_blight,Tomato_Late_blight,256,256,5116,65536,0.07806396484375,0.07806396484375,0,5116,0,1,ok,train
1f2dc4ae-5264-443a-a103-67fafb37bc70___GHLB_PS Leaf 26.1 Day 16_flipLR,1f2dc4ae-5264-443a-a103-67fafb37bc70,1f2dc4ae-5264-443a-a103-67fafb37bc70___GHLB_PS Leaf 26.1 Day 16_flipLR,artifacts/data/mc_unet/images/1f2dc4ae-5264-443a-a103-67fafb37bc70___GHLB_PS Leaf 26.1 Day 16_flipLR.jpg,artifacts/data/mc_unet/masks/1f2dc4ae-5264-443a-a103-67fafb37bc70___GHLB_PS Leaf 26.1 Day 16_flipLR.png,artifacts/data/mc_unet/leaf_masks_heuristic/1f2dc4ae-5264-443a-a103-67fafb37bc70___GHLB_PS Leaf 26.1 Day 16_flipLR.png,source_jpg,late_blight,Tomato_Late_blight,256,256,4849,65536,0.0739898681640625,0.0739898681640625,0,4849,0,1,ok,train
1f38a263-cfb5-47fe-8c0e-f8d62141f922___GHLB_PS leaf 28 Day 12 ,1f38a263-cfb5-47fe-8c0e-f8d62141f922,1f38a263-cfb5-47fe-8c0e-f8d62141f922___GHLB_PS leaf 28 Day 12 ,artifacts/data/mc_unet/images/1f38a263-cfb5-47fe-8c0e-f8d62141f922___GHLB_PS leaf 28 Day 12 .jpg,artifacts/data/mc_unet/masks/1f38a263-cfb5-47fe-8c0e-f8d62141f922___GHLB_PS leaf 28 Day 12 .png,artifacts/data/mc_unet/leaf_masks_heuristic/1f38a263-cfb5-47fe-8c0e-f8d62141f922___GHLB_PS leaf 28 Day 12 .png,source_jpg,late_blight,Tomato_Late_blight,256,256,4430,65536,0.067596435546875,0.067596435546875,0,4430,0,1,ok,train
1f38b254-2338-4e4a-b772-2a8e60ca8bc0___GHLB2 Leaf 121.3_flipLR,1f38b254-2338-4e4a-b772-2a8e60ca8bc0,1f38b254-2338-4e4a-b772-2a8e60ca8bc0___GHLB2 Leaf 121.3_flipLR,artifacts/data/mc_unet/images/1f38b254-2338-4e4a-b772-2a8e60ca8bc0___GHLB2 Leaf 121.3_flipLR.jpg,artifacts/data/mc_unet/masks/1f38b254-2338-4e4a-b772-2a8e60ca8bc0___GHLB2 Leaf 121.3_flipLR.png,artifacts/data/mc_unet/leaf_masks_heuristic/1f38b254-2338-4e4a-b772-2a8e60ca8bc0___GHLB2 Leaf 121.3_flipLR.png,source_jpg,late_blight,Tomato_Late_blight,256,256,11169,65536,0.1704254150390625,0.1704254150390625,0,11169,0,3,ok,test
1f402ddb-f3e8-4907-a793-320c8e43446a___RS_Erly.B 9460,1f402ddb-f3e8-4907-a793-320c8e43446a,1f402ddb-f3e8-4907-a793-320c8e43446a___RS_Erly.B 9460,artifacts/data/mc_unet/images/1f402ddb-f3e8-4907-a793-320c8e43446a___RS_Erly.B 9460.jpg,artifacts/data/mc_unet/masks/1f402ddb-f3e8-4907-a793-320c8e43446a___RS_Erly.B 9460.png,artifacts/data/mc_unet/leaf_masks_heuristic/1f402ddb-f3e8-4907-a793-320c8e43446a___RS_Erly.B 9460.png,source_jpg,early_blight,Tomato_Early_blight,256,256,18307,65536,0.2793426513671875,0.2793426513671875,18307,0,0,1,ok,train
1f4c6478-a39b-4974-aeef-3fcfa5ea69a6___RS_Erly.B 7385,1f4c6478-a39b-4974-aeef-3fcfa5ea69a6,1f4c6478-a39b-4974-aeef-3fcfa5ea69a6___RS_Erly.B 7385,artifacts/data/mc_unet/images/1f4c6478-a39b-4974-aeef-3fcfa5ea69a6___RS_Erly.B 7385.jpg,artifacts/data/mc_unet/masks/1f4c6478-a39b-4974-aeef-3fcfa5ea69a6___RS_Erly.B 7385.png,artifacts/data/mc_unet/leaf_masks_heuristic/1f4c6478-a39b-4974-aeef-3fcfa5ea69a6___RS_Erly.B 7385.png,source_jpg,early_blight,Tomato_Early_blight,256,256,2587,65536,0.0394744873046875,0.0394744873046875,2587,0,0,6,ok,train
1f4c9f8a-5672-4e47-84dd-55f85f953174___RS_Erly.B 7582,1f4c9f8a-5672-4e47-84dd-55f85f953174,1f4c9f8a-5672-4e47-84dd-55f85f953174___RS_Erly.B 7582,artifacts/data/mc_unet/images/1f4c9f8a-5672-4e47-84dd-55f85f953174___RS_Erly.B 7582.jpg,artifacts/data/mc_unet/masks/1f4c9f8a-5672-4e47-84dd-55f85f953174___RS_Erly.B 7582.png,artifacts/data/mc_unet/leaf_masks_heuristic/1f4c9f8a-5672-4e47-84dd-55f85f953174___RS_Erly.B 7582.png,source_jpg,early_blight,Tomato_Early_blight,256,256,2870,65536,0.043792724609375,0.043792724609375,2870,0,0,9,ok,train
1f73406a-14e8-4be2-8450-9379d4f9b2b5___GHLB2 Leaf 9062,1f73406a-14e8-4be2-8450-9379d4f9b2b5,1f73406a-14e8-4be2-8450-9379d4f9b2b5___GHLB2 Leaf 9062,artifacts/data/mc_unet/images/1f73406a-14e8-4be2-8450-9379d4f9b2b5___GHLB2 Leaf 9062.jpg,artifacts/data/mc_unet/masks/1f73406a-14e8-4be2-8450-9379d4f9b2b5___GHLB2 Leaf 9062.png,artifacts/data/mc_unet/leaf_masks_heuristic/1f73406a-14e8-4be2-8450-9379d4f9b2b5___GHLB2 Leaf 9062.png,source_jpg,late_blight,Tomato_Late_blight,256,256,6756,65536,0.10308837890625,0.10308837890625,0,6756,0,1,ok,test
1f8743b6-f385-4464-9e41-48bd9fe85637___GHLB2 Leaf 8914,1f8743b6-f385-4464-9e41-48bd9fe85637,1f8743b6-f385-4464-9e41-48bd9fe85637___GHLB2 Leaf 8914,artifacts/data/mc_unet/images/1f8743b6-f385-4464-9e41-48bd9fe85637___GHLB2 Leaf 8914.jpg,artifacts/data/mc_unet/masks/1f8743b6-f385-4464-9e41-48bd9fe85637___GHLB2 Leaf 8914.png,artifacts/data/mc_unet/leaf_masks_heuristic/1f8743b6-f385-4464-9e41-48bd9fe85637___GHLB2 Leaf 8914.png,source_jpg,late_blight,Tomato_Late_blight,256,256,6269,65536,0.0956573486328125,0.0956573486328125,0,6269,0,5,ok,train
1f8743b6-f385-4464-9e41-48bd9fe85637___GHLB2 Leaf 8914_flipLR,1f8743b6-f385-4464-9e41-48bd9fe85637,1f8743b6-f385-4464-9e41-48bd9fe85637___GHLB2 Leaf 8914_flipLR,artifacts/data/mc_unet/images/1f8743b6-f385-4464-9e41-48bd9fe85637___GHLB2 Leaf 8914_flipLR.jpg,artifacts/data/mc_unet/masks/1f8743b6-f385-4464-9e41-48bd9fe85637___GHLB2 Leaf 8914_flipLR.png,artifacts/data/mc_unet/leaf_masks_heuristic/1f8743b6-f385-4464-9e41-48bd9fe85637___GHLB2 Leaf 8914_flipLR.png,source_jpg,late_blight,Tomato_Late_blight,256,256,7876,65536,0.12017822265625,0.12017822265625,0,7876,0,2,ok,train
1f8c98e1-b5ff-48eb-b676-7c51e99a1329___GCREC_Bact.Sp 5919,1f8c98e1-b5ff-48eb-b676-7c51e99a1329,1f8c98e1-b5ff-48eb-b676-7c51e99a1329___GCREC_Bact.Sp 5919,artifacts/data/mc_unet/images/1f8c98e1-b5ff-48eb-b676-7c51e99a1329___GCREC_Bact.Sp 5919.jpg,artifacts/data/mc_unet/masks/1f8c98e1-b5ff-48eb-b676-7c51e99a1329___GCREC_Bact.Sp 5919.png,artifacts/data/mc_unet/leaf_masks_heuristic/1f8c98e1-b5ff-48eb-b676-7c51e99a1329___GCREC_Bact.Sp 5919.png,source_jpg,bacterial_spot,Tomato_Bacterial_spot,256,256,11183,65536,0.1706390380859375,0.1706390380859375,0,0,11183,2,ok,test
1fa37cd4-066e-4deb-ab99-5fa8dcc4481c___RS_Late.B 5454,1fa37cd4-066e-4deb-ab99-5fa8dcc4481c,1fa37cd4-066e-4deb-ab99-5fa8dcc4481c___RS_Late.B 5454,artifacts/data/mc_unet/images/1fa37cd4-066e-4deb-ab99-5fa8dcc4481c___RS_Late.B 5454.jpg,artifacts/data/mc_unet/masks/1fa37cd4-066e-4deb-ab99-5fa8dcc4481c___RS_Late.B 5454.png,artifacts/data/mc_unet/leaf_masks_heuristic/1fa37cd4-066e-4deb-ab99-5fa8dcc4481c___RS_Late.B 5454.png,source_jpg,late_blight,Tomato_Late_blight,256,256,18308,65536,0.27935791015625,0.27935791015625,0,18308,0,1,ok,train
1fdbbbb4-fb2b-415b-a316-16688f21c4da___GCREC_Bact.Sp 3338,1fdbbbb4-fb2b-415b-a316-16688f21c4da,1fdbbbb4-fb2b-415b-a316-16688f21c4da___GCREC_Bact.Sp 3338,artifacts/data/mc_unet/images/1fdbbbb4-fb2b-415b-a316-16688f21c4da___GCREC_Bact.Sp 3338.jpg,artifacts/data/mc_unet/masks/1fdbbbb4-fb2b-415b-a316-16688f21c4da___GCREC_Bact.Sp 3338.png,artifacts/data/mc_unet/leaf_masks_heuristic/1fdbbbb4-fb2b-415b-a316-16688f21c4da___GCREC_Bact.Sp 3338.png,source_jpg,bacterial_spot,Tomato_Bacterial_spot,256,256,8054,65536,0.122894287109375,0.122894287109375,0,0,8054,4,ok,train
1ff93f22-ad6e-4c74-a677-90e88d1b93df___GCREC_Bact.Sp 3532,1ff93f22-ad6e-4c74-a677-90e88d1b93df,1ff93f22-ad6e-4c74-a677-90e88d1b93df___GCREC_Bact.Sp 3532,artifacts/data/mc_unet/images/1ff93f22-ad6e-4c74-a677-90e88d1b93df___GCREC_Bact.Sp 3532.jpg,artifacts/data/mc_unet/masks/1ff93f22-ad6e-4c74-a677-90e88d1b93df___GCREC_Bact.Sp 3532.png,artifacts/data/mc_unet/leaf_masks_heuristic/1ff93f22-ad6e-4c74-a677-90e88d1b93df___GCREC_Bact.Sp 3532.png,source_jpg,bacterial_spot,Tomato_Bacterial_spot,256,256,526,65536,0.008026123046875,0.008026123046875,0,0,526,4,ok,train
20a276c8-90b5-475f-811b-1d63f34f1c10___RS_Erly.B 9551,20a276c8-90b5-475f-811b-1d63f34f1c10,20a276c8-90b5-475f-811b-1d63f34f1c10___RS_Erly.B 9551,artifacts/data/mc_unet/images/20a276c8-90b5-475f-811b-1d63f34f1c10___RS_Erly.B 9551.jpg,artifacts/data/mc_unet/masks/20a276c8-90b5-475f-811b-1d63f34f1c10___RS_Erly.B 9551.png,artifacts/data/mc_unet/leaf_masks_heuristic/20a276c8-90b5-475f-811b-1d63f34f1c10___RS_Erly.B 9551.png,source_jpg,early_blight,Tomato_Early_blight,256,256,10298,65536,0.157135009765625,0.157135009765625,10298,0,0,1,ok,val
21ad39db-c205-4220-a7e6-566042e70007___RS_Erly.B 7633,21ad39db-c205-4220-a7e6-566042e70007,21ad39db-c205-4220-a7e6-566042e70007___RS_Erly.B 7633,artifacts/data/mc_unet/images/21ad39db-c205-4220-a7e6-566042e70007___RS_Erly.B 7633.jpg,artifacts/data/mc_unet/masks/21ad39db-c205-4220-a7e6-566042e70007___RS_Erly.B 7633.png,artifacts/data/mc_unet/leaf_masks_heuristic/21ad39db-c205-4220-a7e6-566042e70007___RS_Erly.B 7633.png,source_jpg,early_blight,Tomato_Early_blight,256,256,4998,65536,0.076263427734375,0.076263427734375,4998,0,0,11,ok,train
21d6c7aa-20d7-4434-9248-e21d073e165a___RS_Erly.B 7495,21d6c7aa-20d7-4434-9248-e21d073e165a,21d6c7aa-20d7-4434-9248-e21d073e165a___RS_Erly.B 7495,artifacts/data/mc_unet/images/21d6c7aa-20d7-4434-9248-e21d073e165a___RS_Erly.B 7495.jpg,artifacts/data/mc_unet/masks/21d6c7aa-20d7-4434-9248-e21d073e165a___RS_Erly.B 7495.png,artifacts/data/mc_unet/leaf_masks_heuristic/21d6c7aa-20d7-4434-9248-e21d073e165a___RS_Erly.B 7495.png,source_jpg,early_blight,Tomato_Early_blight,256,256,3998,65536,0.061004638671875,0.061004638671875,3998,0,0,6,ok,train
21f9a0a5-b145-40e7-8884-df2bb52eb592___RS_Erly.B 7391,21f9a0a5-b145-40e7-8884-df2bb52eb592,21f9a0a5-b145-40e7-8884-df2bb52eb592___RS_Erly.B 7391,artifacts/data/mc_unet/images/21f9a0a5-b145-40e7-8884-df2bb52eb592___RS_Erly.B 7391.jpg,artifacts/data/mc_unet/masks/21f9a0a5-b145-40e7-8884-df2bb52eb592___RS_Erly.B 7391.png,artifacts/data/mc_unet/leaf_masks_heuristic/21f9a0a5-b145-40e7-8884-df2bb52eb592___RS_Erly.B 7391.png,source_jpg,early_blight,Tomato_Early_blight,256,256,5828,65536,0.08892822265625,0.08892822265625,5828,0,0,9,ok,train
21ffaf6b-7ad0-45bf-bd7e-7d697413ebbd___RS_Erly.B 9500,21ffaf6b-7ad0-45bf-bd7e-7d697413ebbd,21ffaf6b-7ad0-45bf-bd7e-7d697413ebbd___RS_Erly.B 9500,artifacts/data/mc_unet/images/21ffaf6b-7ad0-45bf-bd7e-7d697413ebbd___RS_Erly.B 9500.jpg,artifacts/data/mc_unet/masks/21ffaf6b-7ad0-45bf-bd7e-7d697413ebbd___RS_Erly.B 9500.png,artifacts/data/mc_unet/leaf_masks_heuristic/21ffaf6b-7ad0-45bf-bd7e-7d697413ebbd___RS_Erly.B 9500.png,source_jpg,early_blight,Tomato_Early_blight,256,256,17496,65536,0.2669677734375,0.2669677734375,17496,0,0,1,ok,train
22b653c4-9e15-4081-8ece-9b5950a94120___RS_Erly.B 7814,22b653c4-9e15-4081-8ece-9b5950a94120,22b653c4-9e15-4081-8ece-9b5950a94120___RS_Erly.B 7814,artifacts/data/mc_unet/images/22b653c4-9e15-4081-8ece-9b5950a94120___RS_Erly.B 7814.jpg,artifacts/data/mc_unet/masks/22b653c4-9e15-4081-8ece-9b5950a94120___RS_Erly.B 7814.png,artifacts/data/mc_unet/leaf_masks_heuristic/22b653c4-9e15-4081-8ece-9b5950a94120___RS_Erly.B 7814.png,source_jpg,early_blight,Tomato_Early_blight,256,256,23789,65536,0.3629913330078125,0.3629913330078125,23789,0,0,1,ok,train
22b8de0e-636d-4407-a270-ef3614c33227___RS_Erly.B 8257,22b8de0e-636d-4407-a270-ef3614c33227,22b8de0e-636d-4407-a270-ef3614c33227___RS_Erly.B 8257,artifacts/data/mc_unet/images/22b8de0e-636d-4407-a270-ef3614c33227___RS_Erly.B 8257.jpg,artifacts/data/mc_unet/masks/22b8de0e-636d-4407-a270-ef3614c33227___RS_Erly.B 8257.png,artifacts/data/mc_unet/leaf_masks_heuristic/22b8de0e-636d-4407-a270-ef3614c33227___RS_Erly.B 8257.png,source_jpg,early_blight,Tomato_Early_blight,256,256,22741,65536,0.3470001220703125,0.3470001220703125,22741,0,0,2,ok,train
23e8ae15-6cfc-4518-9266-3a289a7bced7___RS_Erly.B 6479,23e8ae15-6cfc-4518-9266-3a289a7bced7,23e8ae15-6cfc-4518-9266-3a289a7bced7___RS_Erly.B 6479,artifacts/data/mc_unet/images/23e8ae15-6cfc-4518-9266-3a289a7bced7___RS_Erly.B 6479.jpg,artifacts/data/mc_unet/masks/23e8ae15-6cfc-4518-9266-3a289a7bced7___RS_Erly.B 6479.png,artifacts/data/mc_unet/leaf_masks_heuristic/23e8ae15-6cfc-4518-9266-3a289a7bced7___RS_Erly.B 6479.png,source_jpg,early_blight,Tomato_Early_blight,256,256,9508,65536,0.14508056640625,0.14508056640625,9508,0,0,5,ok,train
24f5a397-b5ac-451c-b979-28ee2bb056e6___RS_Erly.B 7795,24f5a397-b5ac-451c-b979-28ee2bb056e6,24f5a397-b5ac-451c-b979-28ee2bb056e6___RS_Erly.B 7795,artifacts/data/mc_unet/images/24f5a397-b5ac-451c-b979-28ee2bb056e6___RS_Erly.B 7795.jpg,artifacts/data/mc_unet/masks/24f5a397-b5ac-451c-b979-28ee2bb056e6___RS_Erly.B 7795.png,artifacts/data/mc_unet/leaf_masks_heuristic/24f5a397-b5ac-451c-b979-28ee2bb056e6___RS_Erly.B 7795.png,source_jpg,early_blight,Tomato_Early_blight,256,256,784,65536,0.011962890625,0.011962890625,784,0,0,4,ok,train
25b96058-36c9-4213-bb16-088e76cb30b1___RS_Erly.B 9417,25b96058-36c9-4213-bb16-088e76cb30b1,25b96058-36c9-4213-bb16-088e76cb30b1___RS_Erly.B 9417,artifacts/data/mc_unet/images/25b96058-36c9-4213-bb16-088e76cb30b1___RS_Erly.B 9417.jpg,artifacts/data/mc_unet/masks/25b96058-36c9-4213-bb16-088e76cb30b1___RS_Erly.B 9417.png,artifacts/data/mc_unet/leaf_masks_heuristic/25b96058-36c9-4213-bb16-088e76cb30b1___RS_Erly.B 9417.png,source_jpg,early_blight,Tomato_Early_blight,256,256,11700,65536,0.17852783203125,0.17852783203125,11700,0,0,11,ok,test
25cc64d3-0ea1-4082-9b2a-bcaee3056580___RS_Erly.B 9602,25cc64d3-0ea1-4082-9b2a-bcaee3056580,25cc64d3-0ea1-4082-9b2a-bcaee3056580___RS_Erly.B 9602,artifacts/data/mc_unet/images/25cc64d3-0ea1-4082-9b2a-bcaee3056580___RS_Erly.B 9602.jpg,artifacts/data/mc_unet/masks/25cc64d3-0ea1-4082-9b2a-bcaee3056580___RS_Erly.B 9602.png,artifacts/data/mc_unet/leaf_masks_heuristic/25cc64d3-0ea1-4082-9b2a-bcaee3056580___RS_Erly.B 9602.png,source_jpg,early_blight,Tomato_Early_blight,256,256,24744,65536,0.3775634765625,0.3775634765625,24744,0,0,1,ok,train
2a295211-a73b-4460-95c5-81842743518f___RS_Late.B 5116,2a295211-a73b-4460-95c5-81842743518f,2a295211-a73b-4460-95c5-81842743518f___RS_Late.B 5116,artifacts/data/mc_unet/images/2a295211-a73b-4460-95c5-81842743518f___RS_Late.B 5116.jpg,artifacts/data/mc_unet/masks/2a295211-a73b-4460-95c5-81842743518f___RS_Late.B 5116.png,artifacts/data/mc_unet/leaf_masks_heuristic/2a295211-a73b-4460-95c5-81842743518f___RS_Late.B 5116.png,source_jpg,late_blight,Tomato_Late_blight,256,256,3930,65536,0.059967041015625,0.059967041015625,0,3930,0,1,ok,train
2a295211-a73b-4460-95c5-81842743518f___RS_Late.B 5116_flipLR,2a295211-a73b-4460-95c5-81842743518f,2a295211-a73b-4460-95c5-81842743518f___RS_Late.B 5116_flipLR,artifacts/data/mc_unet/images/2a295211-a73b-4460-95c5-81842743518f___RS_Late.B 5116_flipLR.jpg,artifacts/data/mc_unet/masks/2a295211-a73b-4460-95c5-81842743518f___RS_Late.B 5116_flipLR.png,artifacts/data/mc_unet/leaf_masks_heuristic/2a295211-a73b-4460-95c5-81842743518f___RS_Late.B 5116_flipLR.png,source_jpg,late_blight,Tomato_Late_blight,256,256,4114,65536,0.062774658203125,0.062774658203125,0,4114,0,1,ok,train
2a377230-f904-4646-95da-76e242051242___GCREC_Bact.Sp 3085,2a377230-f904-4646-95da-76e242051242,2a377230-f904-4646-95da-76e242051242___GCREC_Bact.Sp 3085,artifacts/data/mc_unet/images/2a377230-f904-4646-95da-76e242051242___GCREC_Bact.Sp 3085.jpg,artifacts/data/mc_unet/masks/2a377230-f904-4646-95da-76e242051242___GCREC_Bact.Sp 3085.png,artifacts/data/mc_unet/leaf_masks_heuristic/2a377230-f904-4646-95da-76e242051242___GCREC_Bact.Sp 3085.png,source_jpg,bacterial_spot,Tomato_Bacterial_spot,256,256,3573,65536,0.0545196533203125,0.0545196533203125,0,0,3573,2,ok,val
2a43c0fa-a3dc-4f6d-a9e9-cb4274ae019f___GCREC_Bact.Sp 3621,2a43c0fa-a3dc-4f6d-a9e9-cb4274ae019f,2a43c0fa-a3dc-4f6d-a9e9-cb4274ae019f___GCREC_Bact.Sp 3621,artifacts/data/mc_unet/images/2a43c0fa-a3dc-4f6d-a9e9-cb4274ae019f___GCREC_Bact.Sp 3621.jpg,artifacts/data/mc_unet/masks/2a43c0fa-a3dc-4f6d-a9e9-cb4274ae019f___GCREC_Bact.Sp 3621.png,artifacts/data/mc_unet/leaf_masks_heuristic/2a43c0fa-a3dc-4f6d-a9e9-cb4274ae019f___GCREC_Bact.Sp 3621.png,source_jpg,bacterial_spot,Tomato_Bacterial_spot,256,256,239,65536,0.0036468505859375,0.0036468505859375,0,0,239,1,ok,train
2a49b85e-6b7a-4a55-82c3-f596ed09f82d___GHLB2 Leaf 133.1,2a49b85e-6b7a-4a55-82c3-f596ed09f82d,2a49b85e-6b7a-4a55-82c3-f596ed09f82d___GHLB2 Leaf 133.1,artifacts/data/mc_unet/images/2a49b85e-6b7a-4a55-82c3-f596ed09f82d___GHLB2 Leaf 133.1.jpg,artifacts/data/mc_unet/masks/2a49b85e-6b7a-4a55-82c3-f596ed09f82d___GHLB2 Leaf 133.1.png,artifacts/data/mc_unet/leaf_masks_heuristic/2a49b85e-6b7a-4a55-82c3-f596ed09f82d___GHLB2 Leaf 133.1.png,source_jpg,late_blight,Tomato_Late_blight,256,256,6259,65536,0.0955047607421875,0.0955047607421875,0,6259,0,1,ok,train
2a49b85e-6b7a-4a55-82c3-f596ed09f82d___GHLB2 Leaf 133.1_flipLR,2a49b85e-6b7a-4a55-82c3-f596ed09f82d,2a49b85e-6b7a-4a55-82c3-f596ed09f82d___GHLB2 Leaf 133.1_flipLR,artifacts/data/mc_unet/images/2a49b85e-6b7a-4a55-82c3-f596ed09f82d___GHLB2 Leaf 133.1_flipLR.jpg,artifacts/data/mc_unet/masks/2a49b85e-6b7a-4a55-82c3-f596ed09f82d___GHLB2 Leaf 133.1_flipLR.png,artifacts/data/mc_unet/leaf_masks_heuristic/2a49b85e-6b7a-4a55-82c3-f596ed09f82d___GHLB2 Leaf 133.1_flipLR.png,source_jpg,late_blight,Tomato_Late_blight,256,256,6503,65536,0.0992279052734375,0.0992279052734375,0,6503,0,1,ok,train
2a5367b1-6732-4213-b095-5953251324ee___RS_Erly.B 7585,2a5367b1-6732-4213-b095-5953251324ee,2a5367b1-6732-4213-b095-5953251324ee___RS_Erly.B 7585,artifacts/data/mc_unet/images/2a5367b1-6732-4213-b095-5953251324ee___RS_Erly.B 7585.jpg,artifacts/data/mc_unet/masks/2a5367b1-6732-4213-b095-5953251324ee___RS_Erly.B 7585.png,artifacts/data/mc_unet/leaf_masks_heuristic/2a5367b1-6732-4213-b095-5953251324ee___RS_Erly.B 7585.png,source_jpg,early_blight,Tomato_Early_blight,256,256,6760,65536,0.1031494140625,0.1031494140625,6760,0,0,10,ok,train
2a64ed5f-6be9-463b-894f-e2953da0a974___RS_Erly.B 7520,2a64ed5f-6be9-463b-894f-e2953da0a974,2a64ed5f-6be9-463b-894f-e2953da0a974___RS_Erly.B 7520,artifacts/data/mc_unet/images/2a64ed5f-6be9-463b-894f-e2953da0a974___RS_Erly.B 7520.jpg,artifacts/data/mc_unet/masks/2a64ed5f-6be9-463b-894f-e2953da0a974___RS_Erly.B 7520.png,artifacts/data/mc_unet/leaf_masks_heuristic/2a64ed5f-6be9-463b-894f-e2953da0a974___RS_Erly.B 7520.png,source_jpg,early_blight,Tomato_Early_blight,256,256,20790,65536,0.317230224609375,0.317230224609375,20790,0,0,1,ok,train
2a7cceba-5a33-418a-9718-ccd99ba6c4d1___RS_Late.B 6868,2a7cceba-5a33-418a-9718-ccd99ba6c4d1,2a7cceba-5a33-418a-9718-ccd99ba6c4d1___RS_Late.B 6868,artifacts/data/mc_unet/images/2a7cceba-5a33-418a-9718-ccd99ba6c4d1___RS_Late.B 6868.jpg,artifacts/data/mc_unet/masks/2a7cceba-5a33-418a-9718-ccd99ba6c4d1___RS_Late.B 6868.png,artifacts/data/mc_unet/leaf_masks_heuristic/2a7cceba-5a33-418a-9718-ccd99ba6c4d1___RS_Late.B 6868.png,source_jpg,late_blight,Tomato_Late_blight,256,256,6015,65536,0.0917816162109375,0.0917816162109375,0,6015,0,3,ok,train
2a7cceba-5a33-418a-9718-ccd99ba6c4d1___RS_Late.B 6868_flipLR,2a7cceba-5a33-418a-9718-ccd99ba6c4d1,2a7cceba-5a33-418a-9718-ccd99ba6c4d1___RS_Late.B 6868_flipLR,artifacts/data/mc_unet/images/2a7cceba-5a33-418a-9718-ccd99ba6c4d1___RS_Late.B 6868_flipLR.jpg,artifacts/data/mc_unet/masks/2a7cceba-5a33-418a-9718-ccd99ba6c4d1___RS_Late.B 6868_flipLR.png,artifacts/data/mc_unet/leaf_masks_heuristic/2a7cceba-5a33-418a-9718-ccd99ba6c4d1___RS_Late.B 6868_flipLR.png,source_jpg,late_blight,Tomato_Late_blight,256,256,6041,65536,0.0921783447265625,0.0921783447265625,0,6041,0,3,ok,train
2a9c6104-6e28-444a-aa97-027020004409___GCREC_Bact.Sp 3605,2a9c6104-6e28-444a-aa97-027020004409,2a9c6104-6e28-444a-aa97-027020004409___GCREC_Bact.Sp 3605,artifacts/data/mc_unet/images/2a9c6104-6e28-444a-aa97-027020004409___GCREC_Bact.Sp 3605.jpg,artifacts/data/mc_unet/masks/2a9c6104-6e28-444a-aa97-027020004409___GCREC_Bact.Sp 3605.png,artifacts/data/mc_unet/leaf_masks_heuristic/2a9c6104-6e28-444a-aa97-027020004409___GCREC_Bact.Sp 3605.png,source_jpg,bacterial_spot,Tomato_Bacterial_spot,256,256,732,65536,0.01116943359375,0.01116943359375,0,0,732,1,ok,train
2ab0515e-1f93-4c3b-991a-6cf131661c22___GHLB2 Leaf 8629_flipLR,2ab0515e-1f93-4c3b-991a-6cf131661c22,2ab0515e-1f93-4c3b-991a-6cf131661c22___GHLB2 Leaf 8629_flipLR,artifacts/data/mc_unet/images/2ab0515e-1f93-4c3b-991a-6cf131661c22___GHLB2 Leaf 8629_flipLR.jpg,artifacts/data/mc_unet/masks/2ab0515e-1f93-4c3b-991a-6cf131661c22___GHLB2 Leaf 8629_flipLR.png,artifacts/data/mc_unet/leaf_masks_heuristic/2ab0515e-1f93-4c3b-991a-6cf131661c22___GHLB2 Leaf 8629_flipLR.png,source_jpg,late_blight,Tomato_Late_blight,256,256,1232,65536,0.018798828125,0.018798828125,0,1232,0,2,ok,train
2ab7f21e-4a55-4895-acdb-5f161167a0f1___RS_Erly.B 8318,2ab7f21e-4a55-4895-acdb-5f161167a0f1,2ab7f21e-4a55-4895-acdb-5f161167a0f1___RS_Erly.B 8318,artifacts/data/mc_unet/images/2ab7f21e-4a55-4895-acdb-5f161167a0f1___RS_Erly.B 8318.jpg,artifacts/data/mc_unet/masks/2ab7f21e-4a55-4895-acdb-5f161167a0f1___RS_Erly.B 8318.png,artifacts/data/mc_unet/leaf_masks_heuristic/2ab7f21e-4a55-4895-acdb-5f161167a0f1___RS_Erly.B 8318.png,source_jpg,early_blight,Tomato_Early_blight,256,256,17810,65536,0.271759033203125,0.271759033203125,17810,0,0,3,ok,train
2ac8376a-3401-4572-af45-6984e6415996___GHLB2 Leaf 8787,2ac8376a-3401-4572-af45-6984e6415996,2ac8376a-3401-4572-af45-6984e6415996___GHLB2 Leaf 8787,artifacts/data/mc_unet/images/2ac8376a-3401-4572-af45-6984e6415996___GHLB2 Leaf 8787.jpg,artifacts/data/mc_unet/masks/2ac8376a-3401-4572-af45-6984e6415996___GHLB2 Leaf 8787.png,artifacts/data/mc_unet/leaf_masks_heuristic/2ac8376a-3401-4572-af45-6984e6415996___GHLB2 Leaf 8787.png,source_jpg,late_blight,Tomato_Late_blight,256,256,4437,65536,0.0677032470703125,0.0677032470703125,0,4437,0,1,ok,train
2aec9930-0331-4e04-8bc0-5c00f373fbf3___GHLB2 Leaf 8993_flipLR,2aec9930-0331-4e04-8bc0-5c00f373fbf3,2aec9930-0331-4e04-8bc0-5c00f373fbf3___GHLB2 Leaf 8993_flipLR,artifacts/data/mc_unet/images/2aec9930-0331-4e04-8bc0-5c00f373fbf3___GHLB2 Leaf 8993_flipLR.jpg,artifacts/data/mc_unet/masks/2aec9930-0331-4e04-8bc0-5c00f373fbf3___GHLB2 Leaf 8993_flipLR.png,artifacts/data/mc_unet/leaf_masks_heuristic/2aec9930-0331-4e04-8bc0-5c00f373fbf3___GHLB2 Leaf 8993_flipLR.png,source_jpg,late_blight,Tomato_Late_blight,256,256,5060,65536,0.07720947265625,0.07720947265625,0,5060,0,2,ok,train
2b011bd3-107c-4a83-b961-eb7131d2a76a___UF.GRC_BS_Lab Leaf 0281,2b011bd3-107c-4a83-b961-eb7131d2a76a,2b011bd3-107c-4a83-b961-eb7131d2a76a___UF.GRC_BS_Lab Leaf 0281,artifacts/data/mc_unet/images/2b011bd3-107c-4a83-b961-eb7131d2a76a___UF.GRC_BS_Lab Leaf 0281.jpg,artifacts/data/mc_unet/masks/2b011bd3-107c-4a83-b961-eb7131d2a76a___UF.GRC_BS_Lab Leaf 0281.png,artifacts/data/mc_unet/leaf_masks_heuristic/2b011bd3-107c-4a83-b961-eb7131d2a76a___UF.GRC_BS_Lab Leaf 0281.png,source_jpg,bacterial_spot,Tomato_Bacterial_spot,256,256,664,65536,0.0101318359375,0.0101318359375,0,0,664,4,ok,train
2b37aa48-ff2a-461d-97db-bf92628edde1___RS_Late.B 7086,2b37aa48-ff2a-461d-97db-bf92628edde1,2b37aa48-ff2a-461d-97db-bf92628edde1___RS_Late.B 7086,artifacts/data/mc_unet/images/2b37aa48-ff2a-461d-97db-bf92628edde1___RS_Late.B 7086.jpg,artifacts/data/mc_unet/masks/2b37aa48-ff2a-461d-97db-bf92628edde1___RS_Late.B 7086.png,artifacts/data/mc_unet/leaf_masks_heuristic/2b37aa48-ff2a-461d-97db-bf92628edde1___RS_Late.B 7086.png,source_jpg,late_blight,Tomato_Late_blight,256,256,11551,65536,0.1762542724609375,0.1762542724609375,0,11551,0,3,ok,train
2b37aa48-ff2a-461d-97db-bf92628edde1___RS_Late.B 7086_flipLR,2b37aa48-ff2a-461d-97db-bf92628edde1,2b37aa48-ff2a-461d-97db-bf92628edde1___RS_Late.B 7086_flipLR,artifacts/data/mc_unet/images/2b37aa48-ff2a-461d-97db-bf92628edde1___RS_Late.B 7086_flipLR.jpg,artifacts/data/mc_unet/masks/2b37aa48-ff2a-461d-97db-bf92628edde1___RS_Late.B 7086_flipLR.png,artifacts/data/mc_unet/leaf_masks_heuristic/2b37aa48-ff2a-461d-97db-bf92628edde1___RS_Late.B 7086_flipLR.png,source_jpg,late_blight,Tomato_Late_blight,256,256,12531,65536,0.1912078857421875,0.1912078857421875,0,12531,0,5,ok,train
2b3bc2ea-6604-4b73-9e6d-023211f1ebc4___GHLB2 Leaf 112.2,2b3bc2ea-6604-4b73-9e6d-023211f1ebc4,2b3bc2ea-6604-4b73-9e6d-023211f1ebc4___GHLB2 Leaf 112.2,artifacts/data/mc_unet/images/2b3bc2ea-6604-4b73-9e6d-023211f1ebc4___GHLB2 Leaf 112.2.jpg,artifacts/data/mc_unet/masks/2b3bc2ea-6604-4b73-9e6d-023211f1ebc4___GHLB2 Leaf 112.2.png,artifacts/data/mc_unet/leaf_masks_heuristic/2b3bc2ea-6604-4b73-9e6d-023211f1ebc4___GHLB2 Leaf 112.2.png,source_jpg,late_blight,Tomato_Late_blight,256,256,19762,65536,0.301544189453125,0.301544189453125,0,19762,0,3,ok,train
2b5bebdd-3af4-41ca-b206-efc1a141e71d___RS_Erly.B 6363,2b5bebdd-3af4-41ca-b206-efc1a141e71d,2b5bebdd-3af4-41ca-b206-efc1a141e71d___RS_Erly.B 6363,artifacts/data/mc_unet/images/2b5bebdd-3af4-41ca-b206-efc1a141e71d___RS_Erly.B 6363.jpg,artifacts/data/mc_unet/masks/2b5bebdd-3af4-41ca-b206-efc1a141e71d___RS_Erly.B 6363.png,artifacts/data/mc_unet/leaf_masks_heuristic/2b5bebdd-3af4-41ca-b206-efc1a141e71d___RS_Erly.B 6363.png,source_jpg,early_blight,Tomato_Early_blight,256,256,28103,65536,0.4288177490234375,0.4288177490234375,28103,0,0,1,ok,val
2b7c8b0d-d906-4c93-9dc4-554ae46a3ec3___RS_Erly.B 7825,2b7c8b0d-d906-4c93-9dc4-554ae46a3ec3,2b7c8b0d-d906-4c93-9dc4-554ae46a3ec3___RS_Erly.B 7825,artifacts/data/mc_unet/images/2b7c8b0d-d906-4c93-9dc4-554ae46a3ec3___RS_Erly.B 7825.jpg,artifacts/data/mc_unet/masks/2b7c8b0d-d906-4c93-9dc4-554ae46a3ec3___RS_Erly.B 7825.png,artifacts/data/mc_unet/leaf_masks_heuristic/2b7c8b0d-d906-4c93-9dc4-554ae46a3ec3___RS_Erly.B 7825.png,source_jpg,early_blight,Tomato_Early_blight,256,256,517,65536,0.0078887939453125,0.0078887939453125,517,0,0,1,ok,train
2bdca297-e0d1-41f0-b1dc-3801384faa1a___RS_Erly.B 7858,2bdca297-e0d1-41f0-b1dc-3801384faa1a,2bdca297-e0d1-41f0-b1dc-3801384faa1a___RS_Erly.B 7858,artifacts/data/mc_unet/images/2bdca297-e0d1-41f0-b1dc-3801384faa1a___RS_Erly.B 7858.jpg,artifacts/data/mc_unet/masks/2bdca297-e0d1-41f0-b1dc-3801384faa1a___RS_Erly.B 7858.png,artifacts/data/mc_unet/leaf_masks_heuristic/2bdca297-e0d1-41f0-b1dc-3801384faa1a___RS_Erly.B 7858.png,source_jpg,early_blight,Tomato_Early_blight,256,256,625,65536,0.0095367431640625,0.0095367431640625,625,0,0,4,ok,train
2bf70a8f-ba33-4405-89d2-8135dbea2b9d___GHLB2 Leaf 9064,2bf70a8f-ba33-4405-89d2-8135dbea2b9d,2bf70a8f-ba33-4405-89d2-8135dbea2b9d___GHLB2 Leaf 9064,artifacts/data/mc_unet/images/2bf70a8f-ba33-4405-89d2-8135dbea2b9d___GHLB2 Leaf 9064.jpg,artifacts/data/mc_unet/masks/2bf70a8f-ba33-4405-89d2-8135dbea2b9d___GHLB2 Leaf 9064.png,artifacts/data/mc_unet/leaf_masks_heuristic/2bf70a8f-ba33-4405-89d2-8135dbea2b9d___GHLB2 Leaf 9064.png,source_jpg,late_blight,Tomato_Late_blight,256,256,5661,65536,0.0863800048828125,0.0863800048828125,0,5661,0,1,ok,train
2c11cd9f-5a64-49eb-91ba-63a7188c8eb7___GCREC_Bact.Sp 5926,2c11cd9f-5a64-49eb-91ba-63a7188c8eb7,2c11cd9f-5a64-49eb-91ba-63a7188c8eb7___GCREC_Bact.Sp 5926,artifacts/data/mc_unet/images/2c11cd9f-5a64-49eb-91ba-63a7188c8eb7___GCREC_Bact.Sp 5926.jpg,artifacts/data/mc_unet/masks/2c11cd9f-5a64-49eb-91ba-63a7188c8eb7___GCREC_Bact.Sp 5926.png,artifacts/data/mc_unet/leaf_masks_heuristic/2c11cd9f-5a64-49eb-91ba-63a7188c8eb7___GCREC_Bact.Sp 5926.png,source_jpg,bacterial_spot,Tomato_Bacterial_spot,256,256,5649,65536,0.0861968994140625,0.0861968994140625,0,0,5649,4,ok,train
2c2326e9-eb07-45c1-8296-116df4108c03___RS_Late.B 4834_flipLR,2c2326e9-eb07-45c1-8296-116df4108c03,2c2326e9-eb07-45c1-8296-116df4108c03___RS_Late.B 4834_flipLR,artifacts/data/mc_unet/images/2c2326e9-eb07-45c1-8296-116df4108c03___RS_Late.B 4834_flipLR.jpg,artifacts/data/mc_unet/masks/2c2326e9-eb07-45c1-8296-116df4108c03___RS_Late.B 4834_flipLR.png,artifacts/data/mc_unet/leaf_masks_heuristic/2c2326e9-eb07-45c1-8296-116df4108c03___RS_Late.B 4834_flipLR.png,source_jpg,late_blight,Tomato_Late_blight,256,256,10924,65536,0.16668701171875,0.16668701171875,0,10924,0,3,ok,train
2c2692be-ae2d-43e1-8365-8495da20fe90___GCREC_Bact.Sp 3592,2c2692be-ae2d-43e1-8365-8495da20fe90,2c2692be-ae2d-43e1-8365-8495da20fe90___GCREC_Bact.Sp 3592,artifacts/data/mc_unet/images/2c2692be-ae2d-43e1-8365-8495da20fe90___GCREC_Bact.Sp 3592.jpg,artifacts/data/mc_unet/masks/2c2692be-ae2d-43e1-8365-8495da20fe90___GCREC_Bact.Sp 3592.png,artifacts/data/mc_unet/leaf_masks_heuristic/2c2692be-ae2d-43e1-8365-8495da20fe90___GCREC_Bact.Sp 3592.png,source_jpg,bacterial_spot,Tomato_Bacterial_spot,256,256,1379,65536,0.0210418701171875,0.0210418701171875,0,0,1379,2,ok,train
2c47b891-3c97-48f1-a2cc-5aa53d3a1148___GHLB2 Leaf 9011,2c47b891-3c97-48f1-a2cc-5aa53d3a1148,2c47b891-3c97-48f1-a2cc-5aa53d3a1148___GHLB2 Leaf 9011,artifacts/data/mc_unet/images/2c47b891-3c97-48f1-a2cc-5aa53d3a1148___GHLB2 Leaf 9011.jpg,artifacts/data/mc_unet/masks/2c47b891-3c97-48f1-a2cc-5aa53d3a1148___GHLB2 Leaf 9011.png,artifacts/data/mc_unet/leaf_masks_heuristic/2c47b891-3c97-48f1-a2cc-5aa53d3a1148___GHLB2 Leaf 9011.png,source_jpg,late_blight,Tomato_Late_blight,256,256,1604,65536,0.02447509765625,0.02447509765625,0,1604,0,2,ok,train
2c47b891-3c97-48f1-a2cc-5aa53d3a1148___GHLB2 Leaf 9011_flipLR,2c47b891-3c97-48f1-a2cc-5aa53d3a1148,2c47b891-3c97-48f1-a2cc-5aa53d3a1148___GHLB2 Leaf 9011_flipLR,artifacts/data/mc_unet/images/2c47b891-3c97-48f1-a2cc-5aa53d3a1148___GHLB2 Leaf 9011_flipLR.jpg,artifacts/data/mc_unet/masks/2c47b891-3c97-48f1-a2cc-5aa53d3a1148___GHLB2 Leaf 9011_flipLR.png,artifacts/data/mc_unet/leaf_masks_heuristic/2c47b891-3c97-48f1-a2cc-5aa53d3a1148___GHLB2 Leaf 9011_flipLR.png,source_jpg,late_blight,Tomato_Late_blight,256,256,1632,65536,0.02490234375,0.02490234375,0,1632,0,2,ok,train
2c666dfe-4499-48cf-926c-ecdea7864087___GHLB2 Leaf 8947,2c666dfe-4499-48cf-926c-ecdea7864087,2c666dfe-4499-48cf-926c-ecdea7864087___GHLB2 Leaf 8947,artifacts/data/mc_unet/images/2c666dfe-4499-48cf-926c-ecdea7864087___GHLB2 Leaf 8947.jpg,artifacts/data/mc_unet/masks/2c666dfe-4499-48cf-926c-ecdea7864087___GHLB2 Leaf 8947.png,artifacts/data/mc_unet/leaf_masks_heuristic/2c666dfe-4499-48cf-926c-ecdea7864087___GHLB2 Leaf 8947.png,source_jpg,late_blight,Tomato_Late_blight,256,256,934,65536,0.014251708984375,0.014251708984375,0,934,0,4,ok,train
2c666dfe-4499-48cf-926c-ecdea7864087___GHLB2 Leaf 8947_flipLR,2c666dfe-4499-48cf-926c-ecdea7864087,2c666dfe-4499-48cf-926c-ecdea7864087___GHLB2 Leaf 8947_flipLR,artifacts/data/mc_unet/images/2c666dfe-4499-48cf-926c-ecdea7864087___GHLB2 Leaf 8947_flipLR.jpg,artifacts/data/mc_unet/masks/2c666dfe-4499-48cf-926c-ecdea7864087___GHLB2 Leaf 8947_flipLR.png,artifacts/data/mc_unet/leaf_masks_heuristic/2c666dfe-4499-48cf-926c-ecdea7864087___GHLB2 Leaf 8947_flipLR.png,source_jpg,late_blight,Tomato_Late_blight,256,256,973,65536,0.0148468017578125,0.0148468017578125,0,973,0,4,ok,train
2ca9ca04-4520-46bd-8a08-f6f9f95e7369___GCREC_Bact.Sp 6082,2ca9ca04-4520-46bd-8a08-f6f9f95e7369,2ca9ca04-4520-46bd-8a08-f6f9f95e7369___GCREC_Bact.Sp 6082,artifacts/data/mc_unet/images/2ca9ca04-4520-46bd-8a08-f6f9f95e7369___GCREC_Bact.Sp 6082.jpg,artifacts/data/mc_unet/masks/2ca9ca04-4520-46bd-8a08-f6f9f95e7369___GCREC_Bact.Sp 6082.png,artifacts/data/mc_unet/leaf_masks_heuristic/2ca9ca04-4520-46bd-8a08-f6f9f95e7369___GCREC_Bact.Sp 6082.png,source_jpg,bacterial_spot,Tomato_Bacterial_spot,256,256,1757,65536,0.0268096923828125,0.0268096923828125,0,0,1757,1,ok,train
2cc65e15-e2ac-4a59-be59-ea7882d51638___GCREC_Bact.Sp 6018,2cc65e15-e2ac-4a59-be59-ea7882d51638,2cc65e15-e2ac-4a59-be59-ea7882d51638___GCREC_Bact.Sp 6018,artifacts/data/mc_unet/images/2cc65e15-e2ac-4a59-be59-ea7882d51638___GCREC_Bact.Sp 6018.jpg,artifacts/data/mc_unet/masks/2cc65e15-e2ac-4a59-be59-ea7882d51638___GCREC_Bact.Sp 6018.png,artifacts/data/mc_unet/leaf_masks_heuristic/2cc65e15-e2ac-4a59-be59-ea7882d51638___GCREC_Bact.Sp 6018.png,source_jpg,bacterial_spot,Tomato_Bacterial_spot,256,256,6706,65536,0.102325439453125,0.102325439453125,0,0,6706,4,ok,train
2ccd5383-74a3-41d5-9483-110a20ebf247___RS_Late.B 5329_flipLR,2ccd5383-74a3-41d5-9483-110a20ebf247,2ccd5383-74a3-41d5-9483-110a20ebf247___RS_Late.B 5329_flipLR,artifacts/data/mc_unet/images/2ccd5383-74a3-41d5-9483-110a20ebf247___RS_Late.B 5329_flipLR.jpg,artifacts/data/mc_unet/masks/2ccd5383-74a3-41d5-9483-110a20ebf247___RS_Late.B 5329_flipLR.png,artifacts/data/mc_unet/leaf_masks_heuristic/2ccd5383-74a3-41d5-9483-110a20ebf247___RS_Late.B 5329_flipLR.png,source_jpg,late_blight,Tomato_Late_blight,256,256,12168,65536,0.1856689453125,0.1856689453125,0,12168,0,2,ok,train
2cd0bf74-c7ca-4b2f-87e4-1ba003e8b944___GCREC_Bact.Sp 3414,2cd0bf74-c7ca-4b2f-87e4-1ba003e8b944,2cd0bf74-c7ca-4b2f-87e4-1ba003e8b944___GCREC_Bact.Sp 3414,artifacts/data/mc_unet/images/2cd0bf74-c7ca-4b2f-87e4-1ba003e8b944___GCREC_Bact.Sp 3414.jpg,artifacts/data/mc_unet/masks/2cd0bf74-c7ca-4b2f-87e4-1ba003e8b944___GCREC_Bact.Sp 3414.png,artifacts/data/mc_unet/leaf_masks_heuristic/2cd0bf74-c7ca-4b2f-87e4-1ba003e8b944___GCREC_Bact.Sp 3414.png,source_jpg,bacterial_spot,Tomato_Bacterial_spot,256,256,1836,65536,0.02801513671875,0.02801513671875,0,0,1836,4,ok,train
2cf091ac-156c-4e33-a66b-645439d084f3___GHLB2 Leaf 8896,2cf091ac-156c-4e33-a66b-645439d084f3,2cf091ac-156c-4e33-a66b-645439d084f3___GHLB2 Leaf 8896,artifacts/data/mc_unet/images/2cf091ac-156c-4e33-a66b-645439d084f3___GHLB2 Leaf 8896.jpg,artifacts/data/mc_unet/masks/2cf091ac-156c-4e33-a66b-645439d084f3___GHLB2 Leaf 8896.png,artifacts/data/mc_unet/leaf_masks_heuristic/2cf091ac-156c-4e33-a66b-645439d084f3___GHLB2 Leaf 8896.png,source_jpg,late_blight,Tomato_Late_blight,256,256,12477,65536,0.1903839111328125,0.1903839111328125,0,12477,0,1,ok,train
2cf091ac-156c-4e33-a66b-645439d084f3___GHLB2 Leaf 8896_flipLR,2cf091ac-156c-4e33-a66b-645439d084f3,2cf091ac-156c-4e33-a66b-645439d084f3___GHLB2 Leaf 8896_flipLR,artifacts/data/mc_unet/images/2cf091ac-156c-4e33-a66b-645439d084f3___GHLB2 Leaf 8896_flipLR.jpg,artifacts/data/mc_unet/masks/2cf091ac-156c-4e33-a66b-645439d084f3___GHLB2 Leaf 8896_flipLR.png,artifacts/data/mc_unet/leaf_masks_heuristic/2cf091ac-156c-4e33-a66b-645439d084f3___GHLB2 Leaf 8896_flipLR.png,source_jpg,late_blight,Tomato_Late_blight,256,256,12976,65536,0.197998046875,0.197998046875,0,12976,0,1,ok,train
2d135819-8bf4-4d5a-a503-c184ed800d0c___GCREC_Bact.Sp 6015,2d135819-8bf4-4d5a-a503-c184ed800d0c,2d135819-8bf4-4d5a-a503-c184ed800d0c___GCREC_Bact.Sp 6015,artifacts/data/mc_unet/images/2d135819-8bf4-4d5a-a503-c184ed800d0c___GCREC_Bact.Sp 6015.jpg,artifacts/data/mc_unet/masks/2d135819-8bf4-4d5a-a503-c184ed800d0c___GCREC_Bact.Sp 6015.png,artifacts/data/mc_unet/leaf_masks_heuristic/2d135819-8bf4-4d5a-a503-c184ed800d0c___GCREC_Bact.Sp 6015.png,source_jpg,bacterial_spot,Tomato_Bacterial_spot,256,256,6838,65536,0.104339599609375,0.104339599609375,0,0,6838,3,ok,train
2d3d1221-2f62-43ad-8256-b560c1872934___RS_Erly.B 7465,2d3d1221-2f62-43ad-8256-b560c1872934,2d3d1221-2f62-43ad-8256-b560c1872934___RS_Erly.B 7465,artifacts/data/mc_unet/images/2d3d1221-2f62-43ad-8256-b560c1872934___RS_Erly.B 7465.jpg,artifacts/data/mc_unet/masks/2d3d1221-2f62-43ad-8256-b560c1872934___RS_Erly.B 7465.png,artifacts/data/mc_unet/leaf_masks_heuristic/2d3d1221-2f62-43ad-8256-b560c1872934___RS_Erly.B 7465.png,source_jpg,early_blight,Tomato_Early_blight,256,256,10516,65536,0.16046142578125,0.16046142578125,10516,0,0,3,ok,train
2d578e27-92f1-489d-96a8-d80cb09afa90___GCREC_Bact.Sp 6041,2d578e27-92f1-489d-96a8-d80cb09afa90,2d578e27-92f1-489d-96a8-d80cb09afa90___GCREC_Bact.Sp 6041,artifacts/data/mc_unet/images/2d578e27-92f1-489d-96a8-d80cb09afa90___GCREC_Bact.Sp 6041.jpg,artifacts/data/mc_unet/masks/2d578e27-92f1-489d-96a8-d80cb09afa90___GCREC_Bact.Sp 6041.png,artifacts/data/mc_unet/leaf_masks_heuristic/2d578e27-92f1-489d-96a8-d80cb09afa90___GCREC_Bact.Sp 6041.png,source_jpg,bacterial_spot,Tomato_Bacterial_spot,256,256,18469,65536,0.2818145751953125,0.2818145751953125,0,0,18469,2,ok,train
2d583f2c-3e59-4c4c-be45-5f367a38af95___GHLB2 Leaf 8724,2d583f2c-3e59-4c4c-be45-5f367a38af95,2d583f2c-3e59-4c4c-be45-5f367a38af95___GHLB2 Leaf 8724,artifacts/data/mc_unet/images/2d583f2c-3e59-4c4c-be45-5f367a38af95___GHLB2 Leaf 8724.jpg,artifacts/data/mc_unet/masks/2d583f2c-3e59-4c4c-be45-5f367a38af95___GHLB2 Leaf 8724.png,artifacts/data/mc_unet/leaf_masks_heuristic/2d583f2c-3e59-4c4c-be45-5f367a38af95___GHLB2 Leaf 8724.png,source_jpg,late_blight,Tomato_Late_blight,256,256,6046,65536,0.092254638671875,0.092254638671875,0,6046,0,1,ok,train
2d583f2c-3e59-4c4c-be45-5f367a38af95___GHLB2 Leaf 8724_flipLR,2d583f2c-3e59-4c4c-be45-5f367a38af95,2d583f2c-3e59-4c4c-be45-5f367a38af95___GHLB2 Leaf 8724_flipLR,artifacts/data/mc_unet/images/2d583f2c-3e59-4c4c-be45-5f367a38af95___GHLB2 Leaf 8724_flipLR.jpg,artifacts/data/mc_unet/masks/2d583f2c-3e59-4c4c-be45-5f367a38af95___GHLB2 Leaf 8724_flipLR.png,artifacts/data/mc_unet/leaf_masks_heuristic/2d583f2c-3e59-4c4c-be45-5f367a38af95___GHLB2 Leaf 8724_flipLR.png,source_jpg,late_blight,Tomato_Late_blight,256,256,6020,65536,0.09185791015625,0.09185791015625,0,6020,0,1,ok,train
2d63d91d-5366-4f88-83e1-cc5ce4b16d2e___GHLB2 Leaf 156.1,2d63d91d-5366-4f88-83e1-cc5ce4b16d2e,2d63d91d-5366-4f88-83e1-cc5ce4b16d2e___GHLB2 Leaf 156.1,artifacts/data/mc_unet/images/2d63d91d-5366-4f88-83e1-cc5ce4b16d2e___GHLB2 Leaf 156.1.jpg,artifacts/data/mc_unet/masks/2d63d91d-5366-4f88-83e1-cc5ce4b16d2e___GHLB2 Leaf 156.1.png,artifacts/data/mc_unet/leaf_masks_heuristic/2d63d91d-5366-4f88-83e1-cc5ce4b16d2e___GHLB2 Leaf 156.1.png,source_jpg,late_blight,Tomato_Late_blight,256,256,6758,65536,0.103118896484375,0.103118896484375,0,6758,0,1,ok,train
2d63d91d-5366-4f88-83e1-cc5ce4b16d2e___GHLB2 Leaf 156.1_flipLR,2d63d91d-5366-4f88-83e1-cc5ce4b16d2e,2d63d91d-5366-4f88-83e1-cc5ce4b16d2e___GHLB2 Leaf 156.1_flipLR,artifacts/data/mc_unet/images/2d63d91d-5366-4f88-83e1-cc5ce4b16d2e___GHLB2 Leaf 156.1_flipLR.jpg,artifacts/data/mc_unet/masks/2d63d91d-5366-4f88-83e1-cc5ce4b16d2e___GHLB2 Leaf 156.1_flipLR.png,artifacts/data/mc_unet/leaf_masks_heuristic/2d63d91d-5366-4f88-83e1-cc5ce4b16d2e___GHLB2 Leaf 156.1_flipLR.png,source_jpg,late_blight,Tomato_Late_blight,256,256,7111,65536,0.1085052490234375,0.1085052490234375,0,7111,0,1,ok,train
2d649ade-8085-44b7-ba6c-ec5d70f1d051___RS_Late.B 5604,2d649ade-8085-44b7-ba6c-ec5d70f1d051,2d649ade-8085-44b7-ba6c-ec5d70f1d051___RS_Late.B 5604,artifacts/data/mc_unet/images/2d649ade-8085-44b7-ba6c-ec5d70f1d051___RS_Late.B 5604.jpg,artifacts/data/mc_unet/masks/2d649ade-8085-44b7-ba6c-ec5d70f1d051___RS_Late.B 5604.png,artifacts/data/mc_unet/leaf_masks_heuristic/2d649ade-8085-44b7-ba6c-ec5d70f1d051___RS_Late.B 5604.png,source_jpg,late_blight,Tomato_Late_blight,256,256,3000,65536,0.0457763671875,0.0457763671875,0,3000,0,2,ok,train
2d649ade-8085-44b7-ba6c-ec5d70f1d051___RS_Late.B 5604_flipLR,2d649ade-8085-44b7-ba6c-ec5d70f1d051,2d649ade-8085-44b7-ba6c-ec5d70f1d051___RS_Late.B 5604_flipLR,artifacts/data/mc_unet/images/2d649ade-8085-44b7-ba6c-ec5d70f1d051___RS_Late.B 5604_flipLR.jpg,artifacts/data/mc_unet/masks/2d649ade-8085-44b7-ba6c-ec5d70f1d051___RS_Late.B 5604_flipLR.png,artifacts/data/mc_unet/leaf_masks_heuristic/2d649ade-8085-44b7-ba6c-ec5d70f1d051___RS_Late.B 5604_flipLR.png,source_jpg,late_blight,Tomato_Late_blight,256,256,2571,65536,0.0392303466796875,0.0392303466796875,0,2571,0,2,ok,train
2d65b450-78b3-45db-ae98-2ee76f9fe1e2___GHLB2 Leaf 9116,2d65b450-78b3-45db-ae98-2ee76f9fe1e2,2d65b450-78b3-45db-ae98-2ee76f9fe1e2___GHLB2 Leaf 9116,artifacts/data/mc_unet/images/2d65b450-78b3-45db-ae98-2ee76f9fe1e2___GHLB2 Leaf 9116.jpg,artifacts/data/mc_unet/masks/2d65b450-78b3-45db-ae98-2ee76f9fe1e2___GHLB2 Leaf 9116.png,artifacts/data/mc_unet/leaf_masks_heuristic/2d65b450-78b3-45db-ae98-2ee76f9fe1e2___GHLB2 Leaf 9116.png,source_jpg,late_blight,Tomato_Late_blight,256,256,8595,65536,0.1311492919921875,0.1311492919921875,0,8595,0,1,ok,train
2d65b450-78b3-45db-ae98-2ee76f9fe1e2___GHLB2 Leaf 9116_flipLR,2d65b450-78b3-45db-ae98-2ee76f9fe1e2,2d65b450-78b3-45db-ae98-2ee76f9fe1e2___GHLB2 Leaf 9116_flipLR,artifacts/data/mc_unet/images/2d65b450-78b3-45db-ae98-2ee76f9fe1e2___GHLB2 Leaf 9116_flipLR.jpg,artifacts/data/mc_unet/masks/2d65b450-78b3-45db-ae98-2ee76f9fe1e2___GHLB2 Leaf 9116_flipLR.png,artifacts/data/mc_unet/leaf_masks_heuristic/2d65b450-78b3-45db-ae98-2ee76f9fe1e2___GHLB2 Leaf 9116_flipLR.png,source_jpg,late_blight,Tomato_Late_blight,256,256,8633,65536,0.1317291259765625,0.1317291259765625,0,8633,0,1,ok,train
2d774052-b20a-441e-8ac1-f35239810e67___UF.GRC_BS_Lab Leaf 0336,2d774052-b20a-441e-8ac1-f35239810e67,2d774052-b20a-441e-8ac1-f35239810e67___UF.GRC_BS_Lab Leaf 0336,artifacts/data/mc_unet/images/2d774052-b20a-441e-8ac1-f35239810e67___UF.GRC_BS_Lab Leaf 0336.jpg,artifacts/data/mc_unet/masks/2d774052-b20a-441e-8ac1-f35239810e67___UF.GRC_BS_Lab Leaf 0336.png,artifacts/data/mc_unet/leaf_masks_heuristic/2d774052-b20a-441e-8ac1-f35239810e67___UF.GRC_BS_Lab Leaf 0336.png,source_jpg,bacterial_spot,Tomato_Bacterial_spot,256,256,3198,65536,0.048797607421875,0.048797607421875,0,0,3198,3,ok,train
2d7fa670-2828-440e-aba2-1f7a843988ea___GHLB2 Leaf 8869_flipLR,2d7fa670-2828-440e-aba2-1f7a843988ea,2d7fa670-2828-440e-aba2-1f7a843988ea___GHLB2 Leaf 8869_flipLR,artifacts/data/mc_unet/images/2d7fa670-2828-440e-aba2-1f7a843988ea___GHLB2 Leaf 8869_flipLR.jpg,artifacts/data/mc_unet/masks/2d7fa670-2828-440e-aba2-1f7a843988ea___GHLB2 Leaf 8869_flipLR.png,artifacts/data/mc_unet/leaf_masks_heuristic/2d7fa670-2828-440e-aba2-1f7a843988ea___GHLB2 Leaf 8869_flipLR.png,source_jpg,late_blight,Tomato_Late_blight,256,256,7954,65536,0.121368408203125,0.121368408203125,0,7954,0,2,ok,train
2d9b4cc9-3b21-4e0c-830f-b97ed7bfb397___GCREC_Bact.Sp 3444,2d9b4cc9-3b21-4e0c-830f-b97ed7bfb397,2d9b4cc9-3b21-4e0c-830f-b97ed7bfb397___GCREC_Bact.Sp 3444,artifacts/data/mc_unet/images/2d9b4cc9-3b21-4e0c-830f-b97ed7bfb397___GCREC_Bact.Sp 3444.jpg,artifacts/data/mc_unet/masks/2d9b4cc9-3b21-4e0c-830f-b97ed7bfb397___GCREC_Bact.Sp 3444.png,artifacts/data/mc_unet/leaf_masks_heuristic/2d9b4cc9-3b21-4e0c-830f-b97ed7bfb397___GCREC_Bact.Sp 3444.png,source_jpg,bacterial_spot,Tomato_Bacterial_spot,256,256,750,65536,0.011444091796875,0.011444091796875,0,0,750,5,ok,train
2dab6657-8b94-41ea-b610-74895532efe0___RS_Late.B 5567,2dab6657-8b94-41ea-b610-74895532efe0,2dab6657-8b94-41ea-b610-74895532efe0___RS_Late.B 5567,artifacts/data/mc_unet/images/2dab6657-8b94-41ea-b610-74895532efe0___RS_Late.B 5567.jpg,artifacts/data/mc_unet/masks/2dab6657-8b94-41ea-b610-74895532efe0___RS_Late.B 5567.png,artifacts/data/mc_unet/leaf_masks_heuristic/2dab6657-8b94-41ea-b610-74895532efe0___RS_Late.B 5567.png,source_jpg,late_blight,Tomato_Late_blight,256,256,7037,65536,0.1073760986328125,0.1073760986328125,0,7037,0,5,ok,train
2dab6657-8b94-41ea-b610-74895532efe0___RS_Late.B 5567_flipLR,2dab6657-8b94-41ea-b610-74895532efe0,2dab6657-8b94-41ea-b610-74895532efe0___RS_Late.B 5567_flipLR,artifacts/data/mc_unet/images/2dab6657-8b94-41ea-b610-74895532efe0___RS_Late.B 5567_flipLR.jpg,artifacts/data/mc_unet/masks/2dab6657-8b94-41ea-b610-74895532efe0___RS_Late.B 5567_flipLR.png,artifacts/data/mc_unet/leaf_masks_heuristic/2dab6657-8b94-41ea-b610-74895532efe0___RS_Late.B 5567_flipLR.png,source_jpg,late_blight,Tomato_Late_blight,256,256,7596,65536,0.11590576171875,0.11590576171875,0,7596,0,5,ok,train
2dc5d67b-cfe6-4337-b966-4a499bfad825___GHLB2 Leaf 8761,2dc5d67b-cfe6-4337-b966-4a499bfad825,2dc5d67b-cfe6-4337-b966-4a499bfad825___GHLB2 Leaf 8761,artifacts/data/mc_unet/images/2dc5d67b-cfe6-4337-b966-4a499bfad825___GHLB2 Leaf 8761.jpg,artifacts/data/mc_unet/masks/2dc5d67b-cfe6-4337-b966-4a499bfad825___GHLB2 Leaf 8761.png,artifacts/data/mc_unet/leaf_masks_heuristic/2dc5d67b-cfe6-4337-b966-4a499bfad825___GHLB2 Leaf 8761.png,source_jpg,late_blight,Tomato_Late_blight,256,256,6644,65536,0.10137939453125,0.10137939453125,0,6644,0,1,ok,train
2dc5d67b-cfe6-4337-b966-4a499bfad825___GHLB2 Leaf 8761_flipLR,2dc5d67b-cfe6-4337-b966-4a499bfad825,2dc5d67b-cfe6-4337-b966-4a499bfad825___GHLB2 Leaf 8761_flipLR,artifacts/data/mc_unet/images/2dc5d67b-cfe6-4337-b966-4a499bfad825___GHLB2 Leaf 8761_flipLR.jpg,artifacts/data/mc_unet/masks/2dc5d67b-cfe6-4337-b966-4a499bfad825___GHLB2 Leaf 8761_flipLR.png,artifacts/data/mc_unet/leaf_masks_heuristic/2dc5d67b-cfe6-4337-b966-4a499bfad825___GHLB2 Leaf 8761_flipLR.png,source_jpg,late_blight,Tomato_Late_blight,256,256,6982,65536,0.106536865234375,0.106536865234375,0,6982,0,1,ok,train
2dd36c99-7454-499f-8ff5-d25a01568d33___GHLB2 Leaf 99,2dd36c99-7454-499f-8ff5-d25a01568d33,2dd36c99-7454-499f-8ff5-d25a01568d33___GHLB2 Leaf 99,artifacts/data/mc_unet/images/2dd36c99-7454-499f-8ff5-d25a01568d33___GHLB2 Leaf 99.jpg,artifacts/data/mc_unet/masks/2dd36c99-7454-499f-8ff5-d25a01568d33___GHLB2 Leaf 99.png,artifacts/data/mc_unet/leaf_masks_heuristic/2dd36c99-7454-499f-8ff5-d25a01568d33___GHLB2 Leaf 99.png,source_jpg,late_blight,Tomato_Late_blight,256,256,1268,65536,0.01934814453125,0.01934814453125,0,1268,0,5,ok,train
2df8ffd2-e986-46cf-93bf-f271921701c2___RS_Late.B 5441,2df8ffd2-e986-46cf-93bf-f271921701c2,2df8ffd2-e986-46cf-93bf-f271921701c2___RS_Late.B 5441,artifacts/data/mc_unet/images/2df8ffd2-e986-46cf-93bf-f271921701c2___RS_Late.B 5441.jpg,artifacts/data/mc_unet/masks/2df8ffd2-e986-46cf-93bf-f271921701c2___RS_Late.B 5441.png,artifacts/data/mc_unet/leaf_masks_heuristic/2df8ffd2-e986-46cf-93bf-f271921701c2___RS_Late.B 5441.png,source_jpg,late_blight,Tomato_Late_blight,256,256,16045,65536,0.2448272705078125,0.2448272705078125,0,16045,0,1,ok,train
2df8ffd2-e986-46cf-93bf-f271921701c2___RS_Late.B 5441_flipLR,2df8ffd2-e986-46cf-93bf-f271921701c2,2df8ffd2-e986-46cf-93bf-f271921701c2___RS_Late.B 5441_flipLR,artifacts/data/mc_unet/images/2df8ffd2-e986-46cf-93bf-f271921701c2___RS_Late.B 5441_flipLR.jpg,artifacts/data/mc_unet/masks/2df8ffd2-e986-46cf-93bf-f271921701c2___RS_Late.B 5441_flipLR.png,artifacts/data/mc_unet/leaf_masks_heuristic/2df8ffd2-e986-46cf-93bf-f271921701c2___RS_Late.B 5441_flipLR.png,source_jpg,late_blight,Tomato_Late_blight,256,256,15260,65536,0.23284912109375,0.23284912109375,0,15260,0,1,ok,train
2e44b9e9-05f3-4465-9747-b90a5ea44579___UF.GRC_BS_Lab Leaf 0224,2e44b9e9-05f3-4465-9747-b90a5ea44579,2e44b9e9-05f3-4465-9747-b90a5ea44579___UF.GRC_BS_Lab Leaf 0224,artifacts/data/mc_unet/images/2e44b9e9-05f3-4465-9747-b90a5ea44579___UF.GRC_BS_Lab Leaf 0224.jpg,artifacts/data/mc_unet/masks/2e44b9e9-05f3-4465-9747-b90a5ea44579___UF.GRC_BS_Lab Leaf 0224.png,artifacts/data/mc_unet/leaf_masks_heuristic/2e44b9e9-05f3-4465-9747-b90a5ea44579___UF.GRC_BS_Lab Leaf 0224.png,source_jpg,bacterial_spot,Tomato_Bacterial_spot,256,256,2720,65536,0.04150390625,0.04150390625,0,0,2720,4,ok,val
2e493726-b22f-4e98-a2e2-418a4425cafb___GHLB2 Leaf 8911,2e493726-b22f-4e98-a2e2-418a4425cafb,2e493726-b22f-4e98-a2e2-418a4425cafb___GHLB2 Leaf 8911,artifacts/data/mc_unet/images/2e493726-b22f-4e98-a2e2-418a4425cafb___GHLB2 Leaf 8911.jpg,artifacts/data/mc_unet/masks/2e493726-b22f-4e98-a2e2-418a4425cafb___GHLB2 Leaf 8911.png,artifacts/data/mc_unet/leaf_masks_heuristic/2e493726-b22f-4e98-a2e2-418a4425cafb___GHLB2 Leaf 8911.png,source_jpg,late_blight,Tomato_Late_blight,256,256,7889,65536,0.1203765869140625,0.1203765869140625,0,7889,0,3,ok,train
2e493726-b22f-4e98-a2e2-418a4425cafb___GHLB2 Leaf 8911_flipLR,2e493726-b22f-4e98-a2e2-418a4425cafb,2e493726-b22f-4e98-a2e2-418a4425cafb___GHLB2 Leaf 8911_flipLR,artifacts/data/mc_unet/images/2e493726-b22f-4e98-a2e2-418a4425cafb___GHLB2 Leaf 8911_flipLR.jpg,artifacts/data/mc_unet/masks/2e493726-b22f-4e98-a2e2-418a4425cafb___GHLB2 Leaf 8911_flipLR.png,artifacts/data/mc_unet/leaf_masks_heuristic/2e493726-b22f-4e98-a2e2-418a4425cafb___GHLB2 Leaf 8911_flipLR.png,source_jpg,late_blight,Tomato_Late_blight,256,256,7446,65536,0.113616943359375,0.113616943359375,0,7446,0,2,ok,train
2e5a8b76-c1d5-432c-bbde-7589e087b120___GHLB2 Leaf 8976,2e5a8b76-c1d5-432c-bbde-7589e087b120,2e5a8b76-c1d5-432c-bbde-7589e087b120___GHLB2 Leaf 8976,artifacts/data/mc_unet/images/2e5a8b76-c1d5-432c-bbde-7589e087b120___GHLB2 Leaf 8976.jpg,artifacts/data/mc_unet/masks/2e5a8b76-c1d5-432c-bbde-7589e087b120___GHLB2 Leaf 8976.png,artifacts/data/mc_unet/leaf_masks_heuristic/2e5a8b76-c1d5-432c-bbde-7589e087b120___GHLB2 Leaf 8976.png,source_jpg,late_blight,Tomato_Late_blight,256,256,15091,65536,0.2302703857421875,0.2302703857421875,0,15091,0,1,ok,test
2e5a8b76-c1d5-432c-bbde-7589e087b120___GHLB2 Leaf 8976_flipLR,2e5a8b76-c1d5-432c-bbde-7589e087b120,2e5a8b76-c1d5-432c-bbde-7589e087b120___GHLB2 Leaf 8976_flipLR,artifacts/data/mc_unet/images/2e5a8b76-c1d5-432c-bbde-7589e087b120___GHLB2 Leaf 8976_flipLR.jpg,artifacts/data/mc_unet/masks/2e5a8b76-c1d5-432c-bbde-7589e087b120___GHLB2 Leaf 8976_flipLR.png,artifacts/data/mc_unet/leaf_masks_heuristic/2e5a8b76-c1d5-432c-bbde-7589e087b120___GHLB2 Leaf 8976_flipLR.png,source_jpg,late_blight,Tomato_Late_blight,256,256,15129,65536,0.2308502197265625,0.2308502197265625,0,15129,0,1,ok,test
2e604e19-fcb1-4d3c-9c04-4b154e1ca480___UF.GRC_BS_Lab Leaf 9241,2e604e19-fcb1-4d3c-9c04-4b154e1ca480,2e604e19-fcb1-4d3c-9c04-4b154e1ca480___UF.GRC_BS_Lab Leaf 9241,artifacts/data/mc_unet/images/2e604e19-fcb1-4d3c-9c04-4b154e1ca480___UF.GRC_BS_Lab Leaf 9241.jpg,artifacts/data/mc_unet/masks/2e604e19-fcb1-4d3c-9c04-4b154e1ca480___UF.GRC_BS_Lab Leaf 9241.png,artifacts/data/mc_unet/leaf_masks_heuristic/2e604e19-fcb1-4d3c-9c04-4b154e1ca480___UF.GRC_BS_Lab Leaf 9241.png,source_jpg,bacterial_spot,Tomato_Bacterial_spot,256,256,6413,65536,0.0978546142578125,0.0978546142578125,0,0,6413,4,ok,test
2e62a850-078e-44ce-ac30-6b940479e017___RS_Late.B 6080,2e62a850-078e-44ce-ac30-6b940479e017,2e62a850-078e-44ce-ac30-6b940479e017___RS_Late.B 6080,artifacts/data/mc_unet/images/2e62a850-078e-44ce-ac30-6b940479e017___RS_Late.B 6080.jpg,artifacts/data/mc_unet/masks/2e62a850-078e-44ce-ac30-6b940479e017___RS_Late.B 6080.png,artifacts/data/mc_unet/leaf_masks_heuristic/2e62a850-078e-44ce-ac30-6b940479e017___RS_Late.B 6080.png,source_jpg,late_blight,Tomato_Late_blight,256,256,6893,65536,0.1051788330078125,0.1051788330078125,0,6893,0,2,ok,train
2e6c4476-c99f-4f05-a1bd-70701326a15d___GHLB2 Leaf 8925,2e6c4476-c99f-4f05-a1bd-70701326a15d,2e6c4476-c99f-4f05-a1bd-70701326a15d___GHLB2 Leaf 8925,artifacts/data/mc_unet/images/2e6c4476-c99f-4f05-a1bd-70701326a15d___GHLB2 Leaf 8925.jpg,artifacts/data/mc_unet/masks/2e6c4476-c99f-4f05-a1bd-70701326a15d___GHLB2 Leaf 8925.png,artifacts/data/mc_unet/leaf_masks_heuristic/2e6c4476-c99f-4f05-a1bd-70701326a15d___GHLB2 Leaf 8925.png,source_jpg,late_blight,Tomato_Late_blight,256,256,9585,65536,0.1462554931640625,0.1462554931640625,0,9585,0,2,ok,train
2e6c4476-c99f-4f05-a1bd-70701326a15d___GHLB2 Leaf 8925_flipLR,2e6c4476-c99f-4f05-a1bd-70701326a15d,2e6c4476-c99f-4f05-a1bd-70701326a15d___GHLB2 Leaf 8925_flipLR,artifacts/data/mc_unet/images/2e6c4476-c99f-4f05-a1bd-70701326a15d___GHLB2 Leaf 8925_flipLR.jpg,artifacts/data/mc_unet/masks/2e6c4476-c99f-4f05-a1bd-70701326a15d___GHLB2 Leaf 8925_flipLR.png,artifacts/data/mc_unet/leaf_masks_heuristic/2e6c4476-c99f-4f05-a1bd-70701326a15d___GHLB2 Leaf 8925_flipLR.png,source_jpg,late_blight,Tomato_Late_blight,256,256,9956,65536,0.15191650390625,0.15191650390625,0,9956,0,2,ok,train
2e6fd489-d873-4fc6-a908-467765017508___GHLB2 Leaf 151,2e6fd489-d873-4fc6-a908-467765017508,2e6fd489-d873-4fc6-a908-467765017508___GHLB2 Leaf 151,artifacts/data/mc_unet/images/2e6fd489-d873-4fc6-a908-467765017508___GHLB2 Leaf 151.jpg,artifacts/data/mc_unet/masks/2e6fd489-d873-4fc6-a908-467765017508___GHLB2 Leaf 151.png,artifacts/data/mc_unet/leaf_masks_heuristic/2e6fd489-d873-4fc6-a908-467765017508___GHLB2 Leaf 151.png,source_jpg,late_blight,Tomato_Late_blight,256,256,15655,65536,0.2388763427734375,0.2388763427734375,0,15655,0,2,ok,train
2e6fd489-d873-4fc6-a908-467765017508___GHLB2 Leaf 151_flipLR,2e6fd489-d873-4fc6-a908-467765017508,2e6fd489-d873-4fc6-a908-467765017508___GHLB2 Leaf 151_flipLR,artifacts/data/mc_unet/images/2e6fd489-d873-4fc6-a908-467765017508___GHLB2 Leaf 151_flipLR.jpg,artifacts/data/mc_unet/masks/2e6fd489-d873-4fc6-a908-467765017508___GHLB2 Leaf 151_flipLR.png,artifacts/data/mc_unet/leaf_masks_heuristic/2e6fd489-d873-4fc6-a908-467765017508___GHLB2 Leaf 151_flipLR.png,source_jpg,late_blight,Tomato_Late_blight,256,256,15747,65536,0.2402801513671875,0.2402801513671875,0,15747,0,2,ok,train
2e7b090e-4fc6-42f2-8bf6-3f84b32712e5___RS_Erly.B 7470,2e7b090e-4fc6-42f2-8bf6-3f84b32712e5,2e7b090e-4fc6-42f2-8bf6-3f84b32712e5___RS_Erly.B 7470,artifacts/data/mc_unet/images/2e7b090e-4fc6-42f2-8bf6-3f84b32712e5___RS_Erly.B 7470.jpg,artifacts/data/mc_unet/masks/2e7b090e-4fc6-42f2-8bf6-3f84b32712e5___RS_Erly.B 7470.png,artifacts/data/mc_unet/leaf_masks_heuristic/2e7b090e-4fc6-42f2-8bf6-3f84b32712e5___RS_Erly.B 7470.png,source_jpg,early_blight,Tomato_Early_blight,256,256,9312,65536,0.14208984375,0.14208984375,9312,0,0,6,ok,train
2e86ab04-c41e-4a4b-a674-552176d72ab1___GHLB2 Leaf 100,2e86ab04-c41e-4a4b-a674-552176d72ab1,2e86ab04-c41e-4a4b-a674-552176d72ab1___GHLB2 Leaf 100,artifacts/data/mc_unet/images/2e86ab04-c41e-4a4b-a674-552176d72ab1___GHLB2 Leaf 100.jpg,artifacts/data/mc_unet/masks/2e86ab04-c41e-4a4b-a674-552176d72ab1___GHLB2 Leaf 100.png,artifacts/data/mc_unet/leaf_masks_heuristic/2e86ab04-c41e-4a4b-a674-552176d72ab1___GHLB2 Leaf 100.png,source_jpg,late_blight,Tomato_Late_blight,256,256,3544,65536,0.0540771484375,0.0540771484375,0,3544,0,9,ok,test
2e8f61d8-0d5d-46e3-a597-ede96855a4fe___RS_Late.B 5352,2e8f61d8-0d5d-46e3-a597-ede96855a4fe,2e8f61d8-0d5d-46e3-a597-ede96855a4fe___RS_Late.B 5352,artifacts/data/mc_unet/images/2e8f61d8-0d5d-46e3-a597-ede96855a4fe___RS_Late.B 5352.jpg,artifacts/data/mc_unet/masks/2e8f61d8-0d5d-46e3-a597-ede96855a4fe___RS_Late.B 5352.png,artifacts/data/mc_unet/leaf_masks_heuristic/2e8f61d8-0d5d-46e3-a597-ede96855a4fe___RS_Late.B 5352.png,source_jpg,late_blight,Tomato_Late_blight,256,256,6587,65536,0.1005096435546875,0.1005096435546875,0,6587,0,6,ok,train
2e917b6c-8617-419d-b54e-2e5222d88e09___UF.GRC_BS_Lab Leaf 8938,2e917b6c-8617-419d-b54e-2e5222d88e09,2e917b6c-8617-419d-b54e-2e5222d88e09___UF.GRC_BS_Lab Leaf 8938,artifacts/data/mc_unet/images/2e917b6c-8617-419d-b54e-2e5222d88e09___UF.GRC_BS_Lab Leaf 8938.jpg,artifacts/data/mc_unet/masks/2e917b6c-8617-419d-b54e-2e5222d88e09___UF.GRC_BS_Lab Leaf 8938.png,artifacts/data/mc_unet/leaf_masks_heuristic/2e917b6c-8617-419d-b54e-2e5222d88e09___UF.GRC_BS_Lab Leaf 8938.png,source_jpg,bacterial_spot,Tomato_Bacterial_spot,256,256,28235,65536,0.4308319091796875,0.4308319091796875,0,0,28235,1,ok,train
2ec39ffa-c356-4d31-8153-f2e4bc9a1449___RS_Late.B 5164,2ec39ffa-c356-4d31-8153-f2e4bc9a1449,2ec39ffa-c356-4d31-8153-f2e4bc9a1449___RS_Late.B 5164,artifacts/data/mc_unet/images/2ec39ffa-c356-4d31-8153-f2e4bc9a1449___RS_Late.B 5164.jpg,artifacts/data/mc_unet/masks/2ec39ffa-c356-4d31-8153-f2e4bc9a1449___RS_Late.B 5164.png,artifacts/data/mc_unet/leaf_masks_heuristic/2ec39ffa-c356-4d31-8153-f2e4bc9a1449___RS_Late.B 5164.png,source_jpg,late_blight,Tomato_Late_blight,256,256,11238,65536,0.171478271484375,0.171478271484375,0,11238,0,2,ok,train
2edc83c5-b45e-4f4e-ba56-1ff26c33abea___RS_Late.B 5614,2edc83c5-b45e-4f4e-ba56-1ff26c33abea,2edc83c5-b45e-4f4e-ba56-1ff26c33abea___RS_Late.B 5614,artifacts/data/mc_unet/images/2edc83c5-b45e-4f4e-ba56-1ff26c33abea___RS_Late.B 5614.jpg,artifacts/data/mc_unet/masks/2edc83c5-b45e-4f4e-ba56-1ff26c33abea___RS_Late.B 5614.png,artifacts/data/mc_unet/leaf_masks_heuristic/2edc83c5-b45e-4f4e-ba56-1ff26c33abea___RS_Late.B 5614.png,source_jpg,late_blight,Tomato_Late_blight,256,256,3940,65536,0.06011962890625,0.06011962890625,0,3940,0,3,ok,train
2edc83c5-b45e-4f4e-ba56-1ff26c33abea___RS_Late.B 5614_flipLR,2edc83c5-b45e-4f4e-ba56-1ff26c33abea,2edc83c5-b45e-4f4e-ba56-1ff26c33abea___RS_Late.B 5614_flipLR,artifacts/data/mc_unet/images/2edc83c5-b45e-4f4e-ba56-1ff26c33abea___RS_Late.B 5614_flipLR.jpg,artifacts/data/mc_unet/masks/2edc83c5-b45e-4f4e-ba56-1ff26c33abea___RS_Late.B 5614_flipLR.png,artifacts/data/mc_unet/leaf_masks_heuristic/2edc83c5-b45e-4f4e-ba56-1ff26c33abea___RS_Late.B 5614_flipLR.png,source_jpg,late_blight,Tomato_Late_blight,256,256,4355,65536,0.0664520263671875,0.0664520263671875,0,4355,0,3,ok,train
2ef1523a-213c-4c36-af0a-8473fb932452___UF.GRC_BS_Lab Leaf 0364,2ef1523a-213c-4c36-af0a-8473fb932452,2ef1523a-213c-4c36-af0a-8473fb932452___UF.GRC_BS_Lab Leaf 0364,artifacts/data/mc_unet/images/2ef1523a-213c-4c36-af0a-8473fb932452___UF.GRC_BS_Lab Leaf 0364.jpg,artifacts/data/mc_unet/masks/2ef1523a-213c-4c36-af0a-8473fb932452___UF.GRC_BS_Lab Leaf 0364.png,artifacts/data/mc_unet/leaf_masks_heuristic/2ef1523a-213c-4c36-af0a-8473fb932452___UF.GRC_BS_Lab Leaf 0364.png,source_jpg,bacterial_spot,Tomato_Bacterial_spot,256,256,6654,65536,0.101531982421875,0.101531982421875,0,0,6654,4,ok,train
2ef68d83-8e54-49b9-9a2e-67382e843a31___GCREC_Bact.Sp 3190,2ef68d83-8e54-49b9-9a2e-67382e843a31,2ef68d83-8e54-49b9-9a2e-67382e843a31___GCREC_Bact.Sp 3190,artifacts/data/mc_unet/images/2ef68d83-8e54-49b9-9a2e-67382e843a31___GCREC_Bact.Sp 3190.jpg,artifacts/data/mc_unet/masks/2ef68d83-8e54-49b9-9a2e-67382e843a31___GCREC_Bact.Sp 3190.png,artifacts/data/mc_unet/leaf_masks_heuristic/2ef68d83-8e54-49b9-9a2e-67382e843a31___GCREC_Bact.Sp 3190.png,source_jpg,bacterial_spot,Tomato_Bacterial_spot,256,256,963,65536,0.0146942138671875,0.0146942138671875,0,0,963,3,ok,train
2efd143b-619d-455d-9b16-95536cad01e3___RS_Erly.B 7780,2efd143b-619d-455d-9b16-95536cad01e3,2efd143b-619d-455d-9b16-95536cad01e3___RS_Erly.B 7780,artifacts/data/mc_unet/images/2efd143b-619d-455d-9b16-95536cad01e3___RS_Erly.B 7780.jpg,artifacts/data/mc_unet/masks/2efd143b-619d-455d-9b16-95536cad01e3___RS_Erly.B 7780.png,artifacts/data/mc_unet/leaf_masks_heuristic/2efd143b-619d-455d-9b16-95536cad01e3___RS_Erly.B 7780.png,source_jpg,early_blight,Tomato_Early_blight,256,256,1144,65536,0.0174560546875,0.0174560546875,1144,0,0,5,ok,train
2effb567-7a19-49c6-b819-e79c9f3a03ab___GCREC_Bact.Sp 3582,2effb567-7a19-49c6-b819-e79c9f3a03ab,2effb567-7a19-49c6-b819-e79c9f3a03ab___GCREC_Bact.Sp 3582,artifacts/data/mc_unet/images/2effb567-7a19-49c6-b819-e79c9f3a03ab___GCREC_Bact.Sp 3582.jpg,artifacts/data/mc_unet/masks/2effb567-7a19-49c6-b819-e79c9f3a03ab___GCREC_Bact.Sp 3582.png,artifacts/data/mc_unet/leaf_masks_heuristic/2effb567-7a19-49c6-b819-e79c9f3a03ab___GCREC_Bact.Sp 3582.png,source_jpg,bacterial_spot,Tomato_Bacterial_spot,256,256,5780,65536,0.08819580078125,0.08819580078125,0,0,5780,2,ok,test
2f08688f-f6ea-4772-bfa3-5a995e38988c___GHLB2 Leaf 8827_flipLR,2f08688f-f6ea-4772-bfa3-5a995e38988c,2f08688f-f6ea-4772-bfa3-5a995e38988c___GHLB2 Leaf 8827_flipLR,artifacts/data/mc_unet/images/2f08688f-f6ea-4772-bfa3-5a995e38988c___GHLB2 Leaf 8827_flipLR.jpg,artifacts/data/mc_unet/masks/2f08688f-f6ea-4772-bfa3-5a995e38988c___GHLB2 Leaf 8827_flipLR.png,artifacts/data/mc_unet/leaf_masks_heuristic/2f08688f-f6ea-4772-bfa3-5a995e38988c___GHLB2 Leaf 8827_flipLR.png,source_jpg,late_blight,Tomato_Late_blight,256,256,5956,65536,0.09088134765625,0.09088134765625,0,5956,0,1,ok,train
2f1b0a5b-05ed-41b7-bd44-6f291f7ccc43___GCREC_Bact.Sp 3665,2f1b0a5b-05ed-41b7-bd44-6f291f7ccc43,2f1b0a5b-05ed-41b7-bd44-6f291f7ccc43___GCREC_Bact.Sp 3665,artifacts/data/mc_unet/images/2f1b0a5b-05ed-41b7-bd44-6f291f7ccc43___GCREC_Bact.Sp 3665.jpg,artifacts/data/mc_unet/masks/2f1b0a5b-05ed-41b7-bd44-6f291f7ccc43___GCREC_Bact.Sp 3665.png,artifacts/data/mc_unet/leaf_masks_heuristic/2f1b0a5b-05ed-41b7-bd44-6f291f7ccc43___GCREC_Bact.Sp 3665.png,source_jpg,bacterial_spot,Tomato_Bacterial_spot,256,256,1667,65536,0.0254364013671875,0.0254364013671875,0,0,1667,7,ok,train
2f26c159-70bd-4405-b61e-150aaf779c41___RS_Late.B 4919,2f26c159-70bd-4405-b61e-150aaf779c41,2f26c159-70bd-4405-b61e-150aaf779c41___RS_Late.B 4919,artifacts/data/mc_unet/images/2f26c159-70bd-4405-b61e-150aaf779c41___RS_Late.B 4919.jpg,artifacts/data/mc_unet/masks/2f26c159-70bd-4405-b61e-150aaf779c41___RS_Late.B 4919.png,artifacts/data/mc_unet/leaf_masks_heuristic/2f26c159-70bd-4405-b61e-150aaf779c41___RS_Late.B 4919.png,source_jpg,late_blight,Tomato_Late_blight,256,256,8353,65536,0.1274566650390625,0.1274566650390625,0,8353,0,1,ok,train
2f26c159-70bd-4405-b61e-150aaf779c41___RS_Late.B 4919_flipLR,2f26c159-70bd-4405-b61e-150aaf779c41,2f26c159-70bd-4405-b61e-150aaf779c41___RS_Late.B 4919_flipLR,artifacts/data/mc_unet/images/2f26c159-70bd-4405-b61e-150aaf779c41___RS_Late.B 4919_flipLR.jpg,artifacts/data/mc_unet/masks/2f26c159-70bd-4405-b61e-150aaf779c41___RS_Late.B 4919_flipLR.png,artifacts/data/mc_unet/leaf_masks_heuristic/2f26c159-70bd-4405-b61e-150aaf779c41___RS_Late.B 4919_flipLR.png,source_jpg,late_blight,Tomato_Late_blight,256,256,8260,65536,0.12603759765625,0.12603759765625,0,8260,0,1,ok,train
2f3e2c44-a83b-4f72-a831-ac42aec1020e___UF.GRC_BS_Lab Leaf 0211,2f3e2c44-a83b-4f72-a831-ac42aec1020e,2f3e2c44-a83b-4f72-a831-ac42aec1020e___UF.GRC_BS_Lab Leaf 0211,artifacts/data/mc_unet/images/2f3e2c44-a83b-4f72-a831-ac42aec1020e___UF.GRC_BS_Lab Leaf 0211.jpg,artifacts/data/mc_unet/masks/2f3e2c44-a83b-4f72-a831-ac42aec1020e___UF.GRC_BS_Lab Leaf 0211.png,artifacts/data/mc_unet/leaf_masks_heuristic/2f3e2c44-a83b-4f72-a831-ac42aec1020e___UF.GRC_BS_Lab Leaf 0211.png,source_jpg,bacterial_spot,Tomato_Bacterial_spot,256,256,6711,65536,0.1024017333984375,0.1024017333984375,0,0,6711,4,ok,train
2f433332-c89a-482b-993b-37a3a10096e0___GHLB2 Leaf 8616,2f433332-c89a-482b-993b-37a3a10096e0,2f433332-c89a-482b-993b-37a3a10096e0___GHLB2 Leaf 8616,artifacts/data/mc_unet/images/2f433332-c89a-482b-993b-37a3a10096e0___GHLB2 Leaf 8616.jpg,artifacts/data/mc_unet/masks/2f433332-c89a-482b-993b-37a3a10096e0___GHLB2 Leaf 8616.png,artifacts/data/mc_unet/leaf_masks_heuristic/2f433332-c89a-482b-993b-37a3a10096e0___GHLB2 Leaf 8616.png,source_jpg,late_blight,Tomato_Late_blight,256,256,5183,65536,0.0790863037109375,0.0790863037109375,0,5183,0,1,ok,train
2f433332-c89a-482b-993b-37a3a10096e0___GHLB2 Leaf 8616_flipLR,2f433332-c89a-482b-993b-37a3a10096e0,2f433332-c89a-482b-993b-37a3a10096e0___GHLB2 Leaf 8616_flipLR,artifacts/data/mc_unet/images/2f433332-c89a-482b-993b-37a3a10096e0___GHLB2 Leaf 8616_flipLR.jpg,artifacts/data/mc_unet/masks/2f433332-c89a-482b-993b-37a3a10096e0___GHLB2 Leaf 8616_flipLR.png,artifacts/data/mc_unet/leaf_masks_heuristic/2f433332-c89a-482b-993b-37a3a10096e0___GHLB2 Leaf 8616_flipLR.png,source_jpg,late_blight,Tomato_Late_blight,256,256,4501,65536,0.0686798095703125,0.0686798095703125,0,4501,0,1,ok,train
2f48b422-e9b2-4143-8b7f-c44cea6fb2fd___UF.GRC_BS_Lab Leaf 0450,2f48b422-e9b2-4143-8b7f-c44cea6fb2fd,2f48b422-e9b2-4143-8b7f-c44cea6fb2fd___UF.GRC_BS_Lab Leaf 0450,artifacts/data/mc_unet/images/2f48b422-e9b2-4143-8b7f-c44cea6fb2fd___UF.GRC_BS_Lab Leaf 0450.jpg,artifacts/data/mc_unet/masks/2f48b422-e9b2-4143-8b7f-c44cea6fb2fd___UF.GRC_BS_Lab Leaf 0450.png,artifacts/data/mc_unet/leaf_masks_heuristic/2f48b422-e9b2-4143-8b7f-c44cea6fb2fd___UF.GRC_BS_Lab Leaf 0450.png,source_jpg,bacterial_spot,Tomato_Bacterial_spot,256,256,6295,65536,0.0960540771484375,0.0960540771484375,0,0,6295,6,ok,train
2f5aefb2-4bdc-4a55-81e3-c19a6982b605___RS_Late.B 4856_flipLR,2f5aefb2-4bdc-4a55-81e3-c19a6982b605,2f5aefb2-4bdc-4a55-81e3-c19a6982b605___RS_Late.B 4856_flipLR,artifacts/data/mc_unet/images/2f5aefb2-4bdc-4a55-81e3-c19a6982b605___RS_Late.B 4856_flipLR.jpg,artifacts/data/mc_unet/masks/2f5aefb2-4bdc-4a55-81e3-c19a6982b605___RS_Late.B 4856_flipLR.png,artifacts/data/mc_unet/leaf_masks_heuristic/2f5aefb2-4bdc-4a55-81e3-c19a6982b605___RS_Late.B 4856_flipLR.png,source_jpg,late_blight,Tomato_Late_blight,256,256,2397,65536,0.0365753173828125,0.0365753173828125,0,2397,0,2,ok,train
2f6115d3-4997-4174-aa6a-9025c654e81f___RS_Erly.B 9374,2f6115d3-4997-4174-aa6a-9025c654e81f,2f6115d3-4997-4174-aa6a-9025c654e81f___RS_Erly.B 9374,artifacts/data/mc_unet/images/2f6115d3-4997-4174-aa6a-9025c654e81f___RS_Erly.B 9374.jpg,artifacts/data/mc_unet/masks/2f6115d3-4997-4174-aa6a-9025c654e81f___RS_Erly.B 9374.png,artifacts/data/mc_unet/leaf_masks_heuristic/2f6115d3-4997-4174-aa6a-9025c654e81f___RS_Erly.B 9374.png,source_jpg,early_blight,Tomato_Early_blight,256,256,24370,65536,0.371856689453125,0.371856689453125,24370,0,0,1,ok,train
2f6eb969-db8b-48ae-954d-f716a61fce22___RS_Late.B 6555,2f6eb969-db8b-48ae-954d-f716a61fce22,2f6eb969-db8b-48ae-954d-f716a61fce22___RS_Late.B 6555,artifacts/data/mc_unet/images/2f6eb969-db8b-48ae-954d-f716a61fce22___RS_Late.B 6555.jpg,artifacts/data/mc_unet/masks/2f6eb969-db8b-48ae-954d-f716a61fce22___RS_Late.B 6555.png,artifacts/data/mc_unet/leaf_masks_heuristic/2f6eb969-db8b-48ae-954d-f716a61fce22___RS_Late.B 6555.png,source_jpg,late_blight,Tomato_Late_blight,256,256,4608,65536,0.0703125,0.0703125,0,4608,0,1,ok,test
2f75f735-41de-445a-812c-72700ec68121___GCREC_Bact.Sp 5881,2f75f735-41de-445a-812c-72700ec68121,2f75f735-41de-445a-812c-72700ec68121___GCREC_Bact.Sp 5881,artifacts/data/mc_unet/images/2f75f735-41de-445a-812c-72700ec68121___GCREC_Bact.Sp 5881.jpg,artifacts/data/mc_unet/masks/2f75f735-41de-445a-812c-72700ec68121___GCREC_Bact.Sp 5881.png,artifacts/data/mc_unet/leaf_masks_heuristic/2f75f735-41de-445a-812c-72700ec68121___GCREC_Bact.Sp 5881.png,source_jpg,bacterial_spot,Tomato_Bacterial_spot,256,256,1582,65536,0.024139404296875,0.024139404296875,0,0,1582,3,ok,train
2f823081-0654-47f1-bb1e-88d7e99a94ca___RS_Erly.B 9542,2f823081-0654-47f1-bb1e-88d7e99a94ca,2f823081-0654-47f1-bb1e-88d7e99a94ca___RS_Erly.B 9542,artifacts/data/mc_unet/images/2f823081-0654-47f1-bb1e-88d7e99a94ca___RS_Erly.B 9542.jpg,artifacts/data/mc_unet/masks/2f823081-0654-47f1-bb1e-88d7e99a94ca___RS_Erly.B 9542.png,artifacts/data/mc_unet/leaf_masks_heuristic/2f823081-0654-47f1-bb1e-88d7e99a94ca___RS_Erly.B 9542.png,source_jpg,early_blight,Tomato_Early_blight,256,256,1825,65536,0.0278472900390625,0.0278472900390625,1825,0,0,3,ok,train
2f8a0ddd-dbc7-4c67-a993-2e6e7c79094e___GCREC_Bact.Sp 5966,2f8a0ddd-dbc7-4c67-a993-2e6e7c79094e,2f8a0ddd-dbc7-4c67-a993-2e6e7c79094e___GCREC_Bact.Sp 5966,artifacts/data/mc_unet/images/2f8a0ddd-dbc7-4c67-a993-2e6e7c79094e___GCREC_Bact.Sp 5966.jpg,artifacts/data/mc_unet/masks/2f8a0ddd-dbc7-4c67-a993-2e6e7c79094e___GCREC_Bact.Sp 5966.png,artifacts/data/mc_unet/leaf_masks_heuristic/2f8a0ddd-dbc7-4c67-a993-2e6e7c79094e___GCREC_Bact.Sp 5966.png,source_jpg,bacterial_spot,Tomato_Bacterial_spot,256,256,4974,65536,0.075897216796875,0.075897216796875,0,0,4974,5,ok,train
2f946796-28fd-458c-a2a1-93c7a946c829___GCREC_Bact.Sp 6090,2f946796-28fd-458c-a2a1-93c7a946c829,2f946796-28fd-458c-a2a1-93c7a946c829___GCREC_Bact.Sp 6090,artifacts/data/mc_unet/images/2f946796-28fd-458c-a2a1-93c7a946c829___GCREC_Bact.Sp 6090.jpg,artifacts/data/mc_unet/masks/2f946796-28fd-458c-a2a1-93c7a946c829___GCREC_Bact.Sp 6090.png,artifacts/data/mc_unet/leaf_masks_heuristic/2f946796-28fd-458c-a2a1-93c7a946c829___GCREC_Bact.Sp 6090.png,source_jpg,bacterial_spot,Tomato_Bacterial_spot,256,256,7915,65536,0.1207733154296875,0.1207733154296875,0,0,7915,5,ok,train
2f9cc9b4-9244-4043-b786-25be4b3e4063___UF.GRC_BS_Lab Leaf 9032,2f9cc9b4-9244-4043-b786-25be4b3e4063,2f9cc9b4-9244-4043-b786-25be4b3e4063___UF.GRC_BS_Lab Leaf 9032,artifacts/data/mc_unet/images/2f9cc9b4-9244-4043-b786-25be4b3e4063___UF.GRC_BS_Lab Leaf 9032.jpg,artifacts/data/mc_unet/masks/2f9cc9b4-9244-4043-b786-25be4b3e4063___UF.GRC_BS_Lab Leaf 9032.png,artifacts/data/mc_unet/leaf_masks_heuristic/2f9cc9b4-9244-4043-b786-25be4b3e4063___UF.GRC_BS_Lab Leaf 9032.png,source_jpg,bacterial_spot,Tomato_Bacterial_spot,256,256,28234,65536,0.430816650390625,0.430816650390625,0,0,28234,1,ok,test
2fa031cf-7326-46a8-a565-2ce27d003e2d___GCREC_Bact.Sp 5884,2fa031cf-7326-46a8-a565-2ce27d003e2d,2fa031cf-7326-46a8-a565-2ce27d003e2d___GCREC_Bact.Sp 5884,artifacts/data/mc_unet/images/2fa031cf-7326-46a8-a565-2ce27d003e2d___GCREC_Bact.Sp 5884.jpg,artifacts/data/mc_unet/masks/2fa031cf-7326-46a8-a565-2ce27d003e2d___GCREC_Bact.Sp 5884.png,artifacts/data/mc_unet/leaf_masks_heuristic/2fa031cf-7326-46a8-a565-2ce27d003e2d___GCREC_Bact.Sp 5884.png,source_jpg,bacterial_spot,Tomato_Bacterial_spot,256,256,15418,65536,0.235260009765625,0.235260009765625,0,0,15418,2,ok,train
2fa6cd46-eb76-481e-b15a-44c858f705b3___RS_Erly.B 9532,2fa6cd46-eb76-481e-b15a-44c858f705b3,2fa6cd46-eb76-481e-b15a-44c858f705b3___RS_Erly.B 9532,artifacts/data/mc_unet/images/2fa6cd46-eb76-481e-b15a-44c858f705b3___RS_Erly.B 9532.jpg,artifacts/data/mc_unet/masks/2fa6cd46-eb76-481e-b15a-44c858f705b3___RS_Erly.B 9532.png,artifacts/data/mc_unet/leaf_masks_heuristic/2fa6cd46-eb76-481e-b15a-44c858f705b3___RS_Erly.B 9532.png,source_jpg,early_blight,Tomato_Early_blight,256,256,6850,65536,0.104522705078125,0.104522705078125,6850,0,0,11,ok,test
2fa6fe6b-a7dc-471e-a878-b8d8e0121126___GCREC_Bact.Sp 3159,2fa6fe6b-a7dc-471e-a878-b8d8e0121126,2fa6fe6b-a7dc-471e-a878-b8d8e0121126___GCREC_Bact.Sp 3159,artifacts/data/mc_unet/images/2fa6fe6b-a7dc-471e-a878-b8d8e0121126___GCREC_Bact.Sp 3159.jpg,artifacts/data/mc_unet/masks/2fa6fe6b-a7dc-471e-a878-b8d8e0121126___GCREC_Bact.Sp 3159.png,artifacts/data/mc_unet/leaf_masks_heuristic/2fa6fe6b-a7dc-471e-a878-b8d8e0121126___GCREC_Bact.Sp 3159.png,source_jpg,bacterial_spot,Tomato_Bacterial_spot,256,256,2890,65536,0.044097900390625,0.044097900390625,0,0,2890,3,ok,train
2fb21107-3a44-45fa-91da-07355b622e14___RS_Late.B 5307,2fb21107-3a44-45fa-91da-07355b622e14,2fb21107-3a44-45fa-91da-07355b622e14___RS_Late.B 5307,artifacts/data/mc_unet/images/2fb21107-3a44-45fa-91da-07355b622e14___RS_Late.B 5307.jpg,artifacts/data/mc_unet/masks/2fb21107-3a44-45fa-91da-07355b622e14___RS_Late.B 5307.png,artifacts/data/mc_unet/leaf_masks_heuristic/2fb21107-3a44-45fa-91da-07355b622e14___RS_Late.B 5307.png,source_jpg,late_blight,Tomato_Late_blight,256,256,10359,65536,0.1580657958984375,0.1580657958984375,0,10359,0,3,ok,train
2fb21107-3a44-45fa-91da-07355b622e14___RS_Late.B 5307_flipLR,2fb21107-3a44-45fa-91da-07355b622e14,2fb21107-3a44-45fa-91da-07355b622e14___RS_Late.B 5307_flipLR,artifacts/data/mc_unet/images/2fb21107-3a44-45fa-91da-07355b622e14___RS_Late.B 5307_flipLR.jpg,artifacts/data/mc_unet/masks/2fb21107-3a44-45fa-91da-07355b622e14___RS_Late.B 5307_flipLR.png,artifacts/data/mc_unet/leaf_masks_heuristic/2fb21107-3a44-45fa-91da-07355b622e14___RS_Late.B 5307_flipLR.png,source_jpg,late_blight,Tomato_Late_blight,256,256,10473,65536,0.1598052978515625,0.1598052978515625,0,10473,0,3,ok,train
2fb3c629-42bc-4027-8f7b-505ce5e0c211___GCREC_Bact.Sp 3460,2fb3c629-42bc-4027-8f7b-505ce5e0c211,2fb3c629-42bc-4027-8f7b-505ce5e0c211___GCREC_Bact.Sp 3460,artifacts/data/mc_unet/images/2fb3c629-42bc-4027-8f7b-505ce5e0c211___GCREC_Bact.Sp 3460.jpg,artifacts/data/mc_unet/masks/2fb3c629-42bc-4027-8f7b-505ce5e0c211___GCREC_Bact.Sp 3460.png,artifacts/data/mc_unet/leaf_masks_heuristic/2fb3c629-42bc-4027-8f7b-505ce5e0c211___GCREC_Bact.Sp 3460.png,source_jpg,bacterial_spot,Tomato_Bacterial_spot,256,256,407,65536,0.0062103271484375,0.0062103271484375,0,0,407,2,ok,val
2fd17140-f483-4f98-9d08-fc9e57b355e1___GCREC_Bact.Sp 6269,2fd17140-f483-4f98-9d08-fc9e57b355e1,2fd17140-f483-4f98-9d08-fc9e57b355e1___GCREC_Bact.Sp 6269,artifacts/data/mc_unet/images/2fd17140-f483-4f98-9d08-fc9e57b355e1___GCREC_Bact.Sp 6269.jpg,artifacts/data/mc_unet/masks/2fd17140-f483-4f98-9d08-fc9e57b355e1___GCREC_Bact.Sp 6269.png,artifacts/data/mc_unet/leaf_masks_heuristic/2fd17140-f483-4f98-9d08-fc9e57b355e1___GCREC_Bact.Sp 6269.png,source_jpg,bacterial_spot,Tomato_Bacterial_spot,256,256,3668,65536,0.05596923828125,0.05596923828125,0,0,3668,6,ok,val
2fd3c2fb-ebd9-48f3-810a-8e365c0db1e2___RS_Late.B 5347,2fd3c2fb-ebd9-48f3-810a-8e365c0db1e2,2fd3c2fb-ebd9-48f3-810a-8e365c0db1e2___RS_Late.B 5347,artifacts/data/mc_unet/images/2fd3c2fb-ebd9-48f3-810a-8e365c0db1e2___RS_Late.B 5347.jpg,artifacts/data/mc_unet/masks/2fd3c2fb-ebd9-48f3-810a-8e365c0db1e2___RS_Late.B 5347.png,artifacts/data/mc_unet/leaf_masks_heuristic/2fd3c2fb-ebd9-48f3-810a-8e365c0db1e2___RS_Late.B 5347.png,source_jpg,late_blight,Tomato_Late_blight,256,256,5234,65536,0.079864501953125,0.079864501953125,0,5234,0,5,ok,train
2fd3c2fb-ebd9-48f3-810a-8e365c0db1e2___RS_Late.B 5347_flipLR,2fd3c2fb-ebd9-48f3-810a-8e365c0db1e2,2fd3c2fb-ebd9-48f3-810a-8e365c0db1e2___RS_Late.B 5347_flipLR,artifacts/data/mc_unet/images/2fd3c2fb-ebd9-48f3-810a-8e365c0db1e2___RS_Late.B 5347_flipLR.jpg,artifacts/data/mc_unet/masks/2fd3c2fb-ebd9-48f3-810a-8e365c0db1e2___RS_Late.B 5347_flipLR.png,artifacts/data/mc_unet/leaf_masks_heuristic/2fd3c2fb-ebd9-48f3-810a-8e365c0db1e2___RS_Late.B 5347_flipLR.png,source_jpg,late_blight,Tomato_Late_blight,256,256,5448,65536,0.0831298828125,0.0831298828125,0,5448,0,5,ok,train
2fd91512-745b-410f-b57f-a5a5dc0573b9___GCREC_Bact.Sp 3171,2fd91512-745b-410f-b57f-a5a5dc0573b9,2fd91512-745b-410f-b57f-a5a5dc0573b9___GCREC_Bact.Sp 3171,artifacts/data/mc_unet/images/2fd91512-745b-410f-b57f-a5a5dc0573b9___GCREC_Bact.Sp 3171.jpg,artifacts/data/mc_unet/masks/2fd91512-745b-410f-b57f-a5a5dc0573b9___GCREC_Bact.Sp 3171.png,artifacts/data/mc_unet/leaf_masks_heuristic/2fd91512-745b-410f-b57f-a5a5dc0573b9___GCREC_Bact.Sp 3171.png,source_jpg,bacterial_spot,Tomato_Bacterial_spot,256,256,648,65536,0.0098876953125,0.0098876953125,0,0,648,3,ok,train
2ffcdf9e-9cf5-492e-80f8-6f80cd0be7cb___RS_Erly.B 7421,2ffcdf9e-9cf5-492e-80f8-6f80cd0be7cb,2ffcdf9e-9cf5-492e-80f8-6f80cd0be7cb___RS_Erly.B 7421,artifacts/data/mc_unet/images/2ffcdf9e-9cf5-492e-80f8-6f80cd0be7cb___RS_Erly.B 7421.jpg,artifacts/data/mc_unet/masks/2ffcdf9e-9cf5-492e-80f8-6f80cd0be7cb___RS_Erly.B 7421.png,artifacts/data/mc_unet/leaf_masks_heuristic/2ffcdf9e-9cf5-492e-80f8-6f80cd0be7cb___RS_Erly.B 7421.png,source_jpg,early_blight,Tomato_Early_blight,256,256,1240,65536,0.0189208984375,0.0189208984375,1240,0,0,2,ok,test
3a051073-6326-43f1-bd93-a3c69661a87f___GHLB2 Leaf 8655_flipLR,3a051073-6326-43f1-bd93-a3c69661a87f,3a051073-6326-43f1-bd93-a3c69661a87f___GHLB2 Leaf 8655_flipLR,artifacts/data/mc_unet/images/3a051073-6326-43f1-bd93-a3c69661a87f___GHLB2 Leaf 8655_flipLR.jpg,artifacts/data/mc_unet/masks/3a051073-6326-43f1-bd93-a3c69661a87f___GHLB2 Leaf 8655_flipLR.png,artifacts/data/mc_unet/leaf_masks_heuristic/3a051073-6326-43f1-bd93-a3c69661a87f___GHLB2 Leaf 8655_flipLR.png,source_jpg,late_blight,Tomato_Late_blight,256,256,2121,65536,0.0323638916015625,0.0323638916015625,0,2121,0,4,ok,train
3a08d08d-9820-492b-a99f-eb19147724b7___GCREC_Bact.Sp 3288,3a08d08d-9820-492b-a99f-eb19147724b7,3a08d08d-9820-492b-a99f-eb19147724b7___GCREC_Bact.Sp 3288,artifacts/data/mc_unet/images/3a08d08d-9820-492b-a99f-eb19147724b7___GCREC_Bact.Sp 3288.jpg,artifacts/data/mc_unet/masks/3a08d08d-9820-492b-a99f-eb19147724b7___GCREC_Bact.Sp 3288.png,artifacts/data/mc_unet/leaf_masks_heuristic/3a08d08d-9820-492b-a99f-eb19147724b7___GCREC_Bact.Sp 3288.png,source_jpg,bacterial_spot,Tomato_Bacterial_spot,256,256,1718,65536,0.026214599609375,0.026214599609375,0,0,1718,4,ok,train
3a0cd50f-708e-478a-9231-39db5f2fc7c3___GHLB_PS Leaf 32.1 Day 13,3a0cd50f-708e-478a-9231-39db5f2fc7c3,3a0cd50f-708e-478a-9231-39db5f2fc7c3___GHLB_PS Leaf 32.1 Day 13,artifacts/data/mc_unet/images/3a0cd50f-708e-478a-9231-39db5f2fc7c3___GHLB_PS Leaf 32.1 Day 13.jpg,artifacts/data/mc_unet/masks/3a0cd50f-708e-478a-9231-39db5f2fc7c3___GHLB_PS Leaf 32.1 Day 13.png,artifacts/data/mc_unet/leaf_masks_heuristic/3a0cd50f-708e-478a-9231-39db5f2fc7c3___GHLB_PS Leaf 32.1 Day 13.png,source_jpg,late_blight,Tomato_Late_blight,256,256,3543,65536,0.0540618896484375,0.0540618896484375,0,3543,0,1,ok,val
3a0cd50f-708e-478a-9231-39db5f2fc7c3___GHLB_PS Leaf 32.1 Day 13_flipLR,3a0cd50f-708e-478a-9231-39db5f2fc7c3,3a0cd50f-708e-478a-9231-39db5f2fc7c3___GHLB_PS Leaf 32.1 Day 13_flipLR,artifacts/data/mc_unet/images/3a0cd50f-708e-478a-9231-39db5f2fc7c3___GHLB_PS Leaf 32.1 Day 13_flipLR.jpg,artifacts/data/mc_unet/masks/3a0cd50f-708e-478a-9231-39db5f2fc7c3___GHLB_PS Leaf 32.1 Day 13_flipLR.png,artifacts/data/mc_unet/leaf_masks_heuristic/3a0cd50f-708e-478a-9231-39db5f2fc7c3___GHLB_PS Leaf 32.1 Day 13_flipLR.png,source_jpg,late_blight,Tomato_Late_blight,256,256,3602,65536,0.054962158203125,0.054962158203125,0,3602,0,1,ok,val
3a0d39c0-0ca6-455f-92ab-c773ba6270e9___GCREC_Bact.Sp 3084,3a0d39c0-0ca6-455f-92ab-c773ba6270e9,3a0d39c0-0ca6-455f-92ab-c773ba6270e9___GCREC_Bact.Sp 3084,artifacts/data/mc_unet/images/3a0d39c0-0ca6-455f-92ab-c773ba6270e9___GCREC_Bact.Sp 3084.jpg,artifacts/data/mc_unet/masks/3a0d39c0-0ca6-455f-92ab-c773ba6270e9___GCREC_Bact.Sp 3084.png,artifacts/data/mc_unet/leaf_masks_heuristic/3a0d39c0-0ca6-455f-92ab-c773ba6270e9___GCREC_Bact.Sp 3084.png,source_jpg,bacterial_spot,Tomato_Bacterial_spot,256,256,4294,65536,0.065521240234375,0.065521240234375,0,0,4294,3,ok,val
3a1a6b9e-2a68-421f-adbe-229baf8a6093___GHLB Leaf 2 Day 13,3a1a6b9e-2a68-421f-adbe-229baf8a6093,3a1a6b9e-2a68-421f-adbe-229baf8a6093___GHLB Leaf 2 Day 13,artifacts/data/mc_unet/images/3a1a6b9e-2a68-421f-adbe-229baf8a6093___GHLB Leaf 2 Day 13.jpg,artifacts/data/mc_unet/masks/3a1a6b9e-2a68-421f-adbe-229baf8a6093___GHLB Leaf 2 Day 13.png,artifacts/data/mc_unet/leaf_masks_heuristic/3a1a6b9e-2a68-421f-adbe-229baf8a6093___GHLB Leaf 2 Day 13.png,source_jpg,late_blight,Tomato_Late_blight,256,256,12619,64536,0.1925506591796875,0.1955342754431635,0,12619,0,2,ok,test
3a28881d-eede-4274-b158-c54ebd1c7164___GCREC_Bact.Sp 3136,3a28881d-eede-4274-b158-c54ebd1c7164,3a28881d-eede-4274-b158-c54ebd1c7164___GCREC_Bact.Sp 3136,artifacts/data/mc_unet/images/3a28881d-eede-4274-b158-c54ebd1c7164___GCREC_Bact.Sp 3136.jpg,artifacts/data/mc_unet/masks/3a28881d-eede-4274-b158-c54ebd1c7164___GCREC_Bact.Sp 3136.png,artifacts/data/mc_unet/leaf_masks_heuristic/3a28881d-eede-4274-b158-c54ebd1c7164___GCREC_Bact.Sp 3136.png,source_jpg,bacterial_spot,Tomato_Bacterial_spot,256,256,872,65536,0.0133056640625,0.0133056640625,0,0,872,5,ok,test
3a2a9048-35d3-411d-b4c7-357202cf69df___GHLB2 Leaf 9061,3a2a9048-35d3-411d-b4c7-357202cf69df,3a2a9048-35d3-411d-b4c7-357202cf69df___GHLB2 Leaf 9061,artifacts/data/mc_unet/images/3a2a9048-35d3-411d-b4c7-357202cf69df___GHLB2 Leaf 9061.jpg,artifacts/data/mc_unet/masks/3a2a9048-35d3-411d-b4c7-357202cf69df___GHLB2 Leaf 9061.png,artifacts/data/mc_unet/leaf_masks_heuristic/3a2a9048-35d3-411d-b4c7-357202cf69df___GHLB2 Leaf 9061.png,source_jpg,late_blight,Tomato_Late_blight,256,256,6281,65536,0.0958404541015625,0.0958404541015625,0,6281,0,1,ok,train
3a2a9048-35d3-411d-b4c7-357202cf69df___GHLB2 Leaf 9061_flipLR,3a2a9048-35d3-411d-b4c7-357202cf69df,3a2a9048-35d3-411d-b4c7-357202cf69df___GHLB2 Leaf 9061_flipLR,artifacts/data/mc_unet/images/3a2a9048-35d3-411d-b4c7-357202cf69df___GHLB2 Leaf 9061_flipLR.jpg,artifacts/data/mc_unet/masks/3a2a9048-35d3-411d-b4c7-357202cf69df___GHLB2 Leaf 9061_flipLR.png,artifacts/data/mc_unet/leaf_masks_heuristic/3a2a9048-35d3-411d-b4c7-357202cf69df___GHLB2 Leaf 9061_flipLR.png,source_jpg,late_blight,Tomato_Late_blight,256,256,6300,65536,0.09613037109375,0.09613037109375,0,6300,0,1,ok,train
3a3e6df4-6493-4be6-b652-2b02b4b02d33___GHLB2 Leaf 8921,3a3e6df4-6493-4be6-b652-2b02b4b02d33,3a3e6df4-6493-4be6-b652-2b02b4b02d33___GHLB2 Leaf 8921,artifacts/data/mc_unet/images/3a3e6df4-6493-4be6-b652-2b02b4b02d33___GHLB2 Leaf 8921.jpg,artifacts/data/mc_unet/masks/3a3e6df4-6493-4be6-b652-2b02b4b02d33___GHLB2 Leaf 8921.png,artifacts/data/mc_unet/leaf_masks_heuristic/3a3e6df4-6493-4be6-b652-2b02b4b02d33___GHLB2 Leaf 8921.png,source_jpg,late_blight,Tomato_Late_blight,256,256,5720,65536,0.0872802734375,0.0872802734375,0,5720,0,2,ok,train
3a3e6df4-6493-4be6-b652-2b02b4b02d33___GHLB2 Leaf 8921_flipLR,3a3e6df4-6493-4be6-b652-2b02b4b02d33,3a3e6df4-6493-4be6-b652-2b02b4b02d33___GHLB2 Leaf 8921_flipLR,artifacts/data/mc_unet/images/3a3e6df4-6493-4be6-b652-2b02b4b02d33___GHLB2 Leaf 8921_flipLR.jpg,artifacts/data/mc_unet/masks/3a3e6df4-6493-4be6-b652-2b02b4b02d33___GHLB2 Leaf 8921_flipLR.png,artifacts/data/mc_unet/leaf_masks_heuristic/3a3e6df4-6493-4be6-b652-2b02b4b02d33___GHLB2 Leaf 8921_flipLR.png,source_jpg,late_blight,Tomato_Late_blight,256,256,5839,65536,0.0890960693359375,0.0890960693359375,0,5839,0,2,ok,train
3a54f866-42a6-4ad8-8752-97c62aa1bc18___RS_Erly.B 6485,3a54f866-42a6-4ad8-8752-97c62aa1bc18,3a54f866-42a6-4ad8-8752-97c62aa1bc18___RS_Erly.B 6485,artifacts/data/mc_unet/images/3a54f866-42a6-4ad8-8752-97c62aa1bc18___RS_Erly.B 6485.jpg,artifacts/data/mc_unet/masks/3a54f866-42a6-4ad8-8752-97c62aa1bc18___RS_Erly.B 6485.png,artifacts/data/mc_unet/leaf_masks_heuristic/3a54f866-42a6-4ad8-8752-97c62aa1bc18___RS_Erly.B 6485.png,source_jpg,early_blight,Tomato_Early_blight,256,256,12488,65536,0.1905517578125,0.1905517578125,12488,0,0,2,ok,train
3a5a5775-fd2c-43ea-ad6b-ce2e50b36dcf___RS_Erly.B 6469,3a5a5775-fd2c-43ea-ad6b-ce2e50b36dcf,3a5a5775-fd2c-43ea-ad6b-ce2e50b36dcf___RS_Erly.B 6469,artifacts/data/mc_unet/images/3a5a5775-fd2c-43ea-ad6b-ce2e50b36dcf___RS_Erly.B 6469.jpg,artifacts/data/mc_unet/masks/3a5a5775-fd2c-43ea-ad6b-ce2e50b36dcf___RS_Erly.B 6469.png,artifacts/data/mc_unet/leaf_masks_heuristic/3a5a5775-fd2c-43ea-ad6b-ce2e50b36dcf___RS_Erly.B 6469.png,source_jpg,early_blight,Tomato_Early_blight,256,256,12116,65536,0.18487548828125,0.18487548828125,12116,0,0,4,ok,train
3a634ad7-1119-4ea1-9268-bedc8308fdc8___RS_Erly.B 7841,3a634ad7-1119-4ea1-9268-bedc8308fdc8,3a634ad7-1119-4ea1-9268-bedc8308fdc8___RS_Erly.B 7841,artifacts/data/mc_unet/images/3a634ad7-1119-4ea1-9268-bedc8308fdc8___RS_Erly.B 7841.jpg,artifacts/data/mc_unet/masks/3a634ad7-1119-4ea1-9268-bedc8308fdc8___RS_Erly.B 7841.png,artifacts/data/mc_unet/leaf_masks_heuristic/3a634ad7-1119-4ea1-9268-bedc8308fdc8___RS_Erly.B 7841.png,source_jpg,early_blight,Tomato_Early_blight,256,256,23179,65536,0.3536834716796875,0.3536834716796875,23179,0,0,1,ok,test
3a6faf8e-3b27-4498-aca9-45f9e4158a56___GHLB2 Leaf 112.1,3a6faf8e-3b27-4498-aca9-45f9e4158a56,3a6faf8e-3b27-4498-aca9-45f9e4158a56___GHLB2 Leaf 112.1,artifacts/data/mc_unet/images/3a6faf8e-3b27-4498-aca9-45f9e4158a56___GHLB2 Leaf 112.1.jpg,artifacts/data/mc_unet/masks/3a6faf8e-3b27-4498-aca9-45f9e4158a56___GHLB2 Leaf 112.1.png,artifacts/data/mc_unet/leaf_masks_heuristic/3a6faf8e-3b27-4498-aca9-45f9e4158a56___GHLB2 Leaf 112.1.png,source_jpg,late_blight,Tomato_Late_blight,256,256,18400,65536,0.28076171875,0.28076171875,0,18400,0,3,ok,train
3a6faf8e-3b27-4498-aca9-45f9e4158a56___GHLB2 Leaf 112.1_flipLR,3a6faf8e-3b27-4498-aca9-45f9e4158a56,3a6faf8e-3b27-4498-aca9-45f9e4158a56___GHLB2 Leaf 112.1_flipLR,artifacts/data/mc_unet/images/3a6faf8e-3b27-4498-aca9-45f9e4158a56___GHLB2 Leaf 112.1_flipLR.jpg,artifacts/data/mc_unet/masks/3a6faf8e-3b27-4498-aca9-45f9e4158a56___GHLB2 Leaf 112.1_flipLR.png,artifacts/data/mc_unet/leaf_masks_heuristic/3a6faf8e-3b27-4498-aca9-45f9e4158a56___GHLB2 Leaf 112.1_flipLR.png,source_jpg,late_blight,Tomato_Late_blight,256,256,19742,65536,0.301239013671875,0.301239013671875,0,19742,0,3,ok,train
3a7b4305-431f-431b-809f-79ae28306b41___GHLB2 Leaf 8965,3a7b4305-431f-431b-809f-79ae28306b41,3a7b4305-431f-431b-809f-79ae28306b41___GHLB2 Leaf 8965,artifacts/data/mc_unet/images/3a7b4305-431f-431b-809f-79ae28306b41___GHLB2 Leaf 8965.jpg,artifacts/data/mc_unet/masks/3a7b4305-431f-431b-809f-79ae28306b41___GHLB2 Leaf 8965.png,artifacts/data/mc_unet/leaf_masks_heuristic/3a7b4305-431f-431b-809f-79ae28306b41___GHLB2 Leaf 8965.png,source_jpg,late_blight,Tomato_Late_blight,256,256,2686,65536,0.040985107421875,0.040985107421875,0,2686,0,6,ok,train
3a7c19c6-a86d-4127-b00e-600cb0244ac4___RS_Erly.B 6415,3a7c19c6-a86d-4127-b00e-600cb0244ac4,3a7c19c6-a86d-4127-b00e-600cb0244ac4___RS_Erly.B 6415,artifacts/data/mc_unet/images/3a7c19c6-a86d-4127-b00e-600cb0244ac4___RS_Erly.B 6415.jpg,artifacts/data/mc_unet/masks/3a7c19c6-a86d-4127-b00e-600cb0244ac4___RS_Erly.B 6415.png,artifacts/data/mc_unet/leaf_masks_heuristic/3a7c19c6-a86d-4127-b00e-600cb0244ac4___RS_Erly.B 6415.png,source_jpg,early_blight,Tomato_Early_blight,256,256,18661,65536,0.2847442626953125,0.2847442626953125,18661,0,0,1,ok,train
3a8cc574-c2a6-4663-b1a0-7fa54b2b987d___GCREC_Bact.Sp 6358,3a8cc574-c2a6-4663-b1a0-7fa54b2b987d,3a8cc574-c2a6-4663-b1a0-7fa54b2b987d___GCREC_Bact.Sp 6358,artifacts/data/mc_unet/images/3a8cc574-c2a6-4663-b1a0-7fa54b2b987d___GCREC_Bact.Sp 6358.jpg,artifacts/data/mc_unet/masks/3a8cc574-c2a6-4663-b1a0-7fa54b2b987d___GCREC_Bact.Sp 6358.png,artifacts/data/mc_unet/leaf_masks_heuristic/3a8cc574-c2a6-4663-b1a0-7fa54b2b987d___GCREC_Bact.Sp 6358.png,source_jpg,bacterial_spot,Tomato_Bacterial_spot,256,256,2500,65536,0.03814697265625,0.03814697265625,0,0,2500,2,ok,train
3a8ed6b0-1566-4ab1-b0e2-6a670dfca65a___RS_Erly.B 7653,3a8ed6b0-1566-4ab1-b0e2-6a670dfca65a,3a8ed6b0-1566-4ab1-b0e2-6a670dfca65a___RS_Erly.B 7653,artifacts/data/mc_unet/images/3a8ed6b0-1566-4ab1-b0e2-6a670dfca65a___RS_Erly.B 7653.jpg,artifacts/data/mc_unet/masks/3a8ed6b0-1566-4ab1-b0e2-6a670dfca65a___RS_Erly.B 7653.png,artifacts/data/mc_unet/leaf_masks_heuristic/3a8ed6b0-1566-4ab1-b0e2-6a670dfca65a___RS_Erly.B 7653.png,source_jpg,early_blight,Tomato_Early_blight,256,256,31215,65536,0.4763031005859375,0.4763031005859375,31215,0,0,1,ok,train
3aa670b8-1a95-41cb-8b98-bf498970f33e___UF.GRC_BS_Lab Leaf 8771,3aa670b8-1a95-41cb-8b98-bf498970f33e,3aa670b8-1a95-41cb-8b98-bf498970f33e___UF.GRC_BS_Lab Leaf 8771,artifacts/data/mc_unet/images/3aa670b8-1a95-41cb-8b98-bf498970f33e___UF.GRC_BS_Lab Leaf 8771.jpg,artifacts/data/mc_unet/masks/3aa670b8-1a95-41cb-8b98-bf498970f33e___UF.GRC_BS_Lab Leaf 8771.png,artifacts/data/mc_unet/leaf_masks_heuristic/3aa670b8-1a95-41cb-8b98-bf498970f33e___UF.GRC_BS_Lab Leaf 8771.png,source_jpg,bacterial_spot,Tomato_Bacterial_spot,256,256,6593,65536,0.1006011962890625,0.1006011962890625,0,0,6593,4,ok,train
3aa68bda-a2db-4986-a260-3acde7bbceda___GCREC_Bact.Sp 5603,3aa68bda-a2db-4986-a260-3acde7bbceda,3aa68bda-a2db-4986-a260-3acde7bbceda___GCREC_Bact.Sp 5603,artifacts/data/mc_unet/images/3aa68bda-a2db-4986-a260-3acde7bbceda___GCREC_Bact.Sp 5603.jpg,artifacts/data/mc_unet/masks/3aa68bda-a2db-4986-a260-3acde7bbceda___GCREC_Bact.Sp 5603.png,artifacts/data/mc_unet/leaf_masks_heuristic/3aa68bda-a2db-4986-a260-3acde7bbceda___GCREC_Bact.Sp 5603.png,source_jpg,bacterial_spot,Tomato_Bacterial_spot,256,256,202,65536,0.003082275390625,0.003082275390625,0,0,202,1,ok,train
3ac52b85-d4a3-4958-9e68-399b919cf7b0___GHLB2 Leaf 8638,3ac52b85-d4a3-4958-9e68-399b919cf7b0,3ac52b85-d4a3-4958-9e68-399b919cf7b0___GHLB2 Leaf 8638,artifacts/data/mc_unet/images/3ac52b85-d4a3-4958-9e68-399b919cf7b0___GHLB2 Leaf 8638.jpg,artifacts/data/mc_unet/masks/3ac52b85-d4a3-4958-9e68-399b919cf7b0___GHLB2 Leaf 8638.png,artifacts/data/mc_unet/leaf_masks_heuristic/3ac52b85-d4a3-4958-9e68-399b919cf7b0___GHLB2 Leaf 8638.png,source_jpg,late_blight,Tomato_Late_blight,256,256,4013,65536,0.0612335205078125,0.0612335205078125,0,4013,0,4,ok,train
3ac52b85-d4a3-4958-9e68-399b919cf7b0___GHLB2 Leaf 8638_flipLR,3ac52b85-d4a3-4958-9e68-399b919cf7b0,3ac52b85-d4a3-4958-9e68-399b919cf7b0___GHLB2 Leaf 8638_flipLR,artifacts/data/mc_unet/images/3ac52b85-d4a3-4958-9e68-399b919cf7b0___GHLB2 Leaf 8638_flipLR.jpg,artifacts/data/mc_unet/masks/3ac52b85-d4a3-4958-9e68-399b919cf7b0___GHLB2 Leaf 8638_flipLR.png,artifacts/data/mc_unet/leaf_masks_heuristic/3ac52b85-d4a3-4958-9e68-399b919cf7b0___GHLB2 Leaf 8638_flipLR.png,source_jpg,late_blight,Tomato_Late_blight,256,256,3822,65536,0.058319091796875,0.058319091796875,0,3822,0,3,ok,train
3ae2b5f3-a42f-49b1-8d27-dcfaaeda602f___GHLB2 Leaf 8840,3ae2b5f3-a42f-49b1-8d27-dcfaaeda602f,3ae2b5f3-a42f-49b1-8d27-dcfaaeda602f___GHLB2 Leaf 8840,artifacts/data/mc_unet/images/3ae2b5f3-a42f-49b1-8d27-dcfaaeda602f___GHLB2 Leaf 8840.jpg,artifacts/data/mc_unet/masks/3ae2b5f3-a42f-49b1-8d27-dcfaaeda602f___GHLB2 Leaf 8840.png,artifacts/data/mc_unet/leaf_masks_heuristic/3ae2b5f3-a42f-49b1-8d27-dcfaaeda602f___GHLB2 Leaf 8840.png,source_jpg,late_blight,Tomato_Late_blight,256,256,5875,65536,0.0896453857421875,0.0896453857421875,0,5875,0,3,ok,test
3ae2b5f3-a42f-49b1-8d27-dcfaaeda602f___GHLB2 Leaf 8840_flipLR,3ae2b5f3-a42f-49b1-8d27-dcfaaeda602f,3ae2b5f3-a42f-49b1-8d27-dcfaaeda602f___GHLB2 Leaf 8840_flipLR,artifacts/data/mc_unet/images/3ae2b5f3-a42f-49b1-8d27-dcfaaeda602f___GHLB2 Leaf 8840_flipLR.jpg,artifacts/data/mc_unet/masks/3ae2b5f3-a42f-49b1-8d27-dcfaaeda602f___GHLB2 Leaf 8840_flipLR.png,artifacts/data/mc_unet/leaf_masks_heuristic/3ae2b5f3-a42f-49b1-8d27-dcfaaeda602f___GHLB2 Leaf 8840_flipLR.png,source_jpg,late_blight,Tomato_Late_blight,256,256,6556,65536,0.10003662109375,0.10003662109375,0,6556,0,3,ok,test
3afd2f69-8335-4cb1-842c-1f95bb98f07e___RS_Late.B 6502,3afd2f69-8335-4cb1-842c-1f95bb98f07e,3afd2f69-8335-4cb1-842c-1f95bb98f07e___RS_Late.B 6502,artifacts/data/mc_unet/images/3afd2f69-8335-4cb1-842c-1f95bb98f07e___RS_Late.B 6502.jpg,artifacts/data/mc_unet/masks/3afd2f69-8335-4cb1-842c-1f95bb98f07e___RS_Late.B 6502.png,artifacts/data/mc_unet/leaf_masks_heuristic/3afd2f69-8335-4cb1-842c-1f95bb98f07e___RS_Late.B 6502.png,source_jpg,late_blight,Tomato_Late_blight,256,256,6564,65536,0.10015869140625,0.10015869140625,0,6564,0,1,ok,train
3afd2f69-8335-4cb1-842c-1f95bb98f07e___RS_Late.B 6502_flipLR,3afd2f69-8335-4cb1-842c-1f95bb98f07e,3afd2f69-8335-4cb1-842c-1f95bb98f07e___RS_Late.B 6502_flipLR,artifacts/data/mc_unet/images/3afd2f69-8335-4cb1-842c-1f95bb98f07e___RS_Late.B 6502_flipLR.jpg,artifacts/data/mc_unet/masks/3afd2f69-8335-4cb1-842c-1f95bb98f07e___RS_Late.B 6502_flipLR.png,artifacts/data/mc_unet/leaf_masks_heuristic/3afd2f69-8335-4cb1-842c-1f95bb98f07e___RS_Late.B 6502_flipLR.png,source_jpg,late_blight,Tomato_Late_blight,256,256,6388,65536,0.09747314453125,0.09747314453125,0,6388,0,1,ok,train
3b0f2e65-0005-4b3a-b63c-4ec99b3b92e5___RS_Erly.B 8227,3b0f2e65-0005-4b3a-b63c-4ec99b3b92e5,3b0f2e65-0005-4b3a-b63c-4ec99b3b92e5___RS_Erly.B 8227,artifacts/data/mc_unet/images/3b0f2e65-0005-4b3a-b63c-4ec99b3b92e5___RS_Erly.B 8227.jpg,artifacts/data/mc_unet/masks/3b0f2e65-0005-4b3a-b63c-4ec99b3b92e5___RS_Erly.B 8227.png,artifacts/data/mc_unet/leaf_masks_heuristic/3b0f2e65-0005-4b3a-b63c-4ec99b3b92e5___RS_Erly.B 8227.png,source_jpg,early_blight,Tomato_Early_blight,256,256,24274,65536,0.370391845703125,0.370391845703125,24274,0,0,1,ok,train
3b1caf5d-9b90-4adc-bde6-8a16af479f0a___RS_Erly.B 8270,3b1caf5d-9b90-4adc-bde6-8a16af479f0a,3b1caf5d-9b90-4adc-bde6-8a16af479f0a___RS_Erly.B 8270,artifacts/data/mc_unet/images/3b1caf5d-9b90-4adc-bde6-8a16af479f0a___RS_Erly.B 8270.jpg,artifacts/data/mc_unet/masks/3b1caf5d-9b90-4adc-bde6-8a16af479f0a___RS_Erly.B 8270.png,artifacts/data/mc_unet/leaf_masks_heuristic/3b1caf5d-9b90-4adc-bde6-8a16af479f0a___RS_Erly.B 8270.png,source_jpg,early_blight,Tomato_Early_blight,256,256,22856,65536,0.3487548828125,0.3487548828125,22856,0,0,4,ok,test
3b3193c5-e717-4b40-b450-7ee5c6e22d1a___RS_Erly.B 9382,3b3193c5-e717-4b40-b450-7ee5c6e22d1a,3b3193c5-e717-4b40-b450-7ee5c6e22d1a___RS_Erly.B 9382,artifacts/data/mc_unet/images/3b3193c5-e717-4b40-b450-7ee5c6e22d1a___RS_Erly.B 9382.jpg,artifacts/data/mc_unet/masks/3b3193c5-e717-4b40-b450-7ee5c6e22d1a___RS_Erly.B 9382.png,artifacts/data/mc_unet/leaf_masks_heuristic/3b3193c5-e717-4b40-b450-7ee5c6e22d1a___RS_Erly.B 9382.png,source_jpg,early_blight,Tomato_Early_blight,256,256,7600,65536,0.115966796875,0.115966796875,7600,0,0,3,ok,train
3b4b04a8-171b-4ebe-9dec-d1e476605354___GCREC_Bact.Sp 5855,3b4b04a8-171b-4ebe-9dec-d1e476605354,3b4b04a8-171b-4ebe-9dec-d1e476605354___GCREC_Bact.Sp 5855,artifacts/data/mc_unet/images/3b4b04a8-171b-4ebe-9dec-d1e476605354___GCREC_Bact.Sp 5855.jpg,artifacts/data/mc_unet/masks/3b4b04a8-171b-4ebe-9dec-d1e476605354___GCREC_Bact.Sp 5855.png,artifacts/data/mc_unet/leaf_masks_heuristic/3b4b04a8-171b-4ebe-9dec-d1e476605354___GCREC_Bact.Sp 5855.png,source_jpg,bacterial_spot,Tomato_Bacterial_spot,256,256,2024,65536,0.0308837890625,0.0308837890625,0,0,2024,2,ok,train
3b86d42f-4b22-4bfe-bfa9-ec4567c886dc___RS_Erly.B 7823,3b86d42f-4b22-4bfe-bfa9-ec4567c886dc,3b86d42f-4b22-4bfe-bfa9-ec4567c886dc___RS_Erly.B 7823,artifacts/data/mc_unet/images/3b86d42f-4b22-4bfe-bfa9-ec4567c886dc___RS_Erly.B 7823.jpg,artifacts/data/mc_unet/masks/3b86d42f-4b22-4bfe-bfa9-ec4567c886dc___RS_Erly.B 7823.png,artifacts/data/mc_unet/leaf_masks_heuristic/3b86d42f-4b22-4bfe-bfa9-ec4567c886dc___RS_Erly.B 7823.png,source_jpg,early_blight,Tomato_Early_blight,256,256,910,65536,0.013885498046875,0.013885498046875,910,0,0,1,ok,train
3bed8328-2a32-49f3-b887-a083b1757259___GCREC_Bact.Sp 6171,3bed8328-2a32-49f3-b887-a083b1757259,3bed8328-2a32-49f3-b887-a083b1757259___GCREC_Bact.Sp 6171,artifacts/data/mc_unet/images/3bed8328-2a32-49f3-b887-a083b1757259___GCREC_Bact.Sp 6171.jpg,artifacts/data/mc_unet/masks/3bed8328-2a32-49f3-b887-a083b1757259___GCREC_Bact.Sp 6171.png,artifacts/data/mc_unet/leaf_masks_heuristic/3bed8328-2a32-49f3-b887-a083b1757259___GCREC_Bact.Sp 6171.png,source_jpg,bacterial_spot,Tomato_Bacterial_spot,256,256,291,65536,0.0044403076171875,0.0044403076171875,0,0,291,2,ok,train
3c09557f-b69a-423e-a84f-8fd9ee6467d2___RS_Erly.B 9490,3c09557f-b69a-423e-a84f-8fd9ee6467d2,3c09557f-b69a-423e-a84f-8fd9ee6467d2___RS_Erly.B 9490,artifacts/data/mc_unet/images/3c09557f-b69a-423e-a84f-8fd9ee6467d2___RS_Erly.B 9490.jpg,artifacts/data/mc_unet/masks/3c09557f-b69a-423e-a84f-8fd9ee6467d2___RS_Erly.B 9490.png,artifacts/data/mc_unet/leaf_masks_heuristic/3c09557f-b69a-423e-a84f-8fd9ee6467d2___RS_Erly.B 9490.png,source_jpg,early_blight,Tomato_Early_blight,256,256,11970,65536,0.182647705078125,0.182647705078125,11970,0,0,2,ok,train
3c182852-8b72-465a-ad91-a031d9d725f5___UF.GRC_BS_Lab Leaf 0411,3c182852-8b72-465a-ad91-a031d9d725f5,3c182852-8b72-465a-ad91-a031d9d725f5___UF.GRC_BS_Lab Leaf 0411,artifacts/data/mc_unet/images/3c182852-8b72-465a-ad91-a031d9d725f5___UF.GRC_BS_Lab Leaf 0411.jpg,artifacts/data/mc_unet/masks/3c182852-8b72-465a-ad91-a031d9d725f5___UF.GRC_BS_Lab Leaf 0411.png,artifacts/data/mc_unet/leaf_masks_heuristic/3c182852-8b72-465a-ad91-a031d9d725f5___UF.GRC_BS_Lab Leaf 0411.png,source_jpg,bacterial_spot,Tomato_Bacterial_spot,256,256,5385,65536,0.0821685791015625,0.0821685791015625,0,0,5385,10,ok,train
3c42263c-39eb-4e33-bf35-6694cb1eb973___GCREC_Bact.Sp 6106,3c42263c-39eb-4e33-bf35-6694cb1eb973,3c42263c-39eb-4e33-bf35-6694cb1eb973___GCREC_Bact.Sp 6106,artifacts/data/mc_unet/images/3c42263c-39eb-4e33-bf35-6694cb1eb973___GCREC_Bact.Sp 6106.jpg,artifacts/data/mc_unet/masks/3c42263c-39eb-4e33-bf35-6694cb1eb973___GCREC_Bact.Sp 6106.png,artifacts/data/mc_unet/leaf_masks_heuristic/3c42263c-39eb-4e33-bf35-6694cb1eb973___GCREC_Bact.Sp 6106.png,source_jpg,bacterial_spot,Tomato_Bacterial_spot,256,256,834,65536,0.012725830078125,0.012725830078125,0,0,834,2,ok,train
3c5b8470-8596-44bf-baa3-164a03e1c818___RS_Erly.B 9611,3c5b8470-8596-44bf-baa3-164a03e1c818,3c5b8470-8596-44bf-baa3-164a03e1c818___RS_Erly.B 9611,artifacts/data/mc_unet/images/3c5b8470-8596-44bf-baa3-164a03e1c818___RS_Erly.B 9611.jpg,artifacts/data/mc_unet/masks/3c5b8470-8596-44bf-baa3-164a03e1c818___RS_Erly.B 9611.png,artifacts/data/mc_unet/leaf_masks_heuristic/3c5b8470-8596-44bf-baa3-164a03e1c818___RS_Erly.B 9611.png,source_jpg,early_blight,Tomato_Early_blight,256,256,1037,65536,0.0158233642578125,0.0158233642578125,1037,0,0,4,ok,train
3c5e2faa-3bca-4d88-8841-fa06cf7388f1___RS_Erly.B 9599,3c5e2faa-3bca-4d88-8841-fa06cf7388f1,3c5e2faa-3bca-4d88-8841-fa06cf7388f1___RS_Erly.B 9599,artifacts/data/mc_unet/images/3c5e2faa-3bca-4d88-8841-fa06cf7388f1___RS_Erly.B 9599.jpg,artifacts/data/mc_unet/masks/3c5e2faa-3bca-4d88-8841-fa06cf7388f1___RS_Erly.B 9599.png,artifacts/data/mc_unet/leaf_masks_heuristic/3c5e2faa-3bca-4d88-8841-fa06cf7388f1___RS_Erly.B 9599.png,source_jpg,early_blight,Tomato_Early_blight,256,256,34554,65536,0.527252197265625,0.527252197265625,34554,0,0,1,ok,train
3c742482-6056-42ff-a846-7df3a5d97fc9___GCREC_Bact.Sp 3156,3c742482-6056-42ff-a846-7df3a5d97fc9,3c742482-6056-42ff-a846-7df3a5d97fc9___GCREC_Bact.Sp 3156,artifacts/data/mc_unet/images/3c742482-6056-42ff-a846-7df3a5d97fc9___GCREC_Bact.Sp 3156.jpg,artifacts/data/mc_unet/masks/3c742482-6056-42ff-a846-7df3a5d97fc9___GCREC_Bact.Sp 3156.png,artifacts/data/mc_unet/leaf_masks_heuristic/3c742482-6056-42ff-a846-7df3a5d97fc9___GCREC_Bact.Sp 3156.png,source_jpg,bacterial_spot,Tomato_Bacterial_spot,256,256,1964,65536,0.02996826171875,0.02996826171875,0,0,1964,3,ok,train
3c7a5a88-18d4-4b74-ba9f-df25a5927c92___UF.GRC_BS_Lab Leaf 0371,3c7a5a88-18d4-4b74-ba9f-df25a5927c92,3c7a5a88-18d4-4b74-ba9f-df25a5927c92___UF.GRC_BS_Lab Leaf 0371,artifacts/data/mc_unet/images/3c7a5a88-18d4-4b74-ba9f-df25a5927c92___UF.GRC_BS_Lab Leaf 0371.jpg,artifacts/data/mc_unet/masks/3c7a5a88-18d4-4b74-ba9f-df25a5927c92___UF.GRC_BS_Lab Leaf 0371.png,artifacts/data/mc_unet/leaf_masks_heuristic/3c7a5a88-18d4-4b74-ba9f-df25a5927c92___UF.GRC_BS_Lab Leaf 0371.png,source_jpg,bacterial_spot,Tomato_Bacterial_spot,256,256,3502,65536,0.053436279296875,0.053436279296875,0,0,3502,7,ok,val
3cd5b241-d5f1-4ae7-92ea-447613dac98a___GCREC_Bact.Sp 3561,3cd5b241-d5f1-4ae7-92ea-447613dac98a,3cd5b241-d5f1-4ae7-92ea-447613dac98a___GCREC_Bact.Sp 3561,artifacts/data/mc_unet/images/3cd5b241-d5f1-4ae7-92ea-447613dac98a___GCREC_Bact.Sp 3561.jpg,artifacts/data/mc_unet/masks/3cd5b241-d5f1-4ae7-92ea-447613dac98a___GCREC_Bact.Sp 3561.png,artifacts/data/mc_unet/leaf_masks_heuristic/3cd5b241-d5f1-4ae7-92ea-447613dac98a___GCREC_Bact.Sp 3561.png,source_jpg,bacterial_spot,Tomato_Bacterial_spot,256,256,697,65536,0.0106353759765625,0.0106353759765625,0,0,697,3,ok,train
3ce6b91a-b40d-4703-95ba-175ea70ddc27___GCREC_Bact.Sp 5667,3ce6b91a-b40d-4703-95ba-175ea70ddc27,3ce6b91a-b40d-4703-95ba-175ea70ddc27___GCREC_Bact.Sp 5667,artifacts/data/mc_unet/images/3ce6b91a-b40d-4703-95ba-175ea70ddc27___GCREC_Bact.Sp 5667.jpg,artifacts/data/mc_unet/masks/3ce6b91a-b40d-4703-95ba-175ea70ddc27___GCREC_Bact.Sp 5667.png,artifacts/data/mc_unet/leaf_masks_heuristic/3ce6b91a-b40d-4703-95ba-175ea70ddc27___GCREC_Bact.Sp 5667.png,source_jpg,bacterial_spot,Tomato_Bacterial_spot,256,256,232,65536,0.0035400390625,0.0035400390625,0,0,232,1,ok,train
3cf036ee-c2ea-4823-aa07-e74f8fb1e98d___UF.GRC_BS_Lab Leaf 0592,3cf036ee-c2ea-4823-aa07-e74f8fb1e98d,3cf036ee-c2ea-4823-aa07-e74f8fb1e98d___UF.GRC_BS_Lab Leaf 0592,artifacts/data/mc_unet/images/3cf036ee-c2ea-4823-aa07-e74f8fb1e98d___UF.GRC_BS_Lab Leaf 0592.jpg,artifacts/data/mc_unet/masks/3cf036ee-c2ea-4823-aa07-e74f8fb1e98d___UF.GRC_BS_Lab Leaf 0592.png,artifacts/data/mc_unet/leaf_masks_heuristic/3cf036ee-c2ea-4823-aa07-e74f8fb1e98d___UF.GRC_BS_Lab Leaf 0592.png,source_jpg,bacterial_spot,Tomato_Bacterial_spot,256,256,7351,65536,0.1121673583984375,0.1121673583984375,0,0,7351,9,ok,train
3d41d2d9-7014-4409-a953-21227ef9d8e1___GCREC_Bact.Sp 3699,3d41d2d9-7014-4409-a953-21227ef9d8e1,3d41d2d9-7014-4409-a953-21227ef9d8e1___GCREC_Bact.Sp 3699,artifacts/data/mc_unet/images/3d41d2d9-7014-4409-a953-21227ef9d8e1___GCREC_Bact.Sp 3699.jpg,artifacts/data/mc_unet/masks/3d41d2d9-7014-4409-a953-21227ef9d8e1___GCREC_Bact.Sp 3699.png,artifacts/data/mc_unet/leaf_masks_heuristic/3d41d2d9-7014-4409-a953-21227ef9d8e1___GCREC_Bact.Sp 3699.png,source_jpg,bacterial_spot,Tomato_Bacterial_spot,256,256,1604,65536,0.02447509765625,0.02447509765625,0,0,1604,3,ok,train
3d7f5e7a-3149-4bce-8fc3-f0df073d5a73___RS_Erly.B 7518,3d7f5e7a-3149-4bce-8fc3-f0df073d5a73,3d7f5e7a-3149-4bce-8fc3-f0df073d5a73___RS_Erly.B 7518,artifacts/data/mc_unet/images/3d7f5e7a-3149-4bce-8fc3-f0df073d5a73___RS_Erly.B 7518.jpg,artifacts/data/mc_unet/masks/3d7f5e7a-3149-4bce-8fc3-f0df073d5a73___RS_Erly.B 7518.png,artifacts/data/mc_unet/leaf_masks_heuristic/3d7f5e7a-3149-4bce-8fc3-f0df073d5a73___RS_Erly.B 7518.png,source_jpg,early_blight,Tomato_Early_blight,256,256,11795,65536,0.1799774169921875,0.1799774169921875,11795,0,0,5,ok,train
3d8e1f90-be34-4da7-b124-a98eddb346d1___RS_Erly.B 7414,3d8e1f90-be34-4da7-b124-a98eddb346d1,3d8e1f90-be34-4da7-b124-a98eddb346d1___RS_Erly.B 7414,artifacts/data/mc_unet/images/3d8e1f90-be34-4da7-b124-a98eddb346d1___RS_Erly.B 7414.jpg,artifacts/data/mc_unet/masks/3d8e1f90-be34-4da7-b124-a98eddb346d1___RS_Erly.B 7414.png,artifacts/data/mc_unet/leaf_masks_heuristic/3d8e1f90-be34-4da7-b124-a98eddb346d1___RS_Erly.B 7414.png,source_jpg,early_blight,Tomato_Early_blight,256,256,11979,65536,0.1827850341796875,0.1827850341796875,11979,0,0,2,ok,train
3d997709-70ca-4845-a4df-02995c20f5f0___GCREC_Bact.Sp 2987,3d997709-70ca-4845-a4df-02995c20f5f0,3d997709-70ca-4845-a4df-02995c20f5f0___GCREC_Bact.Sp 2987,artifacts/data/mc_unet/images/3d997709-70ca-4845-a4df-02995c20f5f0___GCREC_Bact.Sp 2987.jpg,artifacts/data/mc_unet/masks/3d997709-70ca-4845-a4df-02995c20f5f0___GCREC_Bact.Sp 2987.png,artifacts/data/mc_unet/leaf_masks_heuristic/3d997709-70ca-4845-a4df-02995c20f5f0___GCREC_Bact.Sp 2987.png,source_jpg,bacterial_spot,Tomato_Bacterial_spot,256,256,1543,65536,0.0235443115234375,0.0235443115234375,0,0,1543,3,ok,test
3d9a4538-4797-45fe-8cff-104237e19368___RS_Erly.B 7729,3d9a4538-4797-45fe-8cff-104237e19368,3d9a4538-4797-45fe-8cff-104237e19368___RS_Erly.B 7729,artifacts/data/mc_unet/images/3d9a4538-4797-45fe-8cff-104237e19368___RS_Erly.B 7729.jpg,artifacts/data/mc_unet/masks/3d9a4538-4797-45fe-8cff-104237e19368___RS_Erly.B 7729.png,artifacts/data/mc_unet/leaf_masks_heuristic/3d9a4538-4797-45fe-8cff-104237e19368___RS_Erly.B 7729.png,source_jpg,early_blight,Tomato_Early_blight,256,256,7100,65536,0.10833740234375,0.10833740234375,7100,0,0,3,ok,val
3da1608f-81b2-4531-9079-2c2fbe1ab7e0___GCREC_Bact.Sp 3633,3da1608f-81b2-4531-9079-2c2fbe1ab7e0,3da1608f-81b2-4531-9079-2c2fbe1ab7e0___GCREC_Bact.Sp 3633,artifacts/data/mc_unet/images/3da1608f-81b2-4531-9079-2c2fbe1ab7e0___GCREC_Bact.Sp 3633.jpg,artifacts/data/mc_unet/masks/3da1608f-81b2-4531-9079-2c2fbe1ab7e0___GCREC_Bact.Sp 3633.png,artifacts/data/mc_unet/leaf_masks_heuristic/3da1608f-81b2-4531-9079-2c2fbe1ab7e0___GCREC_Bact.Sp 3633.png,source_jpg,bacterial_spot,Tomato_Bacterial_spot,256,256,1685,65536,0.0257110595703125,0.0257110595703125,0,0,1685,5,ok,train
3dab5935-91ca-489d-b4f4-127300fc527e___RS_Erly.B 6342,3dab5935-91ca-489d-b4f4-127300fc527e,3dab5935-91ca-489d-b4f4-127300fc527e___RS_Erly.B 6342,artifacts/data/mc_unet/images/3dab5935-91ca-489d-b4f4-127300fc527e___RS_Erly.B 6342.jpg,artifacts/data/mc_unet/masks/3dab5935-91ca-489d-b4f4-127300fc527e___RS_Erly.B 6342.png,artifacts/data/mc_unet/leaf_masks_heuristic/3dab5935-91ca-489d-b4f4-127300fc527e___RS_Erly.B 6342.png,source_jpg,early_blight,Tomato_Early_blight,256,256,23107,65536,0.3525848388671875,0.3525848388671875,23107,0,0,3,ok,test
3dd61e20-fb5a-486e-b579-763312c9cf27___GCREC_Bact.Sp 3116,3dd61e20-fb5a-486e-b579-763312c9cf27,3dd61e20-fb5a-486e-b579-763312c9cf27___GCREC_Bact.Sp 3116,artifacts/data/mc_unet/images/3dd61e20-fb5a-486e-b579-763312c9cf27___GCREC_Bact.Sp 3116.jpg,artifacts/data/mc_unet/masks/3dd61e20-fb5a-486e-b579-763312c9cf27___GCREC_Bact.Sp 3116.png,artifacts/data/mc_unet/leaf_masks_heuristic/3dd61e20-fb5a-486e-b579-763312c9cf27___GCREC_Bact.Sp 3116.png,source_jpg,bacterial_spot,Tomato_Bacterial_spot,256,256,66,65536,0.001007080078125,0.001007080078125,0,0,66,1,ok,train
3dde2c0b-a6d1-49f7-bcdc-3a615ea9d0c0___GCREC_Bact.Sp 5731,3dde2c0b-a6d1-49f7-bcdc-3a615ea9d0c0,3dde2c0b-a6d1-49f7-bcdc-3a615ea9d0c0___GCREC_Bact.Sp 5731,artifacts/data/mc_unet/images/3dde2c0b-a6d1-49f7-bcdc-3a615ea9d0c0___GCREC_Bact.Sp 5731.jpg,artifacts/data/mc_unet/masks/3dde2c0b-a6d1-49f7-bcdc-3a615ea9d0c0___GCREC_Bact.Sp 5731.png,artifacts/data/mc_unet/leaf_masks_heuristic/3dde2c0b-a6d1-49f7-bcdc-3a615ea9d0c0___GCREC_Bact.Sp 5731.png,source_jpg,bacterial_spot,Tomato_Bacterial_spot,256,256,315,65536,0.0048065185546875,0.0048065185546875,0,0,315,1,ok,train
3dea7f7c-4bdc-4be6-8643-008b4d37ffc8___GCREC_Bact.Sp 3530,3dea7f7c-4bdc-4be6-8643-008b4d37ffc8,3dea7f7c-4bdc-4be6-8643-008b4d37ffc8___GCREC_Bact.Sp 3530,artifacts/data/mc_unet/images/3dea7f7c-4bdc-4be6-8643-008b4d37ffc8___GCREC_Bact.Sp 3530.jpg,artifacts/data/mc_unet/masks/3dea7f7c-4bdc-4be6-8643-008b4d37ffc8___GCREC_Bact.Sp 3530.png,artifacts/data/mc_unet/leaf_masks_heuristic/3dea7f7c-4bdc-4be6-8643-008b4d37ffc8___GCREC_Bact.Sp 3530.png,source_jpg,bacterial_spot,Tomato_Bacterial_spot,256,256,12021,65536,0.1834259033203125,0.1834259033203125,0,0,12021,2,ok,train
3e4ca861-5f1d-43c1-9b31-225455da4533___GCREC_Bact.Sp 3098,3e4ca861-5f1d-43c1-9b31-225455da4533,3e4ca861-5f1d-43c1-9b31-225455da4533___GCREC_Bact.Sp 3098,artifacts/data/mc_unet/images/3e4ca861-5f1d-43c1-9b31-225455da4533___GCREC_Bact.Sp 3098.jpg,artifacts/data/mc_unet/masks/3e4ca861-5f1d-43c1-9b31-225455da4533___GCREC_Bact.Sp 3098.png,artifacts/data/mc_unet/leaf_masks_heuristic/3e4ca861-5f1d-43c1-9b31-225455da4533___GCREC_Bact.Sp 3098.png,source_jpg,bacterial_spot,Tomato_Bacterial_spot,256,256,3601,65536,0.0549468994140625,0.0549468994140625,0,0,3601,5,ok,train
3e9af11d-b43d-4bfd-9cdf-1b0d847d3bf6___RS_Erly.B 7739,3e9af11d-b43d-4bfd-9cdf-1b0d847d3bf6,3e9af11d-b43d-4bfd-9cdf-1b0d847d3bf6___RS_Erly.B 7739,artifacts/data/mc_unet/images/3e9af11d-b43d-4bfd-9cdf-1b0d847d3bf6___RS_Erly.B 7739.jpg,artifacts/data/mc_unet/masks/3e9af11d-b43d-4bfd-9cdf-1b0d847d3bf6___RS_Erly.B 7739.png,artifacts/data/mc_unet/leaf_masks_heuristic/3e9af11d-b43d-4bfd-9cdf-1b0d847d3bf6___RS_Erly.B 7739.png,source_jpg,early_blight,Tomato_Early_blight,256,256,3146,65536,0.048004150390625,0.048004150390625,3146,0,0,1,ok,train
3eb58ecd-dff2-47e6-a7a9-81fc4b75ada0___GCREC_Bact.Sp 5563,3eb58ecd-dff2-47e6-a7a9-81fc4b75ada0,3eb58ecd-dff2-47e6-a7a9-81fc4b75ada0___GCREC_Bact.Sp 5563,artifacts/data/mc_unet/images/3eb58ecd-dff2-47e6-a7a9-81fc4b75ada0___GCREC_Bact.Sp 5563.jpg,artifacts/data/mc_unet/masks/3eb58ecd-dff2-47e6-a7a9-81fc4b75ada0___GCREC_Bact.Sp 5563.png,artifacts/data/mc_unet/leaf_masks_heuristic/3eb58ecd-dff2-47e6-a7a9-81fc4b75ada0___GCREC_Bact.Sp 5563.png,source_jpg,bacterial_spot,Tomato_Bacterial_spot,256,256,4539,65536,0.0692596435546875,0.0692596435546875,0,0,4539,5,ok,train
3ecc0dc0-87b2-4f7f-894a-8b9d17d7f25d___RS_Erly.B 7413,3ecc0dc0-87b2-4f7f-894a-8b9d17d7f25d,3ecc0dc0-87b2-4f7f-894a-8b9d17d7f25d___RS_Erly.B 7413,artifacts/data/mc_unet/images/3ecc0dc0-87b2-4f7f-894a-8b9d17d7f25d___RS_Erly.B 7413.jpg,artifacts/data/mc_unet/masks/3ecc0dc0-87b2-4f7f-894a-8b9d17d7f25d___RS_Erly.B 7413.png,artifacts/data/mc_unet/leaf_masks_heuristic/3ecc0dc0-87b2-4f7f-894a-8b9d17d7f25d___RS_Erly.B 7413.png,source_jpg,early_blight,Tomato_Early_blight,256,256,2402,65536,0.036651611328125,0.036651611328125,2402,0,0,2,ok,val
3f03db8d-6db0-45c0-ab1f-ca69db013041___GCREC_Bact.Sp 5729,3f03db8d-6db0-45c0-ab1f-ca69db013041,3f03db8d-6db0-45c0-ab1f-ca69db013041___GCREC_Bact.Sp 5729,artifacts/data/mc_unet/images/3f03db8d-6db0-45c0-ab1f-ca69db013041___GCREC_Bact.Sp 5729.jpg,artifacts/data/mc_unet/masks/3f03db8d-6db0-45c0-ab1f-ca69db013041___GCREC_Bact.Sp 5729.png,artifacts/data/mc_unet/leaf_masks_heuristic/3f03db8d-6db0-45c0-ab1f-ca69db013041___GCREC_Bact.Sp 5729.png,source_jpg,bacterial_spot,Tomato_Bacterial_spot,256,256,3830,65536,0.058441162109375,0.058441162109375,0,0,3830,3,ok,train
3f34a2bd-b608-43dc-8608-2827ab8d5c6a___GCREC_Bact.Sp 6372,3f34a2bd-b608-43dc-8608-2827ab8d5c6a,3f34a2bd-b608-43dc-8608-2827ab8d5c6a___GCREC_Bact.Sp 6372,artifacts/data/mc_unet/images/3f34a2bd-b608-43dc-8608-2827ab8d5c6a___GCREC_Bact.Sp 6372.jpg,artifacts/data/mc_unet/masks/3f34a2bd-b608-43dc-8608-2827ab8d5c6a___GCREC_Bact.Sp 6372.png,artifacts/data/mc_unet/leaf_masks_heuristic/3f34a2bd-b608-43dc-8608-2827ab8d5c6a___GCREC_Bact.Sp 6372.png,source_jpg,bacterial_spot,Tomato_Bacterial_spot,256,256,2694,65536,0.041107177734375,0.041107177734375,0,0,2694,6,ok,test
3f34d522-9184-4f1e-bfd9-93d0cb571a7d___GCREC_Bact.Sp 3069,3f34d522-9184-4f1e-bfd9-93d0cb571a7d,3f34d522-9184-4f1e-bfd9-93d0cb571a7d___GCREC_Bact.Sp 3069,artifacts/data/mc_unet/images/3f34d522-9184-4f1e-bfd9-93d0cb571a7d___GCREC_Bact.Sp 3069.jpg,artifacts/data/mc_unet/masks/3f34d522-9184-4f1e-bfd9-93d0cb571a7d___GCREC_Bact.Sp 3069.png,artifacts/data/mc_unet/leaf_masks_heuristic/3f34d522-9184-4f1e-bfd9-93d0cb571a7d___GCREC_Bact.Sp 3069.png,source_jpg,bacterial_spot,Tomato_Bacterial_spot,256,256,6089,65536,0.0929107666015625,0.0929107666015625,0,0,6089,3,ok,test
3f71f836-8ffa-4bf7-98f7-e5cff0887fe1___GCREC_Bact.Sp 3814,3f71f836-8ffa-4bf7-98f7-e5cff0887fe1,3f71f836-8ffa-4bf7-98f7-e5cff0887fe1___GCREC_Bact.Sp 3814,artifacts/data/mc_unet/images/3f71f836-8ffa-4bf7-98f7-e5cff0887fe1___GCREC_Bact.Sp 3814.jpg,artifacts/data/mc_unet/masks/3f71f836-8ffa-4bf7-98f7-e5cff0887fe1___GCREC_Bact.Sp 3814.png,artifacts/data/mc_unet/leaf_masks_heuristic/3f71f836-8ffa-4bf7-98f7-e5cff0887fe1___GCREC_Bact.Sp 3814.png,source_jpg,bacterial_spot,Tomato_Bacterial_spot,256,256,2738,65536,0.041778564453125,0.041778564453125,0,0,2738,6,ok,train
3f75dffc-41bb-4db0-bc3f-a8879e1f4523___GCREC_Bact.Sp 3601,3f75dffc-41bb-4db0-bc3f-a8879e1f4523,3f75dffc-41bb-4db0-bc3f-a8879e1f4523___GCREC_Bact.Sp 3601,artifacts/data/mc_unet/images/3f75dffc-41bb-4db0-bc3f-a8879e1f4523___GCREC_Bact.Sp 3601.jpg,artifacts/data/mc_unet/masks/3f75dffc-41bb-4db0-bc3f-a8879e1f4523___GCREC_Bact.Sp 3601.png,artifacts/data/mc_unet/leaf_masks_heuristic/3f75dffc-41bb-4db0-bc3f-a8879e1f4523___GCREC_Bact.Sp 3601.png,source_jpg,bacterial_spot,Tomato_Bacterial_spot,256,256,2657,65536,0.0405426025390625,0.0405426025390625,0,0,2657,6,ok,train
3fa32b26-e7bb-493e-b7c2-c40e3f3df380___RS_Erly.B 9546,3fa32b26-e7bb-493e-b7c2-c40e3f3df380,3fa32b26-e7bb-493e-b7c2-c40e3f3df380___RS_Erly.B 9546,artifacts/data/mc_unet/images/3fa32b26-e7bb-493e-b7c2-c40e3f3df380___RS_Erly.B 9546.jpg,artifacts/data/mc_unet/masks/3fa32b26-e7bb-493e-b7c2-c40e3f3df380___RS_Erly.B 9546.png,artifacts/data/mc_unet/leaf_masks_heuristic/3fa32b26-e7bb-493e-b7c2-c40e3f3df380___RS_Erly.B 9546.png,source_jpg,early_blight,Tomato_Early_blight,256,256,4637,65536,0.0707550048828125,0.0707550048828125,4637,0,0,5,ok,train
3fb6cd38-45c6-4ea1-bbc0-00d5b76b289d___GCREC_Bact.Sp 6104,3fb6cd38-45c6-4ea1-bbc0-00d5b76b289d,3fb6cd38-45c6-4ea1-bbc0-00d5b76b289d___GCREC_Bact.Sp 6104,artifacts/data/mc_unet/images/3fb6cd38-45c6-4ea1-bbc0-00d5b76b289d___GCREC_Bact.Sp 6104.jpg,artifacts/data/mc_unet/masks/3fb6cd38-45c6-4ea1-bbc0-00d5b76b289d___GCREC_Bact.Sp 6104.png,artifacts/data/mc_unet/leaf_masks_heuristic/3fb6cd38-45c6-4ea1-bbc0-00d5b76b289d___GCREC_Bact.Sp 6104.png,source_jpg,bacterial_spot,Tomato_Bacterial_spot,256,256,530,65536,0.008087158203125,0.008087158203125,0,0,530,2,ok,train
3fb742ed-4a71-47d2-9c40-60768bc01cd4___GCREC_Bact.Sp 5977,3fb742ed-4a71-47d2-9c40-60768bc01cd4,3fb742ed-4a71-47d2-9c40-60768bc01cd4___GCREC_Bact.Sp 5977,artifacts/data/mc_unet/images/3fb742ed-4a71-47d2-9c40-60768bc01cd4___GCREC_Bact.Sp 5977.jpg,artifacts/data/mc_unet/masks/3fb742ed-4a71-47d2-9c40-60768bc01cd4___GCREC_Bact.Sp 5977.png,artifacts/data/mc_unet/leaf_masks_heuristic/3fb742ed-4a71-47d2-9c40-60768bc01cd4___GCREC_Bact.Sp 5977.png,source_jpg,bacterial_spot,Tomato_Bacterial_spot,256,256,189,65536,0.0028839111328125,0.0028839111328125,0,0,189,1,ok,train
4a063384-a4c0-4acc-a787-8236eb40a54e___RS_Erly.B 8281,4a063384-a4c0-4acc-a787-8236eb40a54e,4a063384-a4c0-4acc-a787-8236eb40a54e___RS_Erly.B 8281,artifacts/data/mc_unet/images/4a063384-a4c0-4acc-a787-8236eb40a54e___RS_Erly.B 8281.jpg,artifacts/data/mc_unet/masks/4a063384-a4c0-4acc-a787-8236eb40a54e___RS_Erly.B 8281.png,artifacts/data/mc_unet/leaf_masks_heuristic/4a063384-a4c0-4acc-a787-8236eb40a54e___RS_Erly.B 8281.png,source_jpg,early_blight,Tomato_Early_blight,256,256,5012,65536,0.07647705078125,0.07647705078125,5012,0,0,2,ok,train
4a2b419c-69a8-4eb0-9802-15d7feffe59f___GCREC_Bact.Sp 3821,4a2b419c-69a8-4eb0-9802-15d7feffe59f,4a2b419c-69a8-4eb0-9802-15d7feffe59f___GCREC_Bact.Sp 3821,artifacts/data/mc_unet/images/4a2b419c-69a8-4eb0-9802-15d7feffe59f___GCREC_Bact.Sp 3821.jpg,artifacts/data/mc_unet/masks/4a2b419c-69a8-4eb0-9802-15d7feffe59f___GCREC_Bact.Sp 3821.png,artifacts/data/mc_unet/leaf_masks_heuristic/4a2b419c-69a8-4eb0-9802-15d7feffe59f___GCREC_Bact.Sp 3821.png,source_jpg,bacterial_spot,Tomato_Bacterial_spot,256,256,146,65536,0.002227783203125,0.002227783203125,0,0,146,2,ok,train
4a352896-5a0f-4e42-aba1-f06045d5b531___RS_Erly.B 7765,4a352896-5a0f-4e42-aba1-f06045d5b531,4a352896-5a0f-4e42-aba1-f06045d5b531___RS_Erly.B 7765,artifacts/data/mc_unet/images/4a352896-5a0f-4e42-aba1-f06045d5b531___RS_Erly.B 7765.jpg,artifacts/data/mc_unet/masks/4a352896-5a0f-4e42-aba1-f06045d5b531___RS_Erly.B 7765.png,artifacts/data/mc_unet/leaf_masks_heuristic/4a352896-5a0f-4e42-aba1-f06045d5b531___RS_Erly.B 7765.png,source_jpg,early_blight,Tomato_Early_blight,256,256,266,65536,0.004058837890625,0.004058837890625,266,0,0,1,ok,train
4a9819e9-6651-480a-a524-74d149449538___GCREC_Bact.Sp 3748,4a9819e9-6651-480a-a524-74d149449538,4a9819e9-6651-480a-a524-74d149449538___GCREC_Bact.Sp 3748,artifacts/data/mc_unet/images/4a9819e9-6651-480a-a524-74d149449538___GCREC_Bact.Sp 3748.jpg,artifacts/data/mc_unet/masks/4a9819e9-6651-480a-a524-74d149449538___GCREC_Bact.Sp 3748.png,artifacts/data/mc_unet/leaf_masks_heuristic/4a9819e9-6651-480a-a524-74d149449538___GCREC_Bact.Sp 3748.png,source_jpg,bacterial_spot,Tomato_Bacterial_spot,256,256,7967,65536,0.1215667724609375,0.1215667724609375,0,0,7967,7,ok,train
4aa63e45-c531-40e2-86ca-a788e74d4f18___RS_Erly.B 7549,4aa63e45-c531-40e2-86ca-a788e74d4f18,4aa63e45-c531-40e2-86ca-a788e74d4f18___RS_Erly.B 7549,artifacts/data/mc_unet/images/4aa63e45-c531-40e2-86ca-a788e74d4f18___RS_Erly.B 7549.jpg,artifacts/data/mc_unet/masks/4aa63e45-c531-40e2-86ca-a788e74d4f18___RS_Erly.B 7549.png,artifacts/data/mc_unet/leaf_masks_heuristic/4aa63e45-c531-40e2-86ca-a788e74d4f18___RS_Erly.B 7549.png,source_jpg,early_blight,Tomato_Early_blight,256,256,2473,65536,0.0377349853515625,0.0377349853515625,2473,0,0,2,ok,train
4ac4ef34-f2c2-4e08-a0d6-ad3d225159f5___GCREC_Bact.Sp 6177,4ac4ef34-f2c2-4e08-a0d6-ad3d225159f5,4ac4ef34-f2c2-4e08-a0d6-ad3d225159f5___GCREC_Bact.Sp 6177,artifacts/data/mc_unet/images/4ac4ef34-f2c2-4e08-a0d6-ad3d225159f5___GCREC_Bact.Sp 6177.jpg,artifacts/data/mc_unet/masks/4ac4ef34-f2c2-4e08-a0d6-ad3d225159f5___GCREC_Bact.Sp 6177.png,artifacts/data/mc_unet/leaf_masks_heuristic/4ac4ef34-f2c2-4e08-a0d6-ad3d225159f5___GCREC_Bact.Sp 6177.png,source_jpg,bacterial_spot,Tomato_Bacterial_spot,256,256,500,65536,0.00762939453125,0.00762939453125,0,0,500,2,ok,train
4adf8989-4cc7-4145-a1be-834e2e3ca9a8___GCREC_Bact.Sp 5671,4adf8989-4cc7-4145-a1be-834e2e3ca9a8,4adf8989-4cc7-4145-a1be-834e2e3ca9a8___GCREC_Bact.Sp 5671,artifacts/data/mc_unet/images/4adf8989-4cc7-4145-a1be-834e2e3ca9a8___GCREC_Bact.Sp 5671.jpg,artifacts/data/mc_unet/masks/4adf8989-4cc7-4145-a1be-834e2e3ca9a8___GCREC_Bact.Sp 5671.png,artifacts/data/mc_unet/leaf_masks_heuristic/4adf8989-4cc7-4145-a1be-834e2e3ca9a8___GCREC_Bact.Sp 5671.png,source_jpg,bacterial_spot,Tomato_Bacterial_spot,256,256,2756,65536,0.04205322265625,0.04205322265625,0,0,2756,3,ok,train
4b3b4550-4629-4b5d-9b6a-5af474c6066e___GCREC_Bact.Sp 3850,4b3b4550-4629-4b5d-9b6a-5af474c6066e,4b3b4550-4629-4b5d-9b6a-5af474c6066e___GCREC_Bact.Sp 3850,artifacts/data/mc_unet/images/4b3b4550-4629-4b5d-9b6a-5af474c6066e___GCREC_Bact.Sp 3850.jpg,artifacts/data/mc_unet/masks/4b3b4550-4629-4b5d-9b6a-5af474c6066e___GCREC_Bact.Sp 3850.png,artifacts/data/mc_unet/leaf_masks_heuristic/4b3b4550-4629-4b5d-9b6a-5af474c6066e___GCREC_Bact.Sp 3850.png,source_jpg,bacterial_spot,Tomato_Bacterial_spot,256,256,8026,65536,0.122467041015625,0.122467041015625,0,0,8026,3,ok,train
4b3d69f0-f4c7-4d86-953f-3d4083cd6270___UF.GRC_BS_Lab Leaf 8619,4b3d69f0-f4c7-4d86-953f-3d4083cd6270,4b3d69f0-f4c7-4d86-953f-3d4083cd6270___UF.GRC_BS_Lab Leaf 8619,artifacts/data/mc_unet/images/4b3d69f0-f4c7-4d86-953f-3d4083cd6270___UF.GRC_BS_Lab Leaf 8619.jpg,artifacts/data/mc_unet/masks/4b3d69f0-f4c7-4d86-953f-3d4083cd6270___UF.GRC_BS_Lab Leaf 8619.png,artifacts/data/mc_unet/leaf_masks_heuristic/4b3d69f0-f4c7-4d86-953f-3d4083cd6270___UF.GRC_BS_Lab Leaf 8619.png,source_jpg,bacterial_spot,Tomato_Bacterial_spot,256,256,12598,65536,0.192230224609375,0.192230224609375,0,0,12598,3,ok,train
4b8821ef-8364-4a04-9549-58d58ffe0411___RS_Erly.B 7704,4b8821ef-8364-4a04-9549-58d58ffe0411,4b8821ef-8364-4a04-9549-58d58ffe0411___RS_Erly.B 7704,artifacts/data/mc_unet/images/4b8821ef-8364-4a04-9549-58d58ffe0411___RS_Erly.B 7704.jpg,artifacts/data/mc_unet/masks/4b8821ef-8364-4a04-9549-58d58ffe0411___RS_Erly.B 7704.png,artifacts/data/mc_unet/leaf_masks_heuristic/4b8821ef-8364-4a04-9549-58d58ffe0411___RS_Erly.B 7704.png,source_jpg,early_blight,Tomato_Early_blight,256,256,4822,65536,0.073577880859375,0.073577880859375,4822,0,0,1,ok,train
4c1481fd-12fa-4729-9de6-35c7fae918a5___RS_Erly.B 7430,4c1481fd-12fa-4729-9de6-35c7fae918a5,4c1481fd-12fa-4729-9de6-35c7fae918a5___RS_Erly.B 7430,artifacts/data/mc_unet/images/4c1481fd-12fa-4729-9de6-35c7fae918a5___RS_Erly.B 7430.jpg,artifacts/data/mc_unet/masks/4c1481fd-12fa-4729-9de6-35c7fae918a5___RS_Erly.B 7430.png,artifacts/data/mc_unet/leaf_masks_heuristic/4c1481fd-12fa-4729-9de6-35c7fae918a5___RS_Erly.B 7430.png,source_jpg,early_blight,Tomato_Early_blight,256,256,379,65536,0.0057830810546875,0.0057830810546875,379,0,0,4,ok,train
4c4765f3-e177-4baa-a2a3-c7784e8f6a78___GCREC_Bact.Sp 3411,4c4765f3-e177-4baa-a2a3-c7784e8f6a78,4c4765f3-e177-4baa-a2a3-c7784e8f6a78___GCREC_Bact.Sp 3411,artifacts/data/mc_unet/images/4c4765f3-e177-4baa-a2a3-c7784e8f6a78___GCREC_Bact.Sp 3411.jpg,artifacts/data/mc_unet/masks/4c4765f3-e177-4baa-a2a3-c7784e8f6a78___GCREC_Bact.Sp 3411.png,artifacts/data/mc_unet/leaf_masks_heuristic/4c4765f3-e177-4baa-a2a3-c7784e8f6a78___GCREC_Bact.Sp 3411.png,source_jpg,bacterial_spot,Tomato_Bacterial_spot,256,256,12223,65536,0.1865081787109375,0.1865081787109375,0,0,12223,3,ok,train
4c5f5a51-0ea2-477b-a0bf-e0d511f53e87___RS_Erly.B 6397,4c5f5a51-0ea2-477b-a0bf-e0d511f53e87,4c5f5a51-0ea2-477b-a0bf-e0d511f53e87___RS_Erly.B 6397,artifacts/data/mc_unet/images/4c5f5a51-0ea2-477b-a0bf-e0d511f53e87___RS_Erly.B 6397.jpg,artifacts/data/mc_unet/masks/4c5f5a51-0ea2-477b-a0bf-e0d511f53e87___RS_Erly.B 6397.png,artifacts/data/mc_unet/leaf_masks_heuristic/4c5f5a51-0ea2-477b-a0bf-e0d511f53e87___RS_Erly.B 6397.png,source_jpg,early_blight,Tomato_Early_blight,256,256,10196,65536,0.15557861328125,0.15557861328125,10196,0,0,7,ok,train
4c8f178b-1d65-40ee-bc71-b78e95d9f200___GCREC_Bact.Sp 5835,4c8f178b-1d65-40ee-bc71-b78e95d9f200,4c8f178b-1d65-40ee-bc71-b78e95d9f200___GCREC_Bact.Sp 5835,artifacts/data/mc_unet/images/4c8f178b-1d65-40ee-bc71-b78e95d9f200___GCREC_Bact.Sp 5835.jpg,artifacts/data/mc_unet/masks/4c8f178b-1d65-40ee-bc71-b78e95d9f200___GCREC_Bact.Sp 5835.png,artifacts/data/mc_unet/leaf_masks_heuristic/4c8f178b-1d65-40ee-bc71-b78e95d9f200___GCREC_Bact.Sp 5835.png,source_jpg,bacterial_spot,Tomato_Bacterial_spot,256,256,2721,65536,0.0415191650390625,0.0415191650390625,0,0,2721,1,ok,train
4cbe4896-66b5-4834-8eb7-5baf49ed2f7d___RS_Erly.B 8354,4cbe4896-66b5-4834-8eb7-5baf49ed2f7d,4cbe4896-66b5-4834-8eb7-5baf49ed2f7d___RS_Erly.B 8354,artifacts/data/mc_unet/images/4cbe4896-66b5-4834-8eb7-5baf49ed2f7d___RS_Erly.B 8354.jpg,artifacts/data/mc_unet/masks/4cbe4896-66b5-4834-8eb7-5baf49ed2f7d___RS_Erly.B 8354.png,artifacts/data/mc_unet/leaf_masks_heuristic/4cbe4896-66b5-4834-8eb7-5baf49ed2f7d___RS_Erly.B 8354.png,source_jpg,early_blight,Tomato_Early_blight,256,256,14518,65536,0.221527099609375,0.221527099609375,14518,0,0,2,ok,train
4cc672a5-b8d1-4f05-b95f-333e72fa6205___GCREC_Bact.Sp 5997,4cc672a5-b8d1-4f05-b95f-333e72fa6205,4cc672a5-b8d1-4f05-b95f-333e72fa6205___GCREC_Bact.Sp 5997,artifacts/data/mc_unet/images/4cc672a5-b8d1-4f05-b95f-333e72fa6205___GCREC_Bact.Sp 5997.jpg,artifacts/data/mc_unet/masks/4cc672a5-b8d1-4f05-b95f-333e72fa6205___GCREC_Bact.Sp 5997.png,artifacts/data/mc_unet/leaf_masks_heuristic/4cc672a5-b8d1-4f05-b95f-333e72fa6205___GCREC_Bact.Sp 5997.png,source_jpg,bacterial_spot,Tomato_Bacterial_spot,256,256,551,65536,0.0084075927734375,0.0084075927734375,0,0,551,1,ok,train
4ce52d04-06f4-4b35-af47-804fdabed996___RS_Erly.B 8254,4ce52d04-06f4-4b35-af47-804fdabed996,4ce52d04-06f4-4b35-af47-804fdabed996___RS_Erly.B 8254,artifacts/data/mc_unet/images/4ce52d04-06f4-4b35-af47-804fdabed996___RS_Erly.B 8254.jpg,artifacts/data/mc_unet/masks/4ce52d04-06f4-4b35-af47-804fdabed996___RS_Erly.B 8254.png,artifacts/data/mc_unet/leaf_masks_heuristic/4ce52d04-06f4-4b35-af47-804fdabed996___RS_Erly.B 8254.png,source_jpg,early_blight,Tomato_Early_blight,256,256,13199,65536,0.2014007568359375,0.2014007568359375,13199,0,0,10,ok,test
4ceb9395-b11a-4290-bfc4-db6afe8ad21e___UF.GRC_BS_Lab Leaf 0806,4ceb9395-b11a-4290-bfc4-db6afe8ad21e,4ceb9395-b11a-4290-bfc4-db6afe8ad21e___UF.GRC_BS_Lab Leaf 0806,artifacts/data/mc_unet/images/4ceb9395-b11a-4290-bfc4-db6afe8ad21e___UF.GRC_BS_Lab Leaf 0806.jpg,artifacts/data/mc_unet/masks/4ceb9395-b11a-4290-bfc4-db6afe8ad21e___UF.GRC_BS_Lab Leaf 0806.png,artifacts/data/mc_unet/leaf_masks_heuristic/4ceb9395-b11a-4290-bfc4-db6afe8ad21e___UF.GRC_BS_Lab Leaf 0806.png,source_jpg,bacterial_spot,Tomato_Bacterial_spot,256,256,6684,65536,0.10198974609375,0.10198974609375,0,0,6684,9,ok,train
4d02e3e4-c583-402a-adc0-b258c8a3384f___UF.GRC_BS_Lab Leaf 0287,4d02e3e4-c583-402a-adc0-b258c8a3384f,4d02e3e4-c583-402a-adc0-b258c8a3384f___UF.GRC_BS_Lab Leaf 0287,artifacts/data/mc_unet/images/4d02e3e4-c583-402a-adc0-b258c8a3384f___UF.GRC_BS_Lab Leaf 0287.jpg,artifacts/data/mc_unet/masks/4d02e3e4-c583-402a-adc0-b258c8a3384f___UF.GRC_BS_Lab Leaf 0287.png,artifacts/data/mc_unet/leaf_masks_heuristic/4d02e3e4-c583-402a-adc0-b258c8a3384f___UF.GRC_BS_Lab Leaf 0287.png,source_jpg,bacterial_spot,Tomato_Bacterial_spot,256,256,1117,65536,0.0170440673828125,0.0170440673828125,0,0,1117,5,ok,train
4d036bc9-ce94-4da8-af1b-564b2846fbf8___GCREC_Bact.Sp 5789,4d036bc9-ce94-4da8-af1b-564b2846fbf8,4d036bc9-ce94-4da8-af1b-564b2846fbf8___GCREC_Bact.Sp 5789,artifacts/data/mc_unet/images/4d036bc9-ce94-4da8-af1b-564b2846fbf8___GCREC_Bact.Sp 5789.jpg,artifacts/data/mc_unet/masks/4d036bc9-ce94-4da8-af1b-564b2846fbf8___GCREC_Bact.Sp 5789.png,artifacts/data/mc_unet/leaf_masks_heuristic/4d036bc9-ce94-4da8-af1b-564b2846fbf8___GCREC_Bact.Sp 5789.png,source_jpg,bacterial_spot,Tomato_Bacterial_spot,256,256,10174,65536,0.155242919921875,0.155242919921875,0,0,10174,5,ok,train
4d0a8955-1ad3-4181-9d08-4bedf2cdc4b6___GCREC_Bact.Sp 3657,4d0a8955-1ad3-4181-9d08-4bedf2cdc4b6,4d0a8955-1ad3-4181-9d08-4bedf2cdc4b6___GCREC_Bact.Sp 3657,artifacts/data/mc_unet/images/4d0a8955-1ad3-4181-9d08-4bedf2cdc4b6___GCREC_Bact.Sp 3657.jpg,artifacts/data/mc_unet/masks/4d0a8955-1ad3-4181-9d08-4bedf2cdc4b6___GCREC_Bact.Sp 3657.png,artifacts/data/mc_unet/leaf_masks_heuristic/4d0a8955-1ad3-4181-9d08-4bedf2cdc4b6___GCREC_Bact.Sp 3657.png,source_jpg,bacterial_spot,Tomato_Bacterial_spot,256,256,1286,65536,0.019622802734375,0.019622802734375,0,0,1286,5,ok,train
4d33be8c-151b-4d2b-960f-f15ef077d4cc___GCREC_Bact.Sp 3767,4d33be8c-151b-4d2b-960f-f15ef077d4cc,4d33be8c-151b-4d2b-960f-f15ef077d4cc___GCREC_Bact.Sp 3767,artifacts/data/mc_unet/images/4d33be8c-151b-4d2b-960f-f15ef077d4cc___GCREC_Bact.Sp 3767.jpg,artifacts/data/mc_unet/masks/4d33be8c-151b-4d2b-960f-f15ef077d4cc___GCREC_Bact.Sp 3767.png,artifacts/data/mc_unet/leaf_masks_heuristic/4d33be8c-151b-4d2b-960f-f15ef077d4cc___GCREC_Bact.Sp 3767.png,source_jpg,bacterial_spot,Tomato_Bacterial_spot,256,256,6445,65536,0.0983428955078125,0.0983428955078125,0,0,6445,6,ok,train
4d80e993-6d3e-4537-92ba-39834a88e50c___RS_Erly.B 7632,4d80e993-6d3e-4537-92ba-39834a88e50c,4d80e993-6d3e-4537-92ba-39834a88e50c___RS_Erly.B 7632,artifacts/data/mc_unet/images/4d80e993-6d3e-4537-92ba-39834a88e50c___RS_Erly.B 7632.jpg,artifacts/data/mc_unet/masks/4d80e993-6d3e-4537-92ba-39834a88e50c___RS_Erly.B 7632.png,artifacts/data/mc_unet/leaf_masks_heuristic/4d80e993-6d3e-4537-92ba-39834a88e50c___RS_Erly.B 7632.png,source_jpg,early_blight,Tomato_Early_blight,256,256,8203,65536,0.1251678466796875,0.1251678466796875,8203,0,0,2,ok,train
4d88d7a6-b49c-4927-81de-60b6b807c839___RS_Erly.B 7655,4d88d7a6-b49c-4927-81de-60b6b807c839,4d88d7a6-b49c-4927-81de-60b6b807c839___RS_Erly.B 7655,artifacts/data/mc_unet/images/4d88d7a6-b49c-4927-81de-60b6b807c839___RS_Erly.B 7655.jpg,artifacts/data/mc_unet/masks/4d88d7a6-b49c-4927-81de-60b6b807c839___RS_Erly.B 7655.png,artifacts/data/mc_unet/leaf_masks_heuristic/4d88d7a6-b49c-4927-81de-60b6b807c839___RS_Erly.B 7655.png,source_jpg,early_blight,Tomato_Early_blight,256,256,33217,65536,0.5068511962890625,0.5068511962890625,33217,0,0,1,ok,train
4d8cce21-a64f-4953-8c56-218f1611ed29___RS_Erly.B 7372,4d8cce21-a64f-4953-8c56-218f1611ed29,4d8cce21-a64f-4953-8c56-218f1611ed29___RS_Erly.B 7372,artifacts/data/mc_unet/images/4d8cce21-a64f-4953-8c56-218f1611ed29___RS_Erly.B 7372.jpg,artifacts/data/mc_unet/masks/4d8cce21-a64f-4953-8c56-218f1611ed29___RS_Erly.B 7372.png,artifacts/data/mc_unet/leaf_masks_heuristic/4d8cce21-a64f-4953-8c56-218f1611ed29___RS_Erly.B 7372.png,source_jpg,early_blight,Tomato_Early_blight,256,256,11309,65536,0.1725616455078125,0.1725616455078125,11309,0,0,9,ok,train
4d8ed094-fe5e-472d-9787-5a681be52463___UF.GRC_BS_Lab Leaf 8590,4d8ed094-fe5e-472d-9787-5a681be52463,4d8ed094-fe5e-472d-9787-5a681be52463___UF.GRC_BS_Lab Leaf 8590,artifacts/data/mc_unet/images/4d8ed094-fe5e-472d-9787-5a681be52463___UF.GRC_BS_Lab Leaf 8590.jpg,artifacts/data/mc_unet/masks/4d8ed094-fe5e-472d-9787-5a681be52463___UF.GRC_BS_Lab Leaf 8590.png,artifacts/data/mc_unet/leaf_masks_heuristic/4d8ed094-fe5e-472d-9787-5a681be52463___UF.GRC_BS_Lab Leaf 8590.png,source_jpg,bacterial_spot,Tomato_Bacterial_spot,256,256,3542,65536,0.054046630859375,0.054046630859375,0,0,3542,3,ok,val
4da52d81-c129-4638-9fb5-2b412130ed05___GCREC_Bact.Sp 3475,4da52d81-c129-4638-9fb5-2b412130ed05,4da52d81-c129-4638-9fb5-2b412130ed05___GCREC_Bact.Sp 3475,artifacts/data/mc_unet/images/4da52d81-c129-4638-9fb5-2b412130ed05___GCREC_Bact.Sp 3475.jpg,artifacts/data/mc_unet/masks/4da52d81-c129-4638-9fb5-2b412130ed05___GCREC_Bact.Sp 3475.png,artifacts/data/mc_unet/leaf_masks_heuristic/4da52d81-c129-4638-9fb5-2b412130ed05___GCREC_Bact.Sp 3475.png,source_jpg,bacterial_spot,Tomato_Bacterial_spot,256,256,2830,65536,0.043182373046875,0.043182373046875,0,0,2830,8,ok,train
4dcc0165-a3c5-4290-8262-16c63b677a7d___GCREC_Bact.Sp 3602,4dcc0165-a3c5-4290-8262-16c63b677a7d,4dcc0165-a3c5-4290-8262-16c63b677a7d___GCREC_Bact.Sp 3602,artifacts/data/mc_unet/images/4dcc0165-a3c5-4290-8262-16c63b677a7d___GCREC_Bact.Sp 3602.jpg,artifacts/data/mc_unet/masks/4dcc0165-a3c5-4290-8262-16c63b677a7d___GCREC_Bact.Sp 3602.png,artifacts/data/mc_unet/leaf_masks_heuristic/4dcc0165-a3c5-4290-8262-16c63b677a7d___GCREC_Bact.Sp 3602.png,source_jpg,bacterial_spot,Tomato_Bacterial_spot,256,256,2498,65536,0.038116455078125,0.038116455078125,0,0,2498,6,ok,test
4deeae7f-b339-4d5b-969c-b69ea27c1636___RS_Erly.B 7736,4deeae7f-b339-4d5b-969c-b69ea27c1636,4deeae7f-b339-4d5b-969c-b69ea27c1636___RS_Erly.B 7736,artifacts/data/mc_unet/images/4deeae7f-b339-4d5b-969c-b69ea27c1636___RS_Erly.B 7736.jpg,artifacts/data/mc_unet/masks/4deeae7f-b339-4d5b-969c-b69ea27c1636___RS_Erly.B 7736.png,artifacts/data/mc_unet/leaf_masks_heuristic/4deeae7f-b339-4d5b-969c-b69ea27c1636___RS_Erly.B 7736.png,source_jpg,early_blight,Tomato_Early_blight,256,256,1555,65536,0.0237274169921875,0.0237274169921875,1555,0,0,2,ok,test
4e24576f-00c2-494f-b47b-b2b3885b4749___RS_Erly.B 8279,4e24576f-00c2-494f-b47b-b2b3885b4749,4e24576f-00c2-494f-b47b-b2b3885b4749___RS_Erly.B 8279,artifacts/data/mc_unet/images/4e24576f-00c2-494f-b47b-b2b3885b4749___RS_Erly.B 8279.jpg,artifacts/data/mc_unet/masks/4e24576f-00c2-494f-b47b-b2b3885b4749___RS_Erly.B 8279.png,artifacts/data/mc_unet/leaf_masks_heuristic/4e24576f-00c2-494f-b47b-b2b3885b4749___RS_Erly.B 8279.png,source_jpg,early_blight,Tomato_Early_blight,256,256,22064,65536,0.336669921875,0.336669921875,22064,0,0,1,ok,train
4e3f49fc-2ff8-4d00-979d-3c15f4d90db8___RS_Erly.B 7708,4e3f49fc-2ff8-4d00-979d-3c15f4d90db8,4e3f49fc-2ff8-4d00-979d-3c15f4d90db8___RS_Erly.B 7708,artifacts/data/mc_unet/images/4e3f49fc-2ff8-4d00-979d-3c15f4d90db8___RS_Erly.B 7708.jpg,artifacts/data/mc_unet/masks/4e3f49fc-2ff8-4d00-979d-3c15f4d90db8___RS_Erly.B 7708.png,artifacts/data/mc_unet/leaf_masks_heuristic/4e3f49fc-2ff8-4d00-979d-3c15f4d90db8___RS_Erly.B 7708.png,source_jpg,early_blight,Tomato_Early_blight,256,256,417,65536,0.0063629150390625,0.0063629150390625,417,0,0,2,ok,train
4e5f8530-2696-433d-91ec-5f53488b1d18___RS_Erly.B 8299,4e5f8530-2696-433d-91ec-5f53488b1d18,4e5f8530-2696-433d-91ec-5f53488b1d18___RS_Erly.B 8299,artifacts/data/mc_unet/images/4e5f8530-2696-433d-91ec-5f53488b1d18___RS_Erly.B 8299.jpg,artifacts/data/mc_unet/masks/4e5f8530-2696-433d-91ec-5f53488b1d18___RS_Erly.B 8299.png,artifacts/data/mc_unet/leaf_masks_heuristic/4e5f8530-2696-433d-91ec-5f53488b1d18___RS_Erly.B 8299.png,source_jpg,early_blight,Tomato_Early_blight,256,256,9562,65536,0.145904541015625,0.145904541015625,9562,0,0,1,ok,val
4e726fa5-592c-4e69-a29e-4fc466d82597___GCREC_Bact.Sp 3377,4e726fa5-592c-4e69-a29e-4fc466d82597,4e726fa5-592c-4e69-a29e-4fc466d82597___GCREC_Bact.Sp 3377,artifacts/data/mc_unet/images/4e726fa5-592c-4e69-a29e-4fc466d82597___GCREC_Bact.Sp 3377.jpg,artifacts/data/mc_unet/masks/4e726fa5-592c-4e69-a29e-4fc466d82597___GCREC_Bact.Sp 3377.png,artifacts/data/mc_unet/leaf_masks_heuristic/4e726fa5-592c-4e69-a29e-4fc466d82597___GCREC_Bact.Sp 3377.png,source_jpg,bacterial_spot,Tomato_Bacterial_spot,256,256,5278,65536,0.080535888671875,0.080535888671875,0,0,5278,6,ok,train
4e8e92ba-46f4-4e49-850b-71019f6c8640___RS_Erly.B 6346,4e8e92ba-46f4-4e49-850b-71019f6c8640,4e8e92ba-46f4-4e49-850b-71019f6c8640___RS_Erly.B 6346,artifacts/data/mc_unet/images/4e8e92ba-46f4-4e49-850b-71019f6c8640___RS_Erly.B 6346.jpg,artifacts/data/mc_unet/masks/4e8e92ba-46f4-4e49-850b-71019f6c8640___RS_Erly.B 6346.png,artifacts/data/mc_unet/leaf_masks_heuristic/4e8e92ba-46f4-4e49-850b-71019f6c8640___RS_Erly.B 6346.png,source_jpg,early_blight,Tomato_Early_blight,256,256,23607,65536,0.3602142333984375,0.3602142333984375,23607,0,0,2,ok,val
4e906c0c-95cb-41fa-a05d-2981c7b3711a___GCREC_Bact.Sp 6205,4e906c0c-95cb-41fa-a05d-2981c7b3711a,4e906c0c-95cb-41fa-a05d-2981c7b3711a___GCREC_Bact.Sp 6205,artifacts/data/mc_unet/images/4e906c0c-95cb-41fa-a05d-2981c7b3711a___GCREC_Bact.Sp 6205.jpg,artifacts/data/mc_unet/masks/4e906c0c-95cb-41fa-a05d-2981c7b3711a___GCREC_Bact.Sp 6205.png,artifacts/data/mc_unet/leaf_masks_heuristic/4e906c0c-95cb-41fa-a05d-2981c7b3711a___GCREC_Bact.Sp 6205.png,source_jpg,bacterial_spot,Tomato_Bacterial_spot,256,256,2061,65536,0.0314483642578125,0.0314483642578125,0,0,2061,6,ok,train
4ec7e2e9-7fc3-46de-a42d-eec0cbcc990e___RS_Erly.B 7532,4ec7e2e9-7fc3-46de-a42d-eec0cbcc990e,4ec7e2e9-7fc3-46de-a42d-eec0cbcc990e___RS_Erly.B 7532,artifacts/data/mc_unet/images/4ec7e2e9-7fc3-46de-a42d-eec0cbcc990e___RS_Erly.B 7532.jpg,artifacts/data/mc_unet/masks/4ec7e2e9-7fc3-46de-a42d-eec0cbcc990e___RS_Erly.B 7532.png,artifacts/data/mc_unet/leaf_masks_heuristic/4ec7e2e9-7fc3-46de-a42d-eec0cbcc990e___RS_Erly.B 7532.png,source_jpg,early_blight,Tomato_Early_blight,256,256,3445,65536,0.0525665283203125,0.0525665283203125,3445,0,0,4,ok,train
4eccde8f-4b47-4e5e-b0aa-9eaa67b20126___RS_Erly.B 8417,4eccde8f-4b47-4e5e-b0aa-9eaa67b20126,4eccde8f-4b47-4e5e-b0aa-9eaa67b20126___RS_Erly.B 8417,artifacts/data/mc_unet/images/4eccde8f-4b47-4e5e-b0aa-9eaa67b20126___RS_Erly.B 8417.jpg,artifacts/data/mc_unet/masks/4eccde8f-4b47-4e5e-b0aa-9eaa67b20126___RS_Erly.B 8417.png,artifacts/data/mc_unet/leaf_masks_heuristic/4eccde8f-4b47-4e5e-b0aa-9eaa67b20126___RS_Erly.B 8417.png,source_jpg,early_blight,Tomato_Early_blight,256,256,4539,65536,0.0692596435546875,0.0692596435546875,4539,0,0,2,ok,train
4ee0ffd9-54fa-41d8-bbde-2a3e4fde35bb___UF.GRC_BS_Lab Leaf 9024,4ee0ffd9-54fa-41d8-bbde-2a3e4fde35bb,4ee0ffd9-54fa-41d8-bbde-2a3e4fde35bb___UF.GRC_BS_Lab Leaf 9024,artifacts/data/mc_unet/images/4ee0ffd9-54fa-41d8-bbde-2a3e4fde35bb___UF.GRC_BS_Lab Leaf 9024.jpg,artifacts/data/mc_unet/masks/4ee0ffd9-54fa-41d8-bbde-2a3e4fde35bb___UF.GRC_BS_Lab Leaf 9024.png,artifacts/data/mc_unet/leaf_masks_heuristic/4ee0ffd9-54fa-41d8-bbde-2a3e4fde35bb___UF.GRC_BS_Lab Leaf 9024.png,source_jpg,bacterial_spot,Tomato_Bacterial_spot,256,256,3887,65536,0.0593109130859375,0.0593109130859375,0,0,3887,7,ok,train
4ee9cff7-9693-4d51-821b-da31e5df240c___RS_Erly.B 7427,4ee9cff7-9693-4d51-821b-da31e5df240c,4ee9cff7-9693-4d51-821b-da31e5df240c___RS_Erly.B 7427,artifacts/data/mc_unet/images/4ee9cff7-9693-4d51-821b-da31e5df240c___RS_Erly.B 7427.jpg,artifacts/data/mc_unet/masks/4ee9cff7-9693-4d51-821b-da31e5df240c___RS_Erly.B 7427.png,artifacts/data/mc_unet/leaf_masks_heuristic/4ee9cff7-9693-4d51-821b-da31e5df240c___RS_Erly.B 7427.png,source_jpg,early_blight,Tomato_Early_blight,256,256,11882,65536,0.181304931640625,0.181304931640625,11882,0,0,3,ok,val
4ef7faee-a40b-4f02-9ecb-d660ed0fd708___GCREC_Bact.Sp 6322,4ef7faee-a40b-4f02-9ecb-d660ed0fd708,4ef7faee-a40b-4f02-9ecb-d660ed0fd708___GCREC_Bact.Sp 6322,artifacts/data/mc_unet/images/4ef7faee-a40b-4f02-9ecb-d660ed0fd708___GCREC_Bact.Sp 6322.jpg,artifacts/data/mc_unet/masks/4ef7faee-a40b-4f02-9ecb-d660ed0fd708___GCREC_Bact.Sp 6322.png,artifacts/data/mc_unet/leaf_masks_heuristic/4ef7faee-a40b-4f02-9ecb-d660ed0fd708___GCREC_Bact.Sp 6322.png,source_jpg,bacterial_spot,Tomato_Bacterial_spot,256,256,466,65536,0.007110595703125,0.007110595703125,0,0,466,2,ok,train
4f06a857-13bc-44c1-87fb-c3ccdaeeaacb___GCREC_Bact.Sp 5965,4f06a857-13bc-44c1-87fb-c3ccdaeeaacb,4f06a857-13bc-44c1-87fb-c3ccdaeeaacb___GCREC_Bact.Sp 5965,artifacts/data/mc_unet/images/4f06a857-13bc-44c1-87fb-c3ccdaeeaacb___GCREC_Bact.Sp 5965.jpg,artifacts/data/mc_unet/masks/4f06a857-13bc-44c1-87fb-c3ccdaeeaacb___GCREC_Bact.Sp 5965.png,artifacts/data/mc_unet/leaf_masks_heuristic/4f06a857-13bc-44c1-87fb-c3ccdaeeaacb___GCREC_Bact.Sp 5965.png,source_jpg,bacterial_spot,Tomato_Bacterial_spot,256,256,5055,65536,0.0771331787109375,0.0771331787109375,0,0,5055,8,ok,train
4f076bc3-b4df-49de-9b92-2aed4e561d2f___GCREC_Bact.Sp 6138,4f076bc3-b4df-49de-9b92-2aed4e561d2f,4f076bc3-b4df-49de-9b92-2aed4e561d2f___GCREC_Bact.Sp 6138,artifacts/data/mc_unet/images/4f076bc3-b4df-49de-9b92-2aed4e561d2f___GCREC_Bact.Sp 6138.jpg,artifacts/data/mc_unet/masks/4f076bc3-b4df-49de-9b92-2aed4e561d2f___GCREC_Bact.Sp 6138.png,artifacts/data/mc_unet/leaf_masks_heuristic/4f076bc3-b4df-49de-9b92-2aed4e561d2f___GCREC_Bact.Sp 6138.png,source_jpg,bacterial_spot,Tomato_Bacterial_spot,256,256,2007,65536,0.0306243896484375,0.0306243896484375,0,0,2007,6,ok,val
4f107108-ac41-4921-b933-4e041604de61___GCREC_Bact.Sp 5579,4f107108-ac41-4921-b933-4e041604de61,4f107108-ac41-4921-b933-4e041604de61___GCREC_Bact.Sp 5579,artifacts/data/mc_unet/images/4f107108-ac41-4921-b933-4e041604de61___GCREC_Bact.Sp 5579.jpg,artifacts/data/mc_unet/masks/4f107108-ac41-4921-b933-4e041604de61___GCREC_Bact.Sp 5579.png,artifacts/data/mc_unet/leaf_masks_heuristic/4f107108-ac41-4921-b933-4e041604de61___GCREC_Bact.Sp 5579.png,source_jpg,bacterial_spot,Tomato_Bacterial_spot,256,256,808,65536,0.0123291015625,0.0123291015625,0,0,808,1,ok,train
4f4ef45f-80b4-4fde-b052-f932d2b5a9f3___RS_Erly.B 9410,4f4ef45f-80b4-4fde-b052-f932d2b5a9f3,4f4ef45f-80b4-4fde-b052-f932d2b5a9f3___RS_Erly.B 9410,artifacts/data/mc_unet/images/4f4ef45f-80b4-4fde-b052-f932d2b5a9f3___RS_Erly.B 9410.jpg,artifacts/data/mc_unet/masks/4f4ef45f-80b4-4fde-b052-f932d2b5a9f3___RS_Erly.B 9410.png,artifacts/data/mc_unet/leaf_masks_heuristic/4f4ef45f-80b4-4fde-b052-f932d2b5a9f3___RS_Erly.B 9410.png,source_jpg,early_blight,Tomato_Early_blight,256,256,24467,65536,0.3733367919921875,0.3733367919921875,24467,0,0,1,ok,val
4f617600-4d99-4f96-98c6-27a08425dbda___GCREC_Bact.Sp 6251,4f617600-4d99-4f96-98c6-27a08425dbda,4f617600-4d99-4f96-98c6-27a08425dbda___GCREC_Bact.Sp 6251,artifacts/data/mc_unet/images/4f617600-4d99-4f96-98c6-27a08425dbda___GCREC_Bact.Sp 6251.jpg,artifacts/data/mc_unet/masks/4f617600-4d99-4f96-98c6-27a08425dbda___GCREC_Bact.Sp 6251.png,artifacts/data/mc_unet/leaf_masks_heuristic/4f617600-4d99-4f96-98c6-27a08425dbda___GCREC_Bact.Sp 6251.png,source_jpg,bacterial_spot,Tomato_Bacterial_spot,256,256,4888,65536,0.0745849609375,0.0745849609375,0,0,4888,5,ok,train
4f6876e9-7226-49d5-aef8-cec3d8e6fbc9___RS_Erly.B 9452,4f6876e9-7226-49d5-aef8-cec3d8e6fbc9,4f6876e9-7226-49d5-aef8-cec3d8e6fbc9___RS_Erly.B 9452,artifacts/data/mc_unet/images/4f6876e9-7226-49d5-aef8-cec3d8e6fbc9___RS_Erly.B 9452.jpg,artifacts/data/mc_unet/masks/4f6876e9-7226-49d5-aef8-cec3d8e6fbc9___RS_Erly.B 9452.png,artifacts/data/mc_unet/leaf_masks_heuristic/4f6876e9-7226-49d5-aef8-cec3d8e6fbc9___RS_Erly.B 9452.png,source_jpg,early_blight,Tomato_Early_blight,256,256,12414,65536,0.189422607421875,0.189422607421875,12414,0,0,2,ok,train
4fba56f7-8e4d-4d30-bbdd-3db1ed111f61___GCREC_Bact.Sp 6062,4fba56f7-8e4d-4d30-bbdd-3db1ed111f61,4fba56f7-8e4d-4d30-bbdd-3db1ed111f61___GCREC_Bact.Sp 6062,artifacts/data/mc_unet/images/4fba56f7-8e4d-4d30-bbdd-3db1ed111f61___GCREC_Bact.Sp 6062.jpg,artifacts/data/mc_unet/masks/4fba56f7-8e4d-4d30-bbdd-3db1ed111f61___GCREC_Bact.Sp 6062.png,artifacts/data/mc_unet/leaf_masks_heuristic/4fba56f7-8e4d-4d30-bbdd-3db1ed111f61___GCREC_Bact.Sp 6062.png,source_jpg,bacterial_spot,Tomato_Bacterial_spot,256,256,3008,65536,0.0458984375,0.0458984375,0,0,3008,12,ok,val
4fbd7787-b45b-4614-916f-4c063f164046___GCREC_Bact.Sp 3759,4fbd7787-b45b-4614-916f-4c063f164046,4fbd7787-b45b-4614-916f-4c063f164046___GCREC_Bact.Sp 3759,artifacts/data/mc_unet/images/4fbd7787-b45b-4614-916f-4c063f164046___GCREC_Bact.Sp 3759.jpg,artifacts/data/mc_unet/masks/4fbd7787-b45b-4614-916f-4c063f164046___GCREC_Bact.Sp 3759.png,artifacts/data/mc_unet/leaf_masks_heuristic/4fbd7787-b45b-4614-916f-4c063f164046___GCREC_Bact.Sp 3759.png,source_jpg,bacterial_spot,Tomato_Bacterial_spot,256,256,3126,65536,0.047698974609375,0.047698974609375,0,0,3126,9,ok,train
4fc4c293-30a0-4207-b880-603ad3afcbd8___GCREC_Bact.Sp 5931,4fc4c293-30a0-4207-b880-603ad3afcbd8,4fc4c293-30a0-4207-b880-603ad3afcbd8___GCREC_Bact.Sp 5931,artifacts/data/mc_unet/images/4fc4c293-30a0-4207-b880-603ad3afcbd8___GCREC_Bact.Sp 5931.jpg,artifacts/data/mc_unet/masks/4fc4c293-30a0-4207-b880-603ad3afcbd8___GCREC_Bact.Sp 5931.png,artifacts/data/mc_unet/leaf_masks_heuristic/4fc4c293-30a0-4207-b880-603ad3afcbd8___GCREC_Bact.Sp 5931.png,source_jpg,bacterial_spot,Tomato_Bacterial_spot,256,256,314,65536,0.004791259765625,0.004791259765625,0,0,314,2,ok,train
4fd3f0e7-cdd9-4151-8734-5f0ad1f52614___RS_Erly.B 9564,4fd3f0e7-cdd9-4151-8734-5f0ad1f52614,4fd3f0e7-cdd9-4151-8734-5f0ad1f52614___RS_Erly.B 9564,artifacts/data/mc_unet/images/4fd3f0e7-cdd9-4151-8734-5f0ad1f52614___RS_Erly.B 9564.jpg,artifacts/data/mc_unet/masks/4fd3f0e7-cdd9-4151-8734-5f0ad1f52614___RS_Erly.B 9564.png,artifacts/data/mc_unet/leaf_masks_heuristic/4fd3f0e7-cdd9-4151-8734-5f0ad1f52614___RS_Erly.B 9564.png,source_jpg,early_blight,Tomato_Early_blight,256,256,20038,65536,0.305755615234375,0.305755615234375,20038,0,0,1,ok,train
4fe65f68-958a-4d32-875a-6a25260f3b69___GCREC_Bact.Sp 5768,4fe65f68-958a-4d32-875a-6a25260f3b69,4fe65f68-958a-4d32-875a-6a25260f3b69___GCREC_Bact.Sp 5768,artifacts/data/mc_unet/images/4fe65f68-958a-4d32-875a-6a25260f3b69___GCREC_Bact.Sp 5768.jpg,artifacts/data/mc_unet/masks/4fe65f68-958a-4d32-875a-6a25260f3b69___GCREC_Bact.Sp 5768.png,artifacts/data/mc_unet/leaf_masks_heuristic/4fe65f68-958a-4d32-875a-6a25260f3b69___GCREC_Bact.Sp 5768.png,source_jpg,bacterial_spot,Tomato_Bacterial_spot,256,256,3132,65536,0.04779052734375,0.04779052734375,0,0,3132,4,ok,train
5a05e4e9-74d1-40a8-aca2-dc3500ef5fbc___RS_Erly.B 9489,5a05e4e9-74d1-40a8-aca2-dc3500ef5fbc,5a05e4e9-74d1-40a8-aca2-dc3500ef5fbc___RS_Erly.B 9489,artifacts/data/mc_unet/images/5a05e4e9-74d1-40a8-aca2-dc3500ef5fbc___RS_Erly.B 9489.jpg,artifacts/data/mc_unet/masks/5a05e4e9-74d1-40a8-aca2-dc3500ef5fbc___RS_Erly.B 9489.png,artifacts/data/mc_unet/leaf_masks_heuristic/5a05e4e9-74d1-40a8-aca2-dc3500ef5fbc___RS_Erly.B 9489.png,source_jpg,early_blight,Tomato_Early_blight,256,256,14461,65536,0.2206573486328125,0.2206573486328125,14461,0,0,1,ok,train
5a0ff573-924f-48c8-a3ef-ed82995ed145___RS_Erly.B 6478,5a0ff573-924f-48c8-a3ef-ed82995ed145,5a0ff573-924f-48c8-a3ef-ed82995ed145___RS_Erly.B 6478,artifacts/data/mc_unet/images/5a0ff573-924f-48c8-a3ef-ed82995ed145___RS_Erly.B 6478.jpg,artifacts/data/mc_unet/masks/5a0ff573-924f-48c8-a3ef-ed82995ed145___RS_Erly.B 6478.png,artifacts/data/mc_unet/leaf_masks_heuristic/5a0ff573-924f-48c8-a3ef-ed82995ed145___RS_Erly.B 6478.png,source_jpg,early_blight,Tomato_Early_blight,256,256,12472,65536,0.1903076171875,0.1903076171875,12472,0,0,3,ok,train
5a198510-9f1e-4699-b747-d0b1c0892756___UF.GRC_BS_Lab Leaf 0768,5a198510-9f1e-4699-b747-d0b1c0892756,5a198510-9f1e-4699-b747-d0b1c0892756___UF.GRC_BS_Lab Leaf 0768,artifacts/data/mc_unet/images/5a198510-9f1e-4699-b747-d0b1c0892756___UF.GRC_BS_Lab Leaf 0768.jpg,artifacts/data/mc_unet/masks/5a198510-9f1e-4699-b747-d0b1c0892756___UF.GRC_BS_Lab Leaf 0768.png,artifacts/data/mc_unet/leaf_masks_heuristic/5a198510-9f1e-4699-b747-d0b1c0892756___UF.GRC_BS_Lab Leaf 0768.png,source_jpg,bacterial_spot,Tomato_Bacterial_spot,256,256,7067,65536,0.1078338623046875,0.1078338623046875,0,0,7067,6,ok,train
5a43dabd-d732-4fe5-bd01-1d23f4a41d5e___GCREC_Bact.Sp 6389,5a43dabd-d732-4fe5-bd01-1d23f4a41d5e,5a43dabd-d732-4fe5-bd01-1d23f4a41d5e___GCREC_Bact.Sp 6389,artifacts/data/mc_unet/images/5a43dabd-d732-4fe5-bd01-1d23f4a41d5e___GCREC_Bact.Sp 6389.jpg,artifacts/data/mc_unet/masks/5a43dabd-d732-4fe5-bd01-1d23f4a41d5e___GCREC_Bact.Sp 6389.png,artifacts/data/mc_unet/leaf_masks_heuristic/5a43dabd-d732-4fe5-bd01-1d23f4a41d5e___GCREC_Bact.Sp 6389.png,source_jpg,bacterial_spot,Tomato_Bacterial_spot,256,256,10609,65536,0.1618804931640625,0.1618804931640625,0,0,10609,4,ok,train
5a50d734-271b-43f8-991f-b6e6f264b686___RS_Erly.B 6488,5a50d734-271b-43f8-991f-b6e6f264b686,5a50d734-271b-43f8-991f-b6e6f264b686___RS_Erly.B 6488,artifacts/data/mc_unet/images/5a50d734-271b-43f8-991f-b6e6f264b686___RS_Erly.B 6488.jpg,artifacts/data/mc_unet/masks/5a50d734-271b-43f8-991f-b6e6f264b686___RS_Erly.B 6488.png,artifacts/data/mc_unet/leaf_masks_heuristic/5a50d734-271b-43f8-991f-b6e6f264b686___RS_Erly.B 6488.png,source_jpg,early_blight,Tomato_Early_blight,256,256,23072,65536,0.35205078125,0.35205078125,23072,0,0,1,ok,train
5a62e38f-8042-4ca8-8df6-2bdeed7e9a7b___RS_Erly.B 9493,5a62e38f-8042-4ca8-8df6-2bdeed7e9a7b,5a62e38f-8042-4ca8-8df6-2bdeed7e9a7b___RS_Erly.B 9493,artifacts/data/mc_unet/images/5a62e38f-8042-4ca8-8df6-2bdeed7e9a7b___RS_Erly.B 9493.jpg,artifacts/data/mc_unet/masks/5a62e38f-8042-4ca8-8df6-2bdeed7e9a7b___RS_Erly.B 9493.png,artifacts/data/mc_unet/leaf_masks_heuristic/5a62e38f-8042-4ca8-8df6-2bdeed7e9a7b___RS_Erly.B 9493.png,source_jpg,early_blight,Tomato_Early_blight,256,256,6112,65536,0.09326171875,0.09326171875,6112,0,0,5,ok,train
5ac465b8-86c9-469a-a656-add4ab1f14e4___RS_Erly.B 6473,5ac465b8-86c9-469a-a656-add4ab1f14e4,5ac465b8-86c9-469a-a656-add4ab1f14e4___RS_Erly.B 6473,artifacts/data/mc_unet/images/5ac465b8-86c9-469a-a656-add4ab1f14e4___RS_Erly.B 6473.jpg,artifacts/data/mc_unet/masks/5ac465b8-86c9-469a-a656-add4ab1f14e4___RS_Erly.B 6473.png,artifacts/data/mc_unet/leaf_masks_heuristic/5ac465b8-86c9-469a-a656-add4ab1f14e4___RS_Erly.B 6473.png,source_jpg,early_blight,Tomato_Early_blight,256,256,20921,65536,0.3192291259765625,0.3192291259765625,20921,0,0,1,ok,val
5ac54e63-40a4-4651-a900-fd3ab4d32bae___RS_Erly.B 7727,5ac54e63-40a4-4651-a900-fd3ab4d32bae,5ac54e63-40a4-4651-a900-fd3ab4d32bae___RS_Erly.B 7727,artifacts/data/mc_unet/images/5ac54e63-40a4-4651-a900-fd3ab4d32bae___RS_Erly.B 7727.jpg,artifacts/data/mc_unet/masks/5ac54e63-40a4-4651-a900-fd3ab4d32bae___RS_Erly.B 7727.png,artifacts/data/mc_unet/leaf_masks_heuristic/5ac54e63-40a4-4651-a900-fd3ab4d32bae___RS_Erly.B 7727.png,source_jpg,early_blight,Tomato_Early_blight,256,256,8097,65536,0.1235504150390625,0.1235504150390625,8097,0,0,2,ok,test
5ad16a00-4f2d-4872-a45c-80250b507ecc___RS_Erly.B 9378,5ad16a00-4f2d-4872-a45c-80250b507ecc,5ad16a00-4f2d-4872-a45c-80250b507ecc___RS_Erly.B 9378,artifacts/data/mc_unet/images/5ad16a00-4f2d-4872-a45c-80250b507ecc___RS_Erly.B 9378.jpg,artifacts/data/mc_unet/masks/5ad16a00-4f2d-4872-a45c-80250b507ecc___RS_Erly.B 9378.png,artifacts/data/mc_unet/leaf_masks_heuristic/5ad16a00-4f2d-4872-a45c-80250b507ecc___RS_Erly.B 9378.png,source_jpg,early_blight,Tomato_Early_blight,256,256,25578,65536,0.390289306640625,0.390289306640625,25578,0,0,1,ok,test
5adb20df-006b-4a5d-a1c4-c8284eee9e20___RS_Erly.B 9484,5adb20df-006b-4a5d-a1c4-c8284eee9e20,5adb20df-006b-4a5d-a1c4-c8284eee9e20___RS_Erly.B 9484,artifacts/data/mc_unet/images/5adb20df-006b-4a5d-a1c4-c8284eee9e20___RS_Erly.B 9484.jpg,artifacts/data/mc_unet/masks/5adb20df-006b-4a5d-a1c4-c8284eee9e20___RS_Erly.B 9484.png,artifacts/data/mc_unet/leaf_masks_heuristic/5adb20df-006b-4a5d-a1c4-c8284eee9e20___RS_Erly.B 9484.png,source_jpg,early_blight,Tomato_Early_blight,256,256,13446,65536,0.205169677734375,0.205169677734375,13446,0,0,1,ok,train
5b247678-19af-4134-941e-de7bb39cee22___UF.GRC_BS_Lab Leaf 8800,5b247678-19af-4134-941e-de7bb39cee22,5b247678-19af-4134-941e-de7bb39cee22___UF.GRC_BS_Lab Leaf 8800,artifacts/data/mc_unet/images/5b247678-19af-4134-941e-de7bb39cee22___UF.GRC_BS_Lab Leaf 8800.jpg,artifacts/data/mc_unet/masks/5b247678-19af-4134-941e-de7bb39cee22___UF.GRC_BS_Lab Leaf 8800.png,artifacts/data/mc_unet/leaf_masks_heuristic/5b247678-19af-4134-941e-de7bb39cee22___UF.GRC_BS_Lab Leaf 8800.png,source_jpg,bacterial_spot,Tomato_Bacterial_spot,256,256,14618,65536,0.223052978515625,0.223052978515625,0,0,14618,5,ok,train
5b3d632e-acdb-4864-bae6-730306b44cd5___GCREC_Bact.Sp 3710,5b3d632e-acdb-4864-bae6-730306b44cd5,5b3d632e-acdb-4864-bae6-730306b44cd5___GCREC_Bact.Sp 3710,artifacts/data/mc_unet/images/5b3d632e-acdb-4864-bae6-730306b44cd5___GCREC_Bact.Sp 3710.jpg,artifacts/data/mc_unet/masks/5b3d632e-acdb-4864-bae6-730306b44cd5___GCREC_Bact.Sp 3710.png,artifacts/data/mc_unet/leaf_masks_heuristic/5b3d632e-acdb-4864-bae6-730306b44cd5___GCREC_Bact.Sp 3710.png,source_jpg,bacterial_spot,Tomato_Bacterial_spot,256,256,5865,65536,0.0894927978515625,0.0894927978515625,0,0,5865,2,ok,train
5b65716f-ed7d-42cc-b9b6-c7712782f366___UF.GRC_BS_Lab Leaf 9230,5b65716f-ed7d-42cc-b9b6-c7712782f366,5b65716f-ed7d-42cc-b9b6-c7712782f366___UF.GRC_BS_Lab Leaf 9230,artifacts/data/mc_unet/images/5b65716f-ed7d-42cc-b9b6-c7712782f366___UF.GRC_BS_Lab Leaf 9230.jpg,artifacts/data/mc_unet/masks/5b65716f-ed7d-42cc-b9b6-c7712782f366___UF.GRC_BS_Lab Leaf 9230.png,artifacts/data/mc_unet/leaf_masks_heuristic/5b65716f-ed7d-42cc-b9b6-c7712782f366___UF.GRC_BS_Lab Leaf 9230.png,source_jpg,bacterial_spot,Tomato_Bacterial_spot,256,256,4437,65536,0.0677032470703125,0.0677032470703125,0,0,4437,2,ok,train
5b69f555-2033-48e7-83e7-9ff798eac600___GCREC_Bact.Sp 6395,5b69f555-2033-48e7-83e7-9ff798eac600,5b69f555-2033-48e7-83e7-9ff798eac600___GCREC_Bact.Sp 6395,artifacts/data/mc_unet/images/5b69f555-2033-48e7-83e7-9ff798eac600___GCREC_Bact.Sp 6395.jpg,artifacts/data/mc_unet/masks/5b69f555-2033-48e7-83e7-9ff798eac600___GCREC_Bact.Sp 6395.png,artifacts/data/mc_unet/leaf_masks_heuristic/5b69f555-2033-48e7-83e7-9ff798eac600___GCREC_Bact.Sp 6395.png,source_jpg,bacterial_spot,Tomato_Bacterial_spot,256,256,23601,65536,0.3601226806640625,0.3601226806640625,0,0,23601,4,ok,test
5b71fe03-84fc-4866-9bf8-e557ce918c6e___RS_Erly.B 9580,5b71fe03-84fc-4866-9bf8-e557ce918c6e,5b71fe03-84fc-4866-9bf8-e557ce918c6e___RS_Erly.B 9580,artifacts/data/mc_unet/images/5b71fe03-84fc-4866-9bf8-e557ce918c6e___RS_Erly.B 9580.jpg,artifacts/data/mc_unet/masks/5b71fe03-84fc-4866-9bf8-e557ce918c6e___RS_Erly.B 9580.png,artifacts/data/mc_unet/leaf_masks_heuristic/5b71fe03-84fc-4866-9bf8-e557ce918c6e___RS_Erly.B 9580.png,source_jpg,early_blight,Tomato_Early_blight,256,256,29013,65536,0.4427032470703125,0.4427032470703125,29013,0,0,2,ok,train
5ba2c9ec-1d6f-4870-933d-6c9d05833d47___RS_Erly.B 6337,5ba2c9ec-1d6f-4870-933d-6c9d05833d47,5ba2c9ec-1d6f-4870-933d-6c9d05833d47___RS_Erly.B 6337,artifacts/data/mc_unet/images/5ba2c9ec-1d6f-4870-933d-6c9d05833d47___RS_Erly.B 6337.jpg,artifacts/data/mc_unet/masks/5ba2c9ec-1d6f-4870-933d-6c9d05833d47___RS_Erly.B 6337.png,artifacts/data/mc_unet/leaf_masks_heuristic/5ba2c9ec-1d6f-4870-933d-6c9d05833d47___RS_Erly.B 6337.png,source_jpg,early_blight,Tomato_Early_blight,256,256,4613,65536,0.0703887939453125,0.0703887939453125,4613,0,0,4,ok,test
5bac1e11-978e-457e-85c2-11a1b5c618ca___GCREC_Bact.Sp 5860,5bac1e11-978e-457e-85c2-11a1b5c618ca,5bac1e11-978e-457e-85c2-11a1b5c618ca___GCREC_Bact.Sp 5860,artifacts/data/mc_unet/images/5bac1e11-978e-457e-85c2-11a1b5c618ca___GCREC_Bact.Sp 5860.jpg,artifacts/data/mc_unet/masks/5bac1e11-978e-457e-85c2-11a1b5c618ca___GCREC_Bact.Sp 5860.png,artifacts/data/mc_unet/leaf_masks_heuristic/5bac1e11-978e-457e-85c2-11a1b5c618ca___GCREC_Bact.Sp 5860.png,source_jpg,bacterial_spot,Tomato_Bacterial_spot,256,256,1256,65536,0.0191650390625,0.0191650390625,0,0,1256,4,ok,train
5bb01712-dec5-40e7-8ceb-a2836ffab201___GCREC_Bact.Sp 3851,5bb01712-dec5-40e7-8ceb-a2836ffab201,5bb01712-dec5-40e7-8ceb-a2836ffab201___GCREC_Bact.Sp 3851,artifacts/data/mc_unet/images/5bb01712-dec5-40e7-8ceb-a2836ffab201___GCREC_Bact.Sp 3851.jpg,artifacts/data/mc_unet/masks/5bb01712-dec5-40e7-8ceb-a2836ffab201___GCREC_Bact.Sp 3851.png,artifacts/data/mc_unet/leaf_masks_heuristic/5bb01712-dec5-40e7-8ceb-a2836ffab201___GCREC_Bact.Sp 3851.png,source_jpg,bacterial_spot,Tomato_Bacterial_spot,256,256,1600,65536,0.0244140625,0.0244140625,0,0,1600,6,ok,train
5bb67c87-9449-4365-aad2-0763164a608b___RS_Erly.B 7460,5bb67c87-9449-4365-aad2-0763164a608b,5bb67c87-9449-4365-aad2-0763164a608b___RS_Erly.B 7460,artifacts/data/mc_unet/images/5bb67c87-9449-4365-aad2-0763164a608b___RS_Erly.B 7460.jpg,artifacts/data/mc_unet/masks/5bb67c87-9449-4365-aad2-0763164a608b___RS_Erly.B 7460.png,artifacts/data/mc_unet/leaf_masks_heuristic/5bb67c87-9449-4365-aad2-0763164a608b___RS_Erly.B 7460.png,source_jpg,early_blight,Tomato_Early_blight,256,256,3227,65536,0.0492401123046875,0.0492401123046875,3227,0,0,3,ok,train
5bc14ad9-12ff-4f0d-a775-5407ebe7944d___GCREC_Bact.Sp 3141,5bc14ad9-12ff-4f0d-a775-5407ebe7944d,5bc14ad9-12ff-4f0d-a775-5407ebe7944d___GCREC_Bact.Sp 3141,artifacts/data/mc_unet/images/5bc14ad9-12ff-4f0d-a775-5407ebe7944d___GCREC_Bact.Sp 3141.jpg,artifacts/data/mc_unet/masks/5bc14ad9-12ff-4f0d-a775-5407ebe7944d___GCREC_Bact.Sp 3141.png,artifacts/data/mc_unet/leaf_masks_heuristic/5bc14ad9-12ff-4f0d-a775-5407ebe7944d___GCREC_Bact.Sp 3141.png,source_jpg,bacterial_spot,Tomato_Bacterial_spot,256,256,928,65536,0.01416015625,0.01416015625,0,0,928,4,ok,train
5bc8227b-796d-40cb-8f9e-dc5b5a0fc055___GCREC_Bact.Sp 5664,5bc8227b-796d-40cb-8f9e-dc5b5a0fc055,5bc8227b-796d-40cb-8f9e-dc5b5a0fc055___GCREC_Bact.Sp 5664,artifacts/data/mc_unet/images/5bc8227b-796d-40cb-8f9e-dc5b5a0fc055___GCREC_Bact.Sp 5664.jpg,artifacts/data/mc_unet/masks/5bc8227b-796d-40cb-8f9e-dc5b5a0fc055___GCREC_Bact.Sp 5664.png,artifacts/data/mc_unet/leaf_masks_heuristic/5bc8227b-796d-40cb-8f9e-dc5b5a0fc055___GCREC_Bact.Sp 5664.png,source_jpg,bacterial_spot,Tomato_Bacterial_spot,256,256,310,65536,0.004730224609375,0.004730224609375,0,0,310,3,ok,train
5bd6338a-0f10-457b-a7bd-69f2ee7c6504___RS_Erly.B 9534,5bd6338a-0f10-457b-a7bd-69f2ee7c6504,5bd6338a-0f10-457b-a7bd-69f2ee7c6504___RS_Erly.B 9534,artifacts/data/mc_unet/images/5bd6338a-0f10-457b-a7bd-69f2ee7c6504___RS_Erly.B 9534.jpg,artifacts/data/mc_unet/masks/5bd6338a-0f10-457b-a7bd-69f2ee7c6504___RS_Erly.B 9534.png,artifacts/data/mc_unet/leaf_masks_heuristic/5bd6338a-0f10-457b-a7bd-69f2ee7c6504___RS_Erly.B 9534.png,source_jpg,early_blight,Tomato_Early_blight,256,256,12978,65536,0.198028564453125,0.198028564453125,12978,0,0,3,ok,val
5bf73067-7550-4857-aa0f-c35e7bbcb668___UF.GRC_BS_Lab Leaf 1166,5bf73067-7550-4857-aa0f-c35e7bbcb668,5bf73067-7550-4857-aa0f-c35e7bbcb668___UF.GRC_BS_Lab Leaf 1166,artifacts/data/mc_unet/images/5bf73067-7550-4857-aa0f-c35e7bbcb668___UF.GRC_BS_Lab Leaf 1166.jpg,artifacts/data/mc_unet/masks/5bf73067-7550-4857-aa0f-c35e7bbcb668___UF.GRC_BS_Lab Leaf 1166.png,artifacts/data/mc_unet/leaf_masks_heuristic/5bf73067-7550-4857-aa0f-c35e7bbcb668___UF.GRC_BS_Lab Leaf 1166.png,source_jpg,bacterial_spot,Tomato_Bacterial_spot,256,256,4048,65536,0.061767578125,0.061767578125,0,0,4048,2,ok,val
5c04a777-eb5c-4864-9c18-bc39d0c4dd2a___GCREC_Bact.Sp 5969,5c04a777-eb5c-4864-9c18-bc39d0c4dd2a,5c04a777-eb5c-4864-9c18-bc39d0c4dd2a___GCREC_Bact.Sp 5969,artifacts/data/mc_unet/images/5c04a777-eb5c-4864-9c18-bc39d0c4dd2a___GCREC_Bact.Sp 5969.jpg,artifacts/data/mc_unet/masks/5c04a777-eb5c-4864-9c18-bc39d0c4dd2a___GCREC_Bact.Sp 5969.png,artifacts/data/mc_unet/leaf_masks_heuristic/5c04a777-eb5c-4864-9c18-bc39d0c4dd2a___GCREC_Bact.Sp 5969.png,source_jpg,bacterial_spot,Tomato_Bacterial_spot,256,256,2237,65536,0.0341339111328125,0.0341339111328125,0,0,2237,1,ok,train
5c130080-6cae-4d1e-acd7-629129d66a47___UF.GRC_BS_Lab Leaf 0412,5c130080-6cae-4d1e-acd7-629129d66a47,5c130080-6cae-4d1e-acd7-629129d66a47___UF.GRC_BS_Lab Leaf 0412,artifacts/data/mc_unet/images/5c130080-6cae-4d1e-acd7-629129d66a47___UF.GRC_BS_Lab Leaf 0412.jpg,artifacts/data/mc_unet/masks/5c130080-6cae-4d1e-acd7-629129d66a47___UF.GRC_BS_Lab Leaf 0412.png,artifacts/data/mc_unet/leaf_masks_heuristic/5c130080-6cae-4d1e-acd7-629129d66a47___UF.GRC_BS_Lab Leaf 0412.png,source_jpg,bacterial_spot,Tomato_Bacterial_spot,256,256,5443,65536,0.0830535888671875,0.0830535888671875,0,0,5443,13,ok,train
5c498e4e-e9b8-4380-828e-53dfd9beb683___RS_Erly.B 7788,5c498e4e-e9b8-4380-828e-53dfd9beb683,5c498e4e-e9b8-4380-828e-53dfd9beb683___RS_Erly.B 7788,artifacts/data/mc_unet/images/5c498e4e-e9b8-4380-828e-53dfd9beb683___RS_Erly.B 7788.jpg,artifacts/data/mc_unet/masks/5c498e4e-e9b8-4380-828e-53dfd9beb683___RS_Erly.B 7788.png,artifacts/data/mc_unet/leaf_masks_heuristic/5c498e4e-e9b8-4380-828e-53dfd9beb683___RS_Erly.B 7788.png,source_jpg,early_blight,Tomato_Early_blight,256,256,1034,65536,0.015777587890625,0.015777587890625,1034,0,0,2,ok,train
5c5dbca4-4322-4227-a543-6ff6f876a531___GCREC_Bact.Sp 5785,5c5dbca4-4322-4227-a543-6ff6f876a531,5c5dbca4-4322-4227-a543-6ff6f876a531___GCREC_Bact.Sp 5785,artifacts/data/mc_unet/images/5c5dbca4-4322-4227-a543-6ff6f876a531___GCREC_Bact.Sp 5785.jpg,artifacts/data/mc_unet/masks/5c5dbca4-4322-4227-a543-6ff6f876a531___GCREC_Bact.Sp 5785.png,artifacts/data/mc_unet/leaf_masks_heuristic/5c5dbca4-4322-4227-a543-6ff6f876a531___GCREC_Bact.Sp 5785.png,source_jpg,bacterial_spot,Tomato_Bacterial_spot,256,256,2698,65536,0.041168212890625,0.041168212890625,0,0,2698,7,ok,train
5c81bfc2-d377-4fc8-9f51-ff26a997c20b___RS_Erly.B 6345,5c81bfc2-d377-4fc8-9f51-ff26a997c20b,5c81bfc2-d377-4fc8-9f51-ff26a997c20b___RS_Erly.B 6345,artifacts/data/mc_unet/images/5c81bfc2-d377-4fc8-9f51-ff26a997c20b___RS_Erly.B 6345.jpg,artifacts/data/mc_unet/masks/5c81bfc2-d377-4fc8-9f51-ff26a997c20b___RS_Erly.B 6345.png,artifacts/data/mc_unet/leaf_masks_heuristic/5c81bfc2-d377-4fc8-9f51-ff26a997c20b___RS_Erly.B 6345.png,source_jpg,early_blight,Tomato_Early_blight,256,256,33357,65536,0.5089874267578125,0.5089874267578125,33357,0,0,3,ok,test
5c862bf1-ab62-4106-bdca-6b22a1951dca___GCREC_Bact.Sp 3860,5c862bf1-ab62-4106-bdca-6b22a1951dca,5c862bf1-ab62-4106-bdca-6b22a1951dca___GCREC_Bact.Sp 3860,artifacts/data/mc_unet/images/5c862bf1-ab62-4106-bdca-6b22a1951dca___GCREC_Bact.Sp 3860.jpg,artifacts/data/mc_unet/masks/5c862bf1-ab62-4106-bdca-6b22a1951dca___GCREC_Bact.Sp 3860.png,artifacts/data/mc_unet/leaf_masks_heuristic/5c862bf1-ab62-4106-bdca-6b22a1951dca___GCREC_Bact.Sp 3860.png,source_jpg,bacterial_spot,Tomato_Bacterial_spot,256,256,12773,65536,0.1949005126953125,0.1949005126953125,0,0,12773,3,ok,train
5c8ced5b-fa5c-41d4-8ad9-a3c7c4891355___RS_Erly.B 6350,5c8ced5b-fa5c-41d4-8ad9-a3c7c4891355,5c8ced5b-fa5c-41d4-8ad9-a3c7c4891355___RS_Erly.B 6350,artifacts/data/mc_unet/images/5c8ced5b-fa5c-41d4-8ad9-a3c7c4891355___RS_Erly.B 6350.jpg,artifacts/data/mc_unet/masks/5c8ced5b-fa5c-41d4-8ad9-a3c7c4891355___RS_Erly.B 6350.png,artifacts/data/mc_unet/leaf_masks_heuristic/5c8ced5b-fa5c-41d4-8ad9-a3c7c4891355___RS_Erly.B 6350.png,source_jpg,early_blight,Tomato_Early_blight,256,256,2167,65536,0.0330657958984375,0.0330657958984375,2167,0,0,8,ok,train
5c973c59-c8da-4a3a-bd99-a645d0f83936___GCREC_Bact.Sp 6362,5c973c59-c8da-4a3a-bd99-a645d0f83936,5c973c59-c8da-4a3a-bd99-a645d0f83936___GCREC_Bact.Sp 6362,artifacts/data/mc_unet/images/5c973c59-c8da-4a3a-bd99-a645d0f83936___GCREC_Bact.Sp 6362.jpg,artifacts/data/mc_unet/masks/5c973c59-c8da-4a3a-bd99-a645d0f83936___GCREC_Bact.Sp 6362.png,artifacts/data/mc_unet/leaf_masks_heuristic/5c973c59-c8da-4a3a-bd99-a645d0f83936___GCREC_Bact.Sp 6362.png,source_jpg,bacterial_spot,Tomato_Bacterial_spot,256,256,1266,65536,0.019317626953125,0.019317626953125,0,0,1266,4,ok,test
5cc48c5c-f74c-4e20-820f-e03f8bff3e3e___GCREC_Bact.Sp 6008,5cc48c5c-f74c-4e20-820f-e03f8bff3e3e,5cc48c5c-f74c-4e20-820f-e03f8bff3e3e___GCREC_Bact.Sp 6008,artifacts/data/mc_unet/images/5cc48c5c-f74c-4e20-820f-e03f8bff3e3e___GCREC_Bact.Sp 6008.jpg,artifacts/data/mc_unet/masks/5cc48c5c-f74c-4e20-820f-e03f8bff3e3e___GCREC_Bact.Sp 6008.png,artifacts/data/mc_unet/leaf_masks_heuristic/5cc48c5c-f74c-4e20-820f-e03f8bff3e3e___GCREC_Bact.Sp 6008.png,source_jpg,bacterial_spot,Tomato_Bacterial_spot,256,256,161,65536,0.0024566650390625,0.0024566650390625,0,0,161,2,ok,train
5ce7093e-2e9d-4dd9-9401-7499c26ddaf1___GCREC_Bact.Sp 5566,5ce7093e-2e9d-4dd9-9401-7499c26ddaf1,5ce7093e-2e9d-4dd9-9401-7499c26ddaf1___GCREC_Bact.Sp 5566,artifacts/data/mc_unet/images/5ce7093e-2e9d-4dd9-9401-7499c26ddaf1___GCREC_Bact.Sp 5566.jpg,artifacts/data/mc_unet/masks/5ce7093e-2e9d-4dd9-9401-7499c26ddaf1___GCREC_Bact.Sp 5566.png,artifacts/data/mc_unet/leaf_masks_heuristic/5ce7093e-2e9d-4dd9-9401-7499c26ddaf1___GCREC_Bact.Sp 5566.png,source_jpg,bacterial_spot,Tomato_Bacterial_spot,256,256,4462,65536,0.068084716796875,0.068084716796875,0,0,4462,9,ok,train
5cf74b8f-2a3a-4141-8309-1c02f01ab444___GCREC_Bact.Sp 5967,5cf74b8f-2a3a-4141-8309-1c02f01ab444,5cf74b8f-2a3a-4141-8309-1c02f01ab444___GCREC_Bact.Sp 5967,artifacts/data/mc_unet/images/5cf74b8f-2a3a-4141-8309-1c02f01ab444___GCREC_Bact.Sp 5967.jpg,artifacts/data/mc_unet/masks/5cf74b8f-2a3a-4141-8309-1c02f01ab444___GCREC_Bact.Sp 5967.png,artifacts/data/mc_unet/leaf_masks_heuristic/5cf74b8f-2a3a-4141-8309-1c02f01ab444___GCREC_Bact.Sp 5967.png,source_jpg,bacterial_spot,Tomato_Bacterial_spot,256,256,1234,65536,0.018829345703125,0.018829345703125,0,0,1234,2,ok,train
5d0f4647-6f88-4c84-bacf-d6bc4d469c4d___RS_Erly.B 8411,5d0f4647-6f88-4c84-bacf-d6bc4d469c4d,5d0f4647-6f88-4c84-bacf-d6bc4d469c4d___RS_Erly.B 8411,artifacts/data/mc_unet/images/5d0f4647-6f88-4c84-bacf-d6bc4d469c4d___RS_Erly.B 8411.jpg,artifacts/data/mc_unet/masks/5d0f4647-6f88-4c84-bacf-d6bc4d469c4d___RS_Erly.B 8411.png,artifacts/data/mc_unet/leaf_masks_heuristic/5d0f4647-6f88-4c84-bacf-d6bc4d469c4d___RS_Erly.B 8411.png,source_jpg,early_blight,Tomato_Early_blight,256,256,14813,65536,0.2260284423828125,0.2260284423828125,14813,0,0,1,ok,train
5d1f3889-f029-4ebd-834d-9e39d775b070___GCREC_Bact.Sp 5996,5d1f3889-f029-4ebd-834d-9e39d775b070,5d1f3889-f029-4ebd-834d-9e39d775b070___GCREC_Bact.Sp 5996,artifacts/data/mc_unet/images/5d1f3889-f029-4ebd-834d-9e39d775b070___GCREC_Bact.Sp 5996.jpg,artifacts/data/mc_unet/masks/5d1f3889-f029-4ebd-834d-9e39d775b070___GCREC_Bact.Sp 5996.png,artifacts/data/mc_unet/leaf_masks_heuristic/5d1f3889-f029-4ebd-834d-9e39d775b070___GCREC_Bact.Sp 5996.png,source_jpg,bacterial_spot,Tomato_Bacterial_spot,256,256,760,65536,0.0115966796875,0.0115966796875,0,0,760,3,ok,train
5d376fa7-128d-4e23-af1a-ed4283451419___GCREC_Bact.Sp 3406,5d376fa7-128d-4e23-af1a-ed4283451419,5d376fa7-128d-4e23-af1a-ed4283451419___GCREC_Bact.Sp 3406,artifacts/data/mc_unet/images/5d376fa7-128d-4e23-af1a-ed4283451419___GCREC_Bact.Sp 3406.jpg,artifacts/data/mc_unet/masks/5d376fa7-128d-4e23-af1a-ed4283451419___GCREC_Bact.Sp 3406.png,artifacts/data/mc_unet/leaf_masks_heuristic/5d376fa7-128d-4e23-af1a-ed4283451419___GCREC_Bact.Sp 3406.png,source_jpg,bacterial_spot,Tomato_Bacterial_spot,256,256,2796,65536,0.04266357421875,0.04266357421875,0,0,2796,9,ok,train
5d45c117-439e-454a-bc77-93a27ce98761___RS_Erly.B 7546,5d45c117-439e-454a-bc77-93a27ce98761,5d45c117-439e-454a-bc77-93a27ce98761___RS_Erly.B 7546,artifacts/data/mc_unet/images/5d45c117-439e-454a-bc77-93a27ce98761___RS_Erly.B 7546.jpg,artifacts/data/mc_unet/masks/5d45c117-439e-454a-bc77-93a27ce98761___RS_Erly.B 7546.png,artifacts/data/mc_unet/leaf_masks_heuristic/5d45c117-439e-454a-bc77-93a27ce98761___RS_Erly.B 7546.png,source_jpg,early_blight,Tomato_Early_blight,256,256,19026,65536,0.290313720703125,0.290313720703125,19026,0,0,1,ok,train
5d5d73a4-b480-4479-a5a5-8d6ba6909eac___RS_Erly.B 9409,5d5d73a4-b480-4479-a5a5-8d6ba6909eac,5d5d73a4-b480-4479-a5a5-8d6ba6909eac___RS_Erly.B 9409,artifacts/data/mc_unet/images/5d5d73a4-b480-4479-a5a5-8d6ba6909eac___RS_Erly.B 9409.jpg,artifacts/data/mc_unet/masks/5d5d73a4-b480-4479-a5a5-8d6ba6909eac___RS_Erly.B 9409.png,artifacts/data/mc_unet/leaf_masks_heuristic/5d5d73a4-b480-4479-a5a5-8d6ba6909eac___RS_Erly.B 9409.png,source_jpg,early_blight,Tomato_Early_blight,256,256,6548,65536,0.09991455078125,0.09991455078125,6548,0,0,3,ok,train
5d75ed9b-3a40-4e40-ad3c-b2fc58f9d9a3___GCREC_Bact.Sp 6239,5d75ed9b-3a40-4e40-ad3c-b2fc58f9d9a3,5d75ed9b-3a40-4e40-ad3c-b2fc58f9d9a3___GCREC_Bact.Sp 6239,artifacts/data/mc_unet/images/5d75ed9b-3a40-4e40-ad3c-b2fc58f9d9a3___GCREC_Bact.Sp 6239.jpg,artifacts/data/mc_unet/masks/5d75ed9b-3a40-4e40-ad3c-b2fc58f9d9a3___GCREC_Bact.Sp 6239.png,artifacts/data/mc_unet/leaf_masks_heuristic/5d75ed9b-3a40-4e40-ad3c-b2fc58f9d9a3___GCREC_Bact.Sp 6239.png,source_jpg,bacterial_spot,Tomato_Bacterial_spot,256,256,4076,65536,0.06219482421875,0.06219482421875,0,0,4076,2,ok,train
5d89c2ab-31d9-4f0a-bd00-2c2475b2a037___RS_Erly.B 9377,5d89c2ab-31d9-4f0a-bd00-2c2475b2a037,5d89c2ab-31d9-4f0a-bd00-2c2475b2a037___RS_Erly.B 9377,artifacts/data/mc_unet/images/5d89c2ab-31d9-4f0a-bd00-2c2475b2a037___RS_Erly.B 9377.jpg,artifacts/data/mc_unet/masks/5d89c2ab-31d9-4f0a-bd00-2c2475b2a037___RS_Erly.B 9377.png,artifacts/data/mc_unet/leaf_masks_heuristic/5d89c2ab-31d9-4f0a-bd00-2c2475b2a037___RS_Erly.B 9377.png,source_jpg,early_blight,Tomato_Early_blight,256,256,29809,65536,0.4548492431640625,0.4548492431640625,29809,0,0,1,ok,train
5d998134-578b-481e-9b88-df0134eb567b___RS_Erly.B 7626,5d998134-578b-481e-9b88-df0134eb567b,5d998134-578b-481e-9b88-df0134eb567b___RS_Erly.B 7626,artifacts/data/mc_unet/images/5d998134-578b-481e-9b88-df0134eb567b___RS_Erly.B 7626.jpg,artifacts/data/mc_unet/masks/5d998134-578b-481e-9b88-df0134eb567b___RS_Erly.B 7626.png,artifacts/data/mc_unet/leaf_masks_heuristic/5d998134-578b-481e-9b88-df0134eb567b___RS_Erly.B 7626.png,source_jpg,early_blight,Tomato_Early_blight,256,256,5301,65536,0.0808868408203125,0.0808868408203125,5301,0,0,1,ok,train
5daba301-b6f9-4fc4-8be7-a918d3a7554c___RS_Erly.B 8282,5daba301-b6f9-4fc4-8be7-a918d3a7554c,5daba301-b6f9-4fc4-8be7-a918d3a7554c___RS_Erly.B 8282,artifacts/data/mc_unet/images/5daba301-b6f9-4fc4-8be7-a918d3a7554c___RS_Erly.B 8282.jpg,artifacts/data/mc_unet/masks/5daba301-b6f9-4fc4-8be7-a918d3a7554c___RS_Erly.B 8282.png,artifacts/data/mc_unet/leaf_masks_heuristic/5daba301-b6f9-4fc4-8be7-a918d3a7554c___RS_Erly.B 8282.png,source_jpg,early_blight,Tomato_Early_blight,256,256,13111,65536,0.2000579833984375,0.2000579833984375,13111,0,0,2,ok,train
5def221c-54e3-4322-ba12-327adcd50dee___GCREC_Bact.Sp 3014,5def221c-54e3-4322-ba12-327adcd50dee,5def221c-54e3-4322-ba12-327adcd50dee___GCREC_Bact.Sp 3014,artifacts/data/mc_unet/images/5def221c-54e3-4322-ba12-327adcd50dee___GCREC_Bact.Sp 3014.jpg,artifacts/data/mc_unet/masks/5def221c-54e3-4322-ba12-327adcd50dee___GCREC_Bact.Sp 3014.png,artifacts/data/mc_unet/leaf_masks_heuristic/5def221c-54e3-4322-ba12-327adcd50dee___GCREC_Bact.Sp 3014.png,source_jpg,bacterial_spot,Tomato_Bacterial_spot,256,256,1919,65536,0.0292816162109375,0.0292816162109375,0,0,1919,7,ok,train
5e10503d-8b4e-4215-9128-b92b48fce53d___RS_Erly.B 7559,5e10503d-8b4e-4215-9128-b92b48fce53d,5e10503d-8b4e-4215-9128-b92b48fce53d___RS_Erly.B 7559,artifacts/data/mc_unet/images/5e10503d-8b4e-4215-9128-b92b48fce53d___RS_Erly.B 7559.jpg,artifacts/data/mc_unet/masks/5e10503d-8b4e-4215-9128-b92b48fce53d___RS_Erly.B 7559.png,artifacts/data/mc_unet/leaf_masks_heuristic/5e10503d-8b4e-4215-9128-b92b48fce53d___RS_Erly.B 7559.png,source_jpg,early_blight,Tomato_Early_blight,256,256,11831,65536,0.1805267333984375,0.1805267333984375,11831,0,0,1,ok,train
5e258cf7-39d9-4f9e-9727-61401a3cb841___GCREC_Bact.Sp 5612,5e258cf7-39d9-4f9e-9727-61401a3cb841,5e258cf7-39d9-4f9e-9727-61401a3cb841___GCREC_Bact.Sp 5612,artifacts/data/mc_unet/images/5e258cf7-39d9-4f9e-9727-61401a3cb841___GCREC_Bact.Sp 5612.jpg,artifacts/data/mc_unet/masks/5e258cf7-39d9-4f9e-9727-61401a3cb841___GCREC_Bact.Sp 5612.png,artifacts/data/mc_unet/leaf_masks_heuristic/5e258cf7-39d9-4f9e-9727-61401a3cb841___GCREC_Bact.Sp 5612.png,source_jpg,bacterial_spot,Tomato_Bacterial_spot,256,256,1213,65536,0.0185089111328125,0.0185089111328125,0,0,1213,4,ok,val
5e498617-5f79-49ba-a46e-0acd8d6e0bee___GCREC_Bact.Sp 3037,5e498617-5f79-49ba-a46e-0acd8d6e0bee,5e498617-5f79-49ba-a46e-0acd8d6e0bee___GCREC_Bact.Sp 3037,artifacts/data/mc_unet/images/5e498617-5f79-49ba-a46e-0acd8d6e0bee___GCREC_Bact.Sp 3037.jpg,artifacts/data/mc_unet/masks/5e498617-5f79-49ba-a46e-0acd8d6e0bee___GCREC_Bact.Sp 3037.png,artifacts/data/mc_unet/leaf_masks_heuristic/5e498617-5f79-49ba-a46e-0acd8d6e0bee___GCREC_Bact.Sp 3037.png,source_jpg,bacterial_spot,Tomato_Bacterial_spot,256,256,6186,65536,0.094390869140625,0.094390869140625,0,0,6186,8,ok,test
5e6a7174-2bb9-4fc6-88a9-8df6589f11ea___GCREC_Bact.Sp 6020,5e6a7174-2bb9-4fc6-88a9-8df6589f11ea,5e6a7174-2bb9-4fc6-88a9-8df6589f11ea___GCREC_Bact.Sp 6020,artifacts/data/mc_unet/images/5e6a7174-2bb9-4fc6-88a9-8df6589f11ea___GCREC_Bact.Sp 6020.jpg,artifacts/data/mc_unet/masks/5e6a7174-2bb9-4fc6-88a9-8df6589f11ea___GCREC_Bact.Sp 6020.png,artifacts/data/mc_unet/leaf_masks_heuristic/5e6a7174-2bb9-4fc6-88a9-8df6589f11ea___GCREC_Bact.Sp 6020.png,source_jpg,bacterial_spot,Tomato_Bacterial_spot,256,256,1903,65536,0.0290374755859375,0.0290374755859375,0,0,1903,9,ok,test
5e802218-06bd-4542-b310-ca99753a5a83___GCREC_Bact.Sp 5933,5e802218-06bd-4542-b310-ca99753a5a83,5e802218-06bd-4542-b310-ca99753a5a83___GCREC_Bact.Sp 5933,artifacts/data/mc_unet/images/5e802218-06bd-4542-b310-ca99753a5a83___GCREC_Bact.Sp 5933.jpg,artifacts/data/mc_unet/masks/5e802218-06bd-4542-b310-ca99753a5a83___GCREC_Bact.Sp 5933.png,artifacts/data/mc_unet/leaf_masks_heuristic/5e802218-06bd-4542-b310-ca99753a5a83___GCREC_Bact.Sp 5933.png,source_jpg,bacterial_spot,Tomato_Bacterial_spot,256,256,500,65536,0.00762939453125,0.00762939453125,0,0,500,2,ok,train
5ec38b83-47c5-460d-a465-2b8b89e5ce55___GCREC_Bact.Sp 3231,5ec38b83-47c5-460d-a465-2b8b89e5ce55,5ec38b83-47c5-460d-a465-2b8b89e5ce55___GCREC_Bact.Sp 3231,artifacts/data/mc_unet/images/5ec38b83-47c5-460d-a465-2b8b89e5ce55___GCREC_Bact.Sp 3231.jpg,artifacts/data/mc_unet/masks/5ec38b83-47c5-460d-a465-2b8b89e5ce55___GCREC_Bact.Sp 3231.png,artifacts/data/mc_unet/leaf_masks_heuristic/5ec38b83-47c5-460d-a465-2b8b89e5ce55___GCREC_Bact.Sp 3231.png,source_jpg,bacterial_spot,Tomato_Bacterial_spot,256,256,1762,65536,0.026885986328125,0.026885986328125,0,0,1762,7,ok,val
5eeede3b-6469-48f4-9bd9-56732ee3c4cf___UF.GRC_BS_Lab Leaf 0627,5eeede3b-6469-48f4-9bd9-56732ee3c4cf,5eeede3b-6469-48f4-9bd9-56732ee3c4cf___UF.GRC_BS_Lab Leaf 0627,artifacts/data/mc_unet/images/5eeede3b-6469-48f4-9bd9-56732ee3c4cf___UF.GRC_BS_Lab Leaf 0627.jpg,artifacts/data/mc_unet/masks/5eeede3b-6469-48f4-9bd9-56732ee3c4cf___UF.GRC_BS_Lab Leaf 0627.png,artifacts/data/mc_unet/leaf_masks_heuristic/5eeede3b-6469-48f4-9bd9-56732ee3c4cf___UF.GRC_BS_Lab Leaf 0627.png,source_jpg,bacterial_spot,Tomato_Bacterial_spot,256,256,7617,65536,0.1162261962890625,0.1162261962890625,0,0,7617,8,ok,train
5f96c793-8015-458b-b3fe-7e718b673b1b___RS_Erly.B 7813,5f96c793-8015-458b-b3fe-7e718b673b1b,5f96c793-8015-458b-b3fe-7e718b673b1b___RS_Erly.B 7813,artifacts/data/mc_unet/images/5f96c793-8015-458b-b3fe-7e718b673b1b___RS_Erly.B 7813.jpg,artifacts/data/mc_unet/masks/5f96c793-8015-458b-b3fe-7e718b673b1b___RS_Erly.B 7813.png,artifacts/data/mc_unet/leaf_masks_heuristic/5f96c793-8015-458b-b3fe-7e718b673b1b___RS_Erly.B 7813.png,source_jpg,early_blight,Tomato_Early_blight,256,256,1032,65536,0.0157470703125,0.0157470703125,1032,0,0,2,ok,train
5faeaff0-1dcd-4c79-b6ad-22908cc519ac___GCREC_Bact.Sp 5655,5faeaff0-1dcd-4c79-b6ad-22908cc519ac,5faeaff0-1dcd-4c79-b6ad-22908cc519ac___GCREC_Bact.Sp 5655,artifacts/data/mc_unet/images/5faeaff0-1dcd-4c79-b6ad-22908cc519ac___GCREC_Bact.Sp 5655.jpg,artifacts/data/mc_unet/masks/5faeaff0-1dcd-4c79-b6ad-22908cc519ac___GCREC_Bact.Sp 5655.png,artifacts/data/mc_unet/leaf_masks_heuristic/5faeaff0-1dcd-4c79-b6ad-22908cc519ac___GCREC_Bact.Sp 5655.png,source_jpg,bacterial_spot,Tomato_Bacterial_spot,256,256,3501,65536,0.0534210205078125,0.0534210205078125,0,0,3501,3,ok,train
5fc7639c-d04d-40bc-bbd3-68bf11183ed9___RS_Erly.B 7745,5fc7639c-d04d-40bc-bbd3-68bf11183ed9,5fc7639c-d04d-40bc-bbd3-68bf11183ed9___RS_Erly.B 7745,artifacts/data/mc_unet/images/5fc7639c-d04d-40bc-bbd3-68bf11183ed9___RS_Erly.B 7745.jpg,artifacts/data/mc_unet/masks/5fc7639c-d04d-40bc-bbd3-68bf11183ed9___RS_Erly.B 7745.png,artifacts/data/mc_unet/leaf_masks_heuristic/5fc7639c-d04d-40bc-bbd3-68bf11183ed9___RS_Erly.B 7745.png,source_jpg,early_blight,Tomato_Early_blight,256,256,2441,65536,0.0372467041015625,0.0372467041015625,2441,0,0,1,ok,test
5fdc3c4f-b88a-4aef-8a56-87336f220ff4___RS_Erly.B 6376,5fdc3c4f-b88a-4aef-8a56-87336f220ff4,5fdc3c4f-b88a-4aef-8a56-87336f220ff4___RS_Erly.B 6376,artifacts/data/mc_unet/images/5fdc3c4f-b88a-4aef-8a56-87336f220ff4___RS_Erly.B 6376.jpg,artifacts/data/mc_unet/masks/5fdc3c4f-b88a-4aef-8a56-87336f220ff4___RS_Erly.B 6376.png,artifacts/data/mc_unet/leaf_masks_heuristic/5fdc3c4f-b88a-4aef-8a56-87336f220ff4___RS_Erly.B 6376.png,source_jpg,early_blight,Tomato_Early_blight,256,256,3756,65536,0.05731201171875,0.05731201171875,3756,0,0,9,ok,train
5fe12bf4-de4e-49bc-8125-b47edd272f7e___GCREC_Bact.Sp 3205,5fe12bf4-de4e-49bc-8125-b47edd272f7e,5fe12bf4-de4e-49bc-8125-b47edd272f7e___GCREC_Bact.Sp 3205,artifacts/data/mc_unet/images/5fe12bf4-de4e-49bc-8125-b47edd272f7e___GCREC_Bact.Sp 3205.jpg,artifacts/data/mc_unet/masks/5fe12bf4-de4e-49bc-8125-b47edd272f7e___GCREC_Bact.Sp 3205.png,artifacts/data/mc_unet/leaf_masks_heuristic/5fe12bf4-de4e-49bc-8125-b47edd272f7e___GCREC_Bact.Sp 3205.png,source_jpg,bacterial_spot,Tomato_Bacterial_spot,256,256,5026,65536,0.076690673828125,0.076690673828125,0,0,5026,3,ok,train
5fef7edb-3b8a-4f74-b980-493366ead004___RS_Erly.B 6476,5fef7edb-3b8a-4f74-b980-493366ead004,5fef7edb-3b8a-4f74-b980-493366ead004___RS_Erly.B 6476,artifacts/data/mc_unet/images/5fef7edb-3b8a-4f74-b980-493366ead004___RS_Erly.B 6476.jpg,artifacts/data/mc_unet/masks/5fef7edb-3b8a-4f74-b980-493366ead004___RS_Erly.B 6476.png,artifacts/data/mc_unet/leaf_masks_heuristic/5fef7edb-3b8a-4f74-b980-493366ead004___RS_Erly.B 6476.png,source_jpg,early_blight,Tomato_Early_blight,256,256,12044,65536,0.18377685546875,0.18377685546875,12044,0,0,4,ok,train
6a309da1-f8f4-404f-afb3-f07482a19282___UF.GRC_BS_Lab Leaf 9049,6a309da1-f8f4-404f-afb3-f07482a19282,6a309da1-f8f4-404f-afb3-f07482a19282___UF.GRC_BS_Lab Leaf 9049,artifacts/data/mc_unet/images/6a309da1-f8f4-404f-afb3-f07482a19282___UF.GRC_BS_Lab Leaf 9049.jpg,artifacts/data/mc_unet/masks/6a309da1-f8f4-404f-afb3-f07482a19282___UF.GRC_BS_Lab Leaf 9049.png,artifacts/data/mc_unet/leaf_masks_heuristic/6a309da1-f8f4-404f-afb3-f07482a19282___UF.GRC_BS_Lab Leaf 9049.png,source_jpg,bacterial_spot,Tomato_Bacterial_spot,256,256,4458,65536,0.068023681640625,0.068023681640625,0,0,4458,5,ok,train
6a416698-31f1-4625-8c83-195721e70508___GCREC_Bact.Sp 3339,6a416698-31f1-4625-8c83-195721e70508,6a416698-31f1-4625-8c83-195721e70508___GCREC_Bact.Sp 3339,artifacts/data/mc_unet/images/6a416698-31f1-4625-8c83-195721e70508___GCREC_Bact.Sp 3339.jpg,artifacts/data/mc_unet/masks/6a416698-31f1-4625-8c83-195721e70508___GCREC_Bact.Sp 3339.png,artifacts/data/mc_unet/leaf_masks_heuristic/6a416698-31f1-4625-8c83-195721e70508___GCREC_Bact.Sp 3339.png,source_jpg,bacterial_spot,Tomato_Bacterial_spot,256,256,7187,65536,0.1096649169921875,0.1096649169921875,0,0,7187,8,ok,train
6a4a7ca5-06c2-44b6-b08c-073d94a01db4___GCREC_Bact.Sp 5960,6a4a7ca5-06c2-44b6-b08c-073d94a01db4,6a4a7ca5-06c2-44b6-b08c-073d94a01db4___GCREC_Bact.Sp 5960,artifacts/data/mc_unet/images/6a4a7ca5-06c2-44b6-b08c-073d94a01db4___GCREC_Bact.Sp 5960.jpg,artifacts/data/mc_unet/masks/6a4a7ca5-06c2-44b6-b08c-073d94a01db4___GCREC_Bact.Sp 5960.png,artifacts/data/mc_unet/leaf_masks_heuristic/6a4a7ca5-06c2-44b6-b08c-073d94a01db4___GCREC_Bact.Sp 5960.png,source_jpg,bacterial_spot,Tomato_Bacterial_spot,256,256,1015,65536,0.0154876708984375,0.0154876708984375,0,0,1015,5,ok,train
6a56a429-b241-428d-9fb7-7ea0b84d2b12___GCREC_Bact.Sp 3246,6a56a429-b241-428d-9fb7-7ea0b84d2b12,6a56a429-b241-428d-9fb7-7ea0b84d2b12___GCREC_Bact.Sp 3246,artifacts/data/mc_unet/images/6a56a429-b241-428d-9fb7-7ea0b84d2b12___GCREC_Bact.Sp 3246.jpg,artifacts/data/mc_unet/masks/6a56a429-b241-428d-9fb7-7ea0b84d2b12___GCREC_Bact.Sp 3246.png,artifacts/data/mc_unet/leaf_masks_heuristic/6a56a429-b241-428d-9fb7-7ea0b84d2b12___GCREC_Bact.Sp 3246.png,source_jpg,bacterial_spot,Tomato_Bacterial_spot,256,256,2525,65536,0.0385284423828125,0.0385284423828125,0,0,2525,13,ok,train
6a63c776-470d-41a4-b94d-3b90dfd12f0e___GCREC_Bact.Sp 3505,6a63c776-470d-41a4-b94d-3b90dfd12f0e,6a63c776-470d-41a4-b94d-3b90dfd12f0e___GCREC_Bact.Sp 3505,artifacts/data/mc_unet/images/6a63c776-470d-41a4-b94d-3b90dfd12f0e___GCREC_Bact.Sp 3505.jpg,artifacts/data/mc_unet/masks/6a63c776-470d-41a4-b94d-3b90dfd12f0e___GCREC_Bact.Sp 3505.png,artifacts/data/mc_unet/leaf_masks_heuristic/6a63c776-470d-41a4-b94d-3b90dfd12f0e___GCREC_Bact.Sp 3505.png,source_jpg,bacterial_spot,Tomato_Bacterial_spot,256,256,860,65536,0.01312255859375,0.01312255859375,0,0,860,3,ok,train
6a6f1594-62fa-487a-a51f-38b86e7483cf___RS_Erly.B 6360,6a6f1594-62fa-487a-a51f-38b86e7483cf,6a6f1594-62fa-487a-a51f-38b86e7483cf___RS_Erly.B 6360,artifacts/data/mc_unet/images/6a6f1594-62fa-487a-a51f-38b86e7483cf___RS_Erly.B 6360.jpg,artifacts/data/mc_unet/masks/6a6f1594-62fa-487a-a51f-38b86e7483cf___RS_Erly.B 6360.png,artifacts/data/mc_unet/leaf_masks_heuristic/6a6f1594-62fa-487a-a51f-38b86e7483cf___RS_Erly.B 6360.png,source_jpg,early_blight,Tomato_Early_blight,256,256,23922,65536,0.365020751953125,0.365020751953125,23922,0,0,1,ok,train
6b30245b-6c88-4cdb-b170-96bcba1212c4___UF.GRC_BS_Lab Leaf 8765,6b30245b-6c88-4cdb-b170-96bcba1212c4,6b30245b-6c88-4cdb-b170-96bcba1212c4___UF.GRC_BS_Lab Leaf 8765,artifacts/data/mc_unet/images/6b30245b-6c88-4cdb-b170-96bcba1212c4___UF.GRC_BS_Lab Leaf 8765.jpg,artifacts/data/mc_unet/masks/6b30245b-6c88-4cdb-b170-96bcba1212c4___UF.GRC_BS_Lab Leaf 8765.png,artifacts/data/mc_unet/leaf_masks_heuristic/6b30245b-6c88-4cdb-b170-96bcba1212c4___UF.GRC_BS_Lab Leaf 8765.png,source_jpg,bacterial_spot,Tomato_Bacterial_spot,256,256,24970,65536,0.381011962890625,0.381011962890625,0,0,24970,1,ok,train
6b52f204-547d-47aa-926c-b9508a5e6cbc___RS_Erly.B 7434,6b52f204-547d-47aa-926c-b9508a5e6cbc,6b52f204-547d-47aa-926c-b9508a5e6cbc___RS_Erly.B 7434,artifacts/data/mc_unet/images/6b52f204-547d-47aa-926c-b9508a5e6cbc___RS_Erly.B 7434.jpg,artifacts/data/mc_unet/masks/6b52f204-547d-47aa-926c-b9508a5e6cbc___RS_Erly.B 7434.png,artifacts/data/mc_unet/leaf_masks_heuristic/6b52f204-547d-47aa-926c-b9508a5e6cbc___RS_Erly.B 7434.png,source_jpg,early_blight,Tomato_Early_blight,256,256,3100,65536,0.04730224609375,0.04730224609375,3100,0,0,5,ok,train
6b68592a-aa06-4fac-ac47-b6d341e6f45e___UF.GRC_BS_Lab Leaf 0343,6b68592a-aa06-4fac-ac47-b6d341e6f45e,6b68592a-aa06-4fac-ac47-b6d341e6f45e___UF.GRC_BS_Lab Leaf 0343,artifacts/data/mc_unet/images/6b68592a-aa06-4fac-ac47-b6d341e6f45e___UF.GRC_BS_Lab Leaf 0343.jpg,artifacts/data/mc_unet/masks/6b68592a-aa06-4fac-ac47-b6d341e6f45e___UF.GRC_BS_Lab Leaf 0343.png,artifacts/data/mc_unet/leaf_masks_heuristic/6b68592a-aa06-4fac-ac47-b6d341e6f45e___UF.GRC_BS_Lab Leaf 0343.png,source_jpg,bacterial_spot,Tomato_Bacterial_spot,256,256,1863,65536,0.0284271240234375,0.0284271240234375,0,0,1863,6,ok,train
6b6aeb18-f29a-4e58-bd08-5cd1c2fdd598___GCREC_Bact.Sp 5796,6b6aeb18-f29a-4e58-bd08-5cd1c2fdd598,6b6aeb18-f29a-4e58-bd08-5cd1c2fdd598___GCREC_Bact.Sp 5796,artifacts/data/mc_unet/images/6b6aeb18-f29a-4e58-bd08-5cd1c2fdd598___GCREC_Bact.Sp 5796.jpg,artifacts/data/mc_unet/masks/6b6aeb18-f29a-4e58-bd08-5cd1c2fdd598___GCREC_Bact.Sp 5796.png,artifacts/data/mc_unet/leaf_masks_heuristic/6b6aeb18-f29a-4e58-bd08-5cd1c2fdd598___GCREC_Bact.Sp 5796.png,source_jpg,bacterial_spot,Tomato_Bacterial_spot,256,256,606,65536,0.009246826171875,0.009246826171875,0,0,606,2,ok,val
6b9b4ddb-9ac0-4da5-9176-24c325bd6037___RS_Erly.B 7392,6b9b4ddb-9ac0-4da5-9176-24c325bd6037,6b9b4ddb-9ac0-4da5-9176-24c325bd6037___RS_Erly.B 7392,artifacts/data/mc_unet/images/6b9b4ddb-9ac0-4da5-9176-24c325bd6037___RS_Erly.B 7392.jpg,artifacts/data/mc_unet/masks/6b9b4ddb-9ac0-4da5-9176-24c325bd6037___RS_Erly.B 7392.png,artifacts/data/mc_unet/leaf_masks_heuristic/6b9b4ddb-9ac0-4da5-9176-24c325bd6037___RS_Erly.B 7392.png,source_jpg,early_blight,Tomato_Early_blight,256,256,8103,65536,0.1236419677734375,0.1236419677734375,8103,0,0,5,ok,train
6bbdcbc3-2969-4eec-b375-97bd4272fc89___GCREC_Bact.Sp 3669,6bbdcbc3-2969-4eec-b375-97bd4272fc89,6bbdcbc3-2969-4eec-b375-97bd4272fc89___GCREC_Bact.Sp 3669,artifacts/data/mc_unet/images/6bbdcbc3-2969-4eec-b375-97bd4272fc89___GCREC_Bact.Sp 3669.jpg,artifacts/data/mc_unet/masks/6bbdcbc3-2969-4eec-b375-97bd4272fc89___GCREC_Bact.Sp 3669.png,artifacts/data/mc_unet/leaf_masks_heuristic/6bbdcbc3-2969-4eec-b375-97bd4272fc89___GCREC_Bact.Sp 3669.png,source_jpg,bacterial_spot,Tomato_Bacterial_spot,256,256,5037,65536,0.0768585205078125,0.0768585205078125,0,0,5037,9,ok,test
6bde0aa8-4093-4eb1-aa1e-049db77d16a2___UF.GRC_BS_Lab Leaf 8873,6bde0aa8-4093-4eb1-aa1e-049db77d16a2,6bde0aa8-4093-4eb1-aa1e-049db77d16a2___UF.GRC_BS_Lab Leaf 8873,artifacts/data/mc_unet/images/6bde0aa8-4093-4eb1-aa1e-049db77d16a2___UF.GRC_BS_Lab Leaf 8873.jpg,artifacts/data/mc_unet/masks/6bde0aa8-4093-4eb1-aa1e-049db77d16a2___UF.GRC_BS_Lab Leaf 8873.png,artifacts/data/mc_unet/leaf_masks_heuristic/6bde0aa8-4093-4eb1-aa1e-049db77d16a2___UF.GRC_BS_Lab Leaf 8873.png,source_jpg,bacterial_spot,Tomato_Bacterial_spot,256,256,6172,65536,0.09417724609375,0.09417724609375,0,0,6172,6,ok,train
6be0f74e-cc77-417d-9464-fca77edb8079___GCREC_Bact.Sp 3819,6be0f74e-cc77-417d-9464-fca77edb8079,6be0f74e-cc77-417d-9464-fca77edb8079___GCREC_Bact.Sp 3819,artifacts/data/mc_unet/images/6be0f74e-cc77-417d-9464-fca77edb8079___GCREC_Bact.Sp 3819.jpg,artifacts/data/mc_unet/masks/6be0f74e-cc77-417d-9464-fca77edb8079___GCREC_Bact.Sp 3819.png,artifacts/data/mc_unet/leaf_masks_heuristic/6be0f74e-cc77-417d-9464-fca77edb8079___GCREC_Bact.Sp 3819.png,embedded_imageData,bacterial_spot,Tomato_Bacterial_spot,256,256,973,65536,0.0148468017578125,0.0148468017578125,0,0,973,5,ok,train
6bf84091-27ed-4be6-9ee1-f031e02ed719___GCREC_Bact.Sp 6343,6bf84091-27ed-4be6-9ee1-f031e02ed719,6bf84091-27ed-4be6-9ee1-f031e02ed719___GCREC_Bact.Sp 6343,artifacts/data/mc_unet/images/6bf84091-27ed-4be6-9ee1-f031e02ed719___GCREC_Bact.Sp 6343.jpg,artifacts/data/mc_unet/masks/6bf84091-27ed-4be6-9ee1-f031e02ed719___GCREC_Bact.Sp 6343.png,artifacts/data/mc_unet/leaf_masks_heuristic/6bf84091-27ed-4be6-9ee1-f031e02ed719___GCREC_Bact.Sp 6343.png,embedded_imageData,bacterial_spot,Tomato_Bacterial_spot,256,256,19760,65536,0.301513671875,0.301513671875,0,0,19760,3,ok,train
6c124f22-619b-44fc-a3d1-231286d4bfda___RS_Erly.B 6403,6c124f22-619b-44fc-a3d1-231286d4bfda,6c124f22-619b-44fc-a3d1-231286d4bfda___RS_Erly.B 6403,artifacts/data/mc_unet/images/6c124f22-619b-44fc-a3d1-231286d4bfda___RS_Erly.B 6403.jpg,artifacts/data/mc_unet/masks/6c124f22-619b-44fc-a3d1-231286d4bfda___RS_Erly.B 6403.png,artifacts/data/mc_unet/leaf_masks_heuristic/6c124f22-619b-44fc-a3d1-231286d4bfda___RS_Erly.B 6403.png,source_jpg,early_blight,Tomato_Early_blight,256,256,22201,65536,0.3387603759765625,0.3387603759765625,22201,0,0,1,ok,train
6c1529dd-54cb-4e3d-924b-f7f05b6f9a4b___GCREC_Bact.Sp 3269,6c1529dd-54cb-4e3d-924b-f7f05b6f9a4b,6c1529dd-54cb-4e3d-924b-f7f05b6f9a4b___GCREC_Bact.Sp 3269,artifacts/data/mc_unet/images/6c1529dd-54cb-4e3d-924b-f7f05b6f9a4b___GCREC_Bact.Sp 3269.jpg,artifacts/data/mc_unet/masks/6c1529dd-54cb-4e3d-924b-f7f05b6f9a4b___GCREC_Bact.Sp 3269.png,artifacts/data/mc_unet/leaf_masks_heuristic/6c1529dd-54cb-4e3d-924b-f7f05b6f9a4b___GCREC_Bact.Sp 3269.png,embedded_imageData,bacterial_spot,Tomato_Bacterial_spot,256,256,6974,65536,0.106414794921875,0.106414794921875,0,0,6974,5,ok,val
6c300ff6-c94d-4065-8354-73a141b1b3d5___GCREC_Bact.Sp 3382,6c300ff6-c94d-4065-8354-73a141b1b3d5,6c300ff6-c94d-4065-8354-73a141b1b3d5___GCREC_Bact.Sp 3382,artifacts/data/mc_unet/images/6c300ff6-c94d-4065-8354-73a141b1b3d5___GCREC_Bact.Sp 3382.jpg,artifacts/data/mc_unet/masks/6c300ff6-c94d-4065-8354-73a141b1b3d5___GCREC_Bact.Sp 3382.png,artifacts/data/mc_unet/leaf_masks_heuristic/6c300ff6-c94d-4065-8354-73a141b1b3d5___GCREC_Bact.Sp 3382.png,embedded_imageData,bacterial_spot,Tomato_Bacterial_spot,256,256,9887,65536,0.1508636474609375,0.1508636474609375,0,0,9887,6,ok,test
6c3b5a9c-61fa-4818-ba3b-176cd83e2b19___GCREC_Bact.Sp 5605,6c3b5a9c-61fa-4818-ba3b-176cd83e2b19,6c3b5a9c-61fa-4818-ba3b-176cd83e2b19___GCREC_Bact.Sp 5605,artifacts/data/mc_unet/images/6c3b5a9c-61fa-4818-ba3b-176cd83e2b19___GCREC_Bact.Sp 5605.jpg,artifacts/data/mc_unet/masks/6c3b5a9c-61fa-4818-ba3b-176cd83e2b19___GCREC_Bact.Sp 5605.png,artifacts/data/mc_unet/leaf_masks_heuristic/6c3b5a9c-61fa-4818-ba3b-176cd83e2b19___GCREC_Bact.Sp 5605.png,embedded_imageData,bacterial_spot,Tomato_Bacterial_spot,256,256,238,65536,0.003631591796875,0.003631591796875,0,0,238,2,ok,train
6c3feee9-23a8-46c4-8ded-5b0ef2e49ff5___RS_Erly.B 9370,6c3feee9-23a8-46c4-8ded-5b0ef2e49ff5,6c3feee9-23a8-46c4-8ded-5b0ef2e49ff5___RS_Erly.B 9370,artifacts/data/mc_unet/images/6c3feee9-23a8-46c4-8ded-5b0ef2e49ff5___RS_Erly.B 9370.jpg,artifacts/data/mc_unet/masks/6c3feee9-23a8-46c4-8ded-5b0ef2e49ff5___RS_Erly.B 9370.png,artifacts/data/mc_unet/leaf_masks_heuristic/6c3feee9-23a8-46c4-8ded-5b0ef2e49ff5___RS_Erly.B 9370.png,source_jpg,early_blight,Tomato_Early_blight,256,256,32674,65536,0.498565673828125,0.498565673828125,32674,0,0,1,ok,test
6c60e843-43e5-4983-a406-a77b82d294e2___UF.GRC_BS_Lab Leaf 8811,6c60e843-43e5-4983-a406-a77b82d294e2,6c60e843-43e5-4983-a406-a77b82d294e2___UF.GRC_BS_Lab Leaf 8811,artifacts/data/mc_unet/images/6c60e843-43e5-4983-a406-a77b82d294e2___UF.GRC_BS_Lab Leaf 8811.jpg,artifacts/data/mc_unet/masks/6c60e843-43e5-4983-a406-a77b82d294e2___UF.GRC_BS_Lab Leaf 8811.png,artifacts/data/mc_unet/leaf_masks_heuristic/6c60e843-43e5-4983-a406-a77b82d294e2___UF.GRC_BS_Lab Leaf 8811.png,embedded_imageData,bacterial_spot,Tomato_Bacterial_spot,256,256,12250,65536,0.186920166015625,0.186920166015625,0,0,12250,8,ok,val
6c7d9f03-9847-4776-b5aa-472bedabfeb8___GCREC_Bact.Sp 6336,6c7d9f03-9847-4776-b5aa-472bedabfeb8,6c7d9f03-9847-4776-b5aa-472bedabfeb8___GCREC_Bact.Sp 6336,artifacts/data/mc_unet/images/6c7d9f03-9847-4776-b5aa-472bedabfeb8___GCREC_Bact.Sp 6336.jpg,artifacts/data/mc_unet/masks/6c7d9f03-9847-4776-b5aa-472bedabfeb8___GCREC_Bact.Sp 6336.png,artifacts/data/mc_unet/leaf_masks_heuristic/6c7d9f03-9847-4776-b5aa-472bedabfeb8___GCREC_Bact.Sp 6336.png,embedded_imageData,bacterial_spot,Tomato_Bacterial_spot,256,256,1599,65536,0.0243988037109375,0.0243988037109375,0,0,1599,6,ok,train
6c9e726b-8574-4f84-81c3-271e093f8bf2___GCREC_Bact.Sp 3350,6c9e726b-8574-4f84-81c3-271e093f8bf2,6c9e726b-8574-4f84-81c3-271e093f8bf2___GCREC_Bact.Sp 3350,artifacts/data/mc_unet/images/6c9e726b-8574-4f84-81c3-271e093f8bf2___GCREC_Bact.Sp 3350.jpg,artifacts/data/mc_unet/masks/6c9e726b-8574-4f84-81c3-271e093f8bf2___GCREC_Bact.Sp 3350.png,artifacts/data/mc_unet/leaf_masks_heuristic/6c9e726b-8574-4f84-81c3-271e093f8bf2___GCREC_Bact.Sp 3350.png,embedded_imageData,bacterial_spot,Tomato_Bacterial_spot,256,256,17544,65536,0.2677001953125,0.2677001953125,0,0,17544,4,ok,train
6cace5f6-3589-4fb9-bb64-bee6872b8467___UF.GRC_BS_Lab Leaf 0299,6cace5f6-3589-4fb9-bb64-bee6872b8467,6cace5f6-3589-4fb9-bb64-bee6872b8467___UF.GRC_BS_Lab Leaf 0299,artifacts/data/mc_unet/images/6cace5f6-3589-4fb9-bb64-bee6872b8467___UF.GRC_BS_Lab Leaf 0299.jpg,artifacts/data/mc_unet/masks/6cace5f6-3589-4fb9-bb64-bee6872b8467___UF.GRC_BS_Lab Leaf 0299.png,artifacts/data/mc_unet/leaf_masks_heuristic/6cace5f6-3589-4fb9-bb64-bee6872b8467___UF.GRC_BS_Lab Leaf 0299.png,embedded_imageData,bacterial_spot,Tomato_Bacterial_spot,256,256,1148,65536,0.01751708984375,0.01751708984375,0,0,1148,3,ok,train
6cb5947c-d06a-4114-932e-ca1b952326c7___GCREC_Bact.Sp 3568,6cb5947c-d06a-4114-932e-ca1b952326c7,6cb5947c-d06a-4114-932e-ca1b952326c7___GCREC_Bact.Sp 3568,artifacts/data/mc_unet/images/6cb5947c-d06a-4114-932e-ca1b952326c7___GCREC_Bact.Sp 3568.jpg,artifacts/data/mc_unet/masks/6cb5947c-d06a-4114-932e-ca1b952326c7___GCREC_Bact.Sp 3568.png,artifacts/data/mc_unet/leaf_masks_heuristic/6cb5947c-d06a-4114-932e-ca1b952326c7___GCREC_Bact.Sp 3568.png,embedded_imageData,bacterial_spot,Tomato_Bacterial_spot,256,256,837,65536,0.0127716064453125,0.0127716064453125,0,0,837,4,ok,val
6ce28ed1-b504-427c-97fe-1ca22d7dd20a___GCREC_Bact.Sp 3061,6ce28ed1-b504-427c-97fe-1ca22d7dd20a,6ce28ed1-b504-427c-97fe-1ca22d7dd20a___GCREC_Bact.Sp 3061,artifacts/data/mc_unet/images/6ce28ed1-b504-427c-97fe-1ca22d7dd20a___GCREC_Bact.Sp 3061.jpg,artifacts/data/mc_unet/masks/6ce28ed1-b504-427c-97fe-1ca22d7dd20a___GCREC_Bact.Sp 3061.png,artifacts/data/mc_unet/leaf_masks_heuristic/6ce28ed1-b504-427c-97fe-1ca22d7dd20a___GCREC_Bact.Sp 3061.png,embedded_imageData,bacterial_spot,Tomato_Bacterial_spot,256,256,8854,65536,0.135101318359375,0.135101318359375,0,0,8854,5,ok,train
6ce45b91-cc8a-4026-a1bd-28b1365b78a4___GCREC_Bact.Sp 5597,6ce45b91-cc8a-4026-a1bd-28b1365b78a4,6ce45b91-cc8a-4026-a1bd-28b1365b78a4___GCREC_Bact.Sp 5597,artifacts/data/mc_unet/images/6ce45b91-cc8a-4026-a1bd-28b1365b78a4___GCREC_Bact.Sp 5597.jpg,artifacts/data/mc_unet/masks/6ce45b91-cc8a-4026-a1bd-28b1365b78a4___GCREC_Bact.Sp 5597.png,artifacts/data/mc_unet/leaf_masks_heuristic/6ce45b91-cc8a-4026-a1bd-28b1365b78a4___GCREC_Bact.Sp 5597.png,embedded_imageData,bacterial_spot,Tomato_Bacterial_spot,256,256,233,65536,0.0035552978515625,0.0035552978515625,0,0,233,2,ok,train
6cf1c4d7-d99f-4f70-a003-37054e9f617a___GCREC_Bact.Sp 3417,6cf1c4d7-d99f-4f70-a003-37054e9f617a,6cf1c4d7-d99f-4f70-a003-37054e9f617a___GCREC_Bact.Sp 3417,artifacts/data/mc_unet/images/6cf1c4d7-d99f-4f70-a003-37054e9f617a___GCREC_Bact.Sp 3417.jpg,artifacts/data/mc_unet/masks/6cf1c4d7-d99f-4f70-a003-37054e9f617a___GCREC_Bact.Sp 3417.png,artifacts/data/mc_unet/leaf_masks_heuristic/6cf1c4d7-d99f-4f70-a003-37054e9f617a___GCREC_Bact.Sp 3417.png,embedded_imageData,bacterial_spot,Tomato_Bacterial_spot,256,256,2287,65536,0.0348968505859375,0.0348968505859375,0,0,2287,8,ok,train
6cf3dccb-4d7d-430f-b49f-e18de33a65c2___UF.GRC_BS_Lab Leaf 1013,6cf3dccb-4d7d-430f-b49f-e18de33a65c2,6cf3dccb-4d7d-430f-b49f-e18de33a65c2___UF.GRC_BS_Lab Leaf 1013,artifacts/data/mc_unet/images/6cf3dccb-4d7d-430f-b49f-e18de33a65c2___UF.GRC_BS_Lab Leaf 1013.jpg,artifacts/data/mc_unet/masks/6cf3dccb-4d7d-430f-b49f-e18de33a65c2___UF.GRC_BS_Lab Leaf 1013.png,artifacts/data/mc_unet/leaf_masks_heuristic/6cf3dccb-4d7d-430f-b49f-e18de33a65c2___UF.GRC_BS_Lab Leaf 1013.png,embedded_imageData,bacterial_spot,Tomato_Bacterial_spot,256,256,33094,65536,0.504974365234375,0.504974365234375,0,0,33094,1,ok,train
6d0cbb2e-599e-4637-bb5f-8641dc17e6fb___GCREC_Bact.Sp 3386,6d0cbb2e-599e-4637-bb5f-8641dc17e6fb,6d0cbb2e-599e-4637-bb5f-8641dc17e6fb___GCREC_Bact.Sp 3386,artifacts/data/mc_unet/images/6d0cbb2e-599e-4637-bb5f-8641dc17e6fb___GCREC_Bact.Sp 3386.jpg,artifacts/data/mc_unet/masks/6d0cbb2e-599e-4637-bb5f-8641dc17e6fb___GCREC_Bact.Sp 3386.png,artifacts/data/mc_unet/leaf_masks_heuristic/6d0cbb2e-599e-4637-bb5f-8641dc17e6fb___GCREC_Bact.Sp 3386.png,embedded_imageData,bacterial_spot,Tomato_Bacterial_spot,256,256,234,65536,0.003570556640625,0.003570556640625,0,0,234,1,ok,train
6d0dd572-9911-4c87-8493-7dde760c19bf___GCREC_Bact.Sp 3055,6d0dd572-9911-4c87-8493-7dde760c19bf,6d0dd572-9911-4c87-8493-7dde760c19bf___GCREC_Bact.Sp 3055,artifacts/data/mc_unet/images/6d0dd572-9911-4c87-8493-7dde760c19bf___GCREC_Bact.Sp 3055.jpg,artifacts/data/mc_unet/masks/6d0dd572-9911-4c87-8493-7dde760c19bf___GCREC_Bact.Sp 3055.png,artifacts/data/mc_unet/leaf_masks_heuristic/6d0dd572-9911-4c87-8493-7dde760c19bf___GCREC_Bact.Sp 3055.png,embedded_imageData,bacterial_spot,Tomato_Bacterial_spot,256,256,326,65536,0.004974365234375,0.004974365234375,0,0,326,3,ok,train
6d1aae86-2d68-47ea-9f7e-caef44898e0d___GCREC_Bact.Sp 3839,6d1aae86-2d68-47ea-9f7e-caef44898e0d,6d1aae86-2d68-47ea-9f7e-caef44898e0d___GCREC_Bact.Sp 3839,artifacts/data/mc_unet/images/6d1aae86-2d68-47ea-9f7e-caef44898e0d___GCREC_Bact.Sp 3839.jpg,artifacts/data/mc_unet/masks/6d1aae86-2d68-47ea-9f7e-caef44898e0d___GCREC_Bact.Sp 3839.png,artifacts/data/mc_unet/leaf_masks_heuristic/6d1aae86-2d68-47ea-9f7e-caef44898e0d___GCREC_Bact.Sp 3839.png,embedded_imageData,bacterial_spot,Tomato_Bacterial_spot,256,256,3116,65536,0.04754638671875,0.04754638671875,0,0,3116,7,ok,test
6d223371-fa3d-496d-a583-cb521b7c203d___GCREC_Bact.Sp 3540,6d223371-fa3d-496d-a583-cb521b7c203d,6d223371-fa3d-496d-a583-cb521b7c203d___GCREC_Bact.Sp 3540,artifacts/data/mc_unet/images/6d223371-fa3d-496d-a583-cb521b7c203d___GCREC_Bact.Sp 3540.jpg,artifacts/data/mc_unet/masks/6d223371-fa3d-496d-a583-cb521b7c203d___GCREC_Bact.Sp 3540.png,artifacts/data/mc_unet/leaf_masks_heuristic/6d223371-fa3d-496d-a583-cb521b7c203d___GCREC_Bact.Sp 3540.png,embedded_imageData,bacterial_spot,Tomato_Bacterial_spot,256,256,528,65536,0.008056640625,0.008056640625,0,0,528,4,ok,train
6d5932e3-485c-40c0-8236-94c771fa9154___GCREC_Bact.Sp 5981,6d5932e3-485c-40c0-8236-94c771fa9154,6d5932e3-485c-40c0-8236-94c771fa9154___GCREC_Bact.Sp 5981,artifacts/data/mc_unet/images/6d5932e3-485c-40c0-8236-94c771fa9154___GCREC_Bact.Sp 5981.jpg,artifacts/data/mc_unet/masks/6d5932e3-485c-40c0-8236-94c771fa9154___GCREC_Bact.Sp 5981.png,artifacts/data/mc_unet/leaf_masks_heuristic/6d5932e3-485c-40c0-8236-94c771fa9154___GCREC_Bact.Sp 5981.png,embedded_imageData,bacterial_spot,Tomato_Bacterial_spot,256,256,395,65536,0.0060272216796875,0.0060272216796875,0,0,395,4,ok,train
6df85e24-1b90-4305-96d8-9831116e8cdb___GCREC_Bact.Sp 6221,6df85e24-1b90-4305-96d8-9831116e8cdb,6df85e24-1b90-4305-96d8-9831116e8cdb___GCREC_Bact.Sp 6221,artifacts/data/mc_unet/images/6df85e24-1b90-4305-96d8-9831116e8cdb___GCREC_Bact.Sp 6221.jpg,artifacts/data/mc_unet/masks/6df85e24-1b90-4305-96d8-9831116e8cdb___GCREC_Bact.Sp 6221.png,artifacts/data/mc_unet/leaf_masks_heuristic/6df85e24-1b90-4305-96d8-9831116e8cdb___GCREC_Bact.Sp 6221.png,embedded_imageData,bacterial_spot,Tomato_Bacterial_spot,256,256,4649,65536,0.0709381103515625,0.0709381103515625,0,0,4649,10,ok,train
6e5046d4-95c4-4650-a31e-4ac145669433___GCREC_Bact.Sp 5842,6e5046d4-95c4-4650-a31e-4ac145669433,6e5046d4-95c4-4650-a31e-4ac145669433___GCREC_Bact.Sp 5842,artifacts/data/mc_unet/images/6e5046d4-95c4-4650-a31e-4ac145669433___GCREC_Bact.Sp 5842.jpg,artifacts/data/mc_unet/masks/6e5046d4-95c4-4650-a31e-4ac145669433___GCREC_Bact.Sp 5842.png,artifacts/data/mc_unet/leaf_masks_heuristic/6e5046d4-95c4-4650-a31e-4ac145669433___GCREC_Bact.Sp 5842.png,embedded_imageData,bacterial_spot,Tomato_Bacterial_spot,256,256,1189,65536,0.0181427001953125,0.0181427001953125,0,0,1189,4,ok,train
6e5eb669-4238-4778-aa8d-15b6360d88bd___GCREC_Bact.Sp 5574,6e5eb669-4238-4778-aa8d-15b6360d88bd,6e5eb669-4238-4778-aa8d-15b6360d88bd___GCREC_Bact.Sp 5574,artifacts/data/mc_unet/images/6e5eb669-4238-4778-aa8d-15b6360d88bd___GCREC_Bact.Sp 5574.jpg,artifacts/data/mc_unet/masks/6e5eb669-4238-4778-aa8d-15b6360d88bd___GCREC_Bact.Sp 5574.png,artifacts/data/mc_unet/leaf_masks_heuristic/6e5eb669-4238-4778-aa8d-15b6360d88bd___GCREC_Bact.Sp 5574.png,embedded_imageData,bacterial_spot,Tomato_Bacterial_spot,256,256,1485,65536,0.0226593017578125,0.0226593017578125,0,0,1485,7,ok,train
6e8aef28-b9c4-4270-aa79-ca882d3b038e___UF.GRC_BS_Lab Leaf 9247,6e8aef28-b9c4-4270-aa79-ca882d3b038e,6e8aef28-b9c4-4270-aa79-ca882d3b038e___UF.GRC_BS_Lab Leaf 9247,artifacts/data/mc_unet/images/6e8aef28-b9c4-4270-aa79-ca882d3b038e___UF.GRC_BS_Lab Leaf 9247.jpg,artifacts/data/mc_unet/masks/6e8aef28-b9c4-4270-aa79-ca882d3b038e___UF.GRC_BS_Lab Leaf 9247.png,artifacts/data/mc_unet/leaf_masks_heuristic/6e8aef28-b9c4-4270-aa79-ca882d3b038e___UF.GRC_BS_Lab Leaf 9247.png,embedded_imageData,bacterial_spot,Tomato_Bacterial_spot,256,256,10752,65536,0.1640625,0.1640625,0,0,10752,6,ok,train
6e8eb50a-bb41-4bbd-a9f1-a6c829429cbc___GCREC_Bact.Sp 5891,6e8eb50a-bb41-4bbd-a9f1-a6c829429cbc,6e8eb50a-bb41-4bbd-a9f1-a6c829429cbc___GCREC_Bact.Sp 5891,artifacts/data/mc_unet/images/6e8eb50a-bb41-4bbd-a9f1-a6c829429cbc___GCREC_Bact.Sp 5891.jpg,artifacts/data/mc_unet/masks/6e8eb50a-bb41-4bbd-a9f1-a6c829429cbc___GCREC_Bact.Sp 5891.png,artifacts/data/mc_unet/leaf_masks_heuristic/6e8eb50a-bb41-4bbd-a9f1-a6c829429cbc___GCREC_Bact.Sp 5891.png,embedded_imageData,bacterial_spot,Tomato_Bacterial_spot,256,256,725,65536,0.0110626220703125,0.0110626220703125,0,0,725,2,ok,train
6e9172ee-1bb5-49dc-bf23-203b2de71bbd___GCREC_Bact.Sp 3518,6e9172ee-1bb5-49dc-bf23-203b2de71bbd,6e9172ee-1bb5-49dc-bf23-203b2de71bbd___GCREC_Bact.Sp 3518,artifacts/data/mc_unet/images/6e9172ee-1bb5-49dc-bf23-203b2de71bbd___GCREC_Bact.Sp 3518.jpg,artifacts/data/mc_unet/masks/6e9172ee-1bb5-49dc-bf23-203b2de71bbd___GCREC_Bact.Sp 3518.png,artifacts/data/mc_unet/leaf_masks_heuristic/6e9172ee-1bb5-49dc-bf23-203b2de71bbd___GCREC_Bact.Sp 3518.png,embedded_imageData,bacterial_spot,Tomato_Bacterial_spot,256,256,380,65536,0.00579833984375,0.00579833984375,0,0,380,1,ok,train
6ec9c8ed-75be-4328-852c-571753d458c1___GCREC_Bact.Sp 6183,6ec9c8ed-75be-4328-852c-571753d458c1,6ec9c8ed-75be-4328-852c-571753d458c1___GCREC_Bact.Sp 6183,artifacts/data/mc_unet/images/6ec9c8ed-75be-4328-852c-571753d458c1___GCREC_Bact.Sp 6183.jpg,artifacts/data/mc_unet/masks/6ec9c8ed-75be-4328-852c-571753d458c1___GCREC_Bact.Sp 6183.png,artifacts/data/mc_unet/leaf_masks_heuristic/6ec9c8ed-75be-4328-852c-571753d458c1___GCREC_Bact.Sp 6183.png,embedded_imageData,bacterial_spot,Tomato_Bacterial_spot,256,256,956,65536,0.01458740234375,0.01458740234375,0,0,956,2,ok,val
6f211a42-cdd8-4c5c-89b3-17e50f324621___GCREC_Bact.Sp 3569,6f211a42-cdd8-4c5c-89b3-17e50f324621,6f211a42-cdd8-4c5c-89b3-17e50f324621___GCREC_Bact.Sp 3569,artifacts/data/mc_unet/images/6f211a42-cdd8-4c5c-89b3-17e50f324621___GCREC_Bact.Sp 3569.jpg,artifacts/data/mc_unet/masks/6f211a42-cdd8-4c5c-89b3-17e50f324621___GCREC_Bact.Sp 3569.png,artifacts/data/mc_unet/leaf_masks_heuristic/6f211a42-cdd8-4c5c-89b3-17e50f324621___GCREC_Bact.Sp 3569.png,embedded_imageData,bacterial_spot,Tomato_Bacterial_spot,256,256,964,65536,0.01470947265625,0.01470947265625,0,0,964,6,ok,train
6f825e2c-3ee2-4250-8c60-9ec3026d6a85___GCREC_Bact.Sp 3118,6f825e2c-3ee2-4250-8c60-9ec3026d6a85,6f825e2c-3ee2-4250-8c60-9ec3026d6a85___GCREC_Bact.Sp 3118,artifacts/data/mc_unet/images/6f825e2c-3ee2-4250-8c60-9ec3026d6a85___GCREC_Bact.Sp 3118.jpg,artifacts/data/mc_unet/masks/6f825e2c-3ee2-4250-8c60-9ec3026d6a85___GCREC_Bact.Sp 3118.png,artifacts/data/mc_unet/leaf_masks_heuristic/6f825e2c-3ee2-4250-8c60-9ec3026d6a85___GCREC_Bact.Sp 3118.png,embedded_imageData,bacterial_spot,Tomato_Bacterial_spot,256,256,1134,65536,0.017303466796875,0.017303466796875,0,0,1134,4,ok,train
6fb27117-172c-41a3-88c9-8a54380363eb___GCREC_Bact.Sp 3671,6fb27117-172c-41a3-88c9-8a54380363eb,6fb27117-172c-41a3-88c9-8a54380363eb___GCREC_Bact.Sp 3671,artifacts/data/mc_unet/images/6fb27117-172c-41a3-88c9-8a54380363eb___GCREC_Bact.Sp 3671.jpg,artifacts/data/mc_unet/masks/6fb27117-172c-41a3-88c9-8a54380363eb___GCREC_Bact.Sp 3671.png,artifacts/data/mc_unet/leaf_masks_heuristic/6fb27117-172c-41a3-88c9-8a54380363eb___GCREC_Bact.Sp 3671.png,embedded_imageData,bacterial_spot,Tomato_Bacterial_spot,256,256,5132,65536,0.07830810546875,0.07830810546875,0,0,5132,11,ok,train
6fbea9aa-cc3b-46be-a066-a762cd659113___GCREC_Bact.Sp 6024,6fbea9aa-cc3b-46be-a066-a762cd659113,6fbea9aa-cc3b-46be-a066-a762cd659113___GCREC_Bact.Sp 6024,artifacts/data/mc_unet/images/6fbea9aa-cc3b-46be-a066-a762cd659113___GCREC_Bact.Sp 6024.jpg,artifacts/data/mc_unet/masks/6fbea9aa-cc3b-46be-a066-a762cd659113___GCREC_Bact.Sp 6024.png,artifacts/data/mc_unet/leaf_masks_heuristic/6fbea9aa-cc3b-46be-a066-a762cd659113___GCREC_Bact.Sp 6024.png,embedded_imageData,bacterial_spot,Tomato_Bacterial_spot,256,256,2283,65536,0.0348358154296875,0.0348358154296875,0,0,2283,3,ok,train
7a267eba-0898-4396-8df8-2434795bdf9b___GCREC_Bact.Sp 5879,7a267eba-0898-4396-8df8-2434795bdf9b,7a267eba-0898-4396-8df8-2434795bdf9b___GCREC_Bact.Sp 5879,artifacts/data/mc_unet/images/7a267eba-0898-4396-8df8-2434795bdf9b___GCREC_Bact.Sp 5879.jpg,artifacts/data/mc_unet/masks/7a267eba-0898-4396-8df8-2434795bdf9b___GCREC_Bact.Sp 5879.png,artifacts/data/mc_unet/leaf_masks_heuristic/7a267eba-0898-4396-8df8-2434795bdf9b___GCREC_Bact.Sp 5879.png,embedded_imageData,bacterial_spot,Tomato_Bacterial_spot,256,256,3071,65536,0.0468597412109375,0.0468597412109375,0,0,3071,3,ok,val
7a7d2d5e-2d40-4db5-bd90-ffa09495c0fb___GCREC_Bact.Sp 3838,7a7d2d5e-2d40-4db5-bd90-ffa09495c0fb,7a7d2d5e-2d40-4db5-bd90-ffa09495c0fb___GCREC_Bact.Sp 3838,artifacts/data/mc_unet/images/7a7d2d5e-2d40-4db5-bd90-ffa09495c0fb___GCREC_Bact.Sp 3838.jpg,artifacts/data/mc_unet/masks/7a7d2d5e-2d40-4db5-bd90-ffa09495c0fb___GCREC_Bact.Sp 3838.png,artifacts/data/mc_unet/leaf_masks_heuristic/7a7d2d5e-2d40-4db5-bd90-ffa09495c0fb___GCREC_Bact.Sp 3838.png,embedded_imageData,bacterial_spot,Tomato_Bacterial_spot,256,256,1720,65536,0.0262451171875,0.0262451171875,0,0,1720,2,ok,train
7a90df1d-f47b-4614-b75c-a997bd61396a___GCREC_Bact.Sp 3043,7a90df1d-f47b-4614-b75c-a997bd61396a,7a90df1d-f47b-4614-b75c-a997bd61396a___GCREC_Bact.Sp 3043,artifacts/data/mc_unet/images/7a90df1d-f47b-4614-b75c-a997bd61396a___GCREC_Bact.Sp 3043.jpg,artifacts/data/mc_unet/masks/7a90df1d-f47b-4614-b75c-a997bd61396a___GCREC_Bact.Sp 3043.png,artifacts/data/mc_unet/leaf_masks_heuristic/7a90df1d-f47b-4614-b75c-a997bd61396a___GCREC_Bact.Sp 3043.png,embedded_imageData,bacterial_spot,Tomato_Bacterial_spot,256,256,406,65536,0.006195068359375,0.006195068359375,0,0,406,3,ok,train
7af94581-44a3-4c4b-a6a9-d88d831f0f0a___GCREC_Bact.Sp 3820,7af94581-44a3-4c4b-a6a9-d88d831f0f0a,7af94581-44a3-4c4b-a6a9-d88d831f0f0a___GCREC_Bact.Sp 3820,artifacts/data/mc_unet/images/7af94581-44a3-4c4b-a6a9-d88d831f0f0a___GCREC_Bact.Sp 3820.jpg,artifacts/data/mc_unet/masks/7af94581-44a3-4c4b-a6a9-d88d831f0f0a___GCREC_Bact.Sp 3820.png,artifacts/data/mc_unet/leaf_masks_heuristic/7af94581-44a3-4c4b-a6a9-d88d831f0f0a___GCREC_Bact.Sp 3820.png,embedded_imageData,bacterial_spot,Tomato_Bacterial_spot,256,256,636,65536,0.00970458984375,0.00970458984375,0,0,636,3,ok,train
7b0955af-e428-4c82-9834-7158f6cf86db___UF.GRC_BS_Lab Leaf 0509,7b0955af-e428-4c82-9834-7158f6cf86db,7b0955af-e428-4c82-9834-7158f6cf86db___UF.GRC_BS_Lab Leaf 0509,artifacts/data/mc_unet/images/7b0955af-e428-4c82-9834-7158f6cf86db___UF.GRC_BS_Lab Leaf 0509.jpg,artifacts/data/mc_unet/masks/7b0955af-e428-4c82-9834-7158f6cf86db___UF.GRC_BS_Lab Leaf 0509.png,artifacts/data/mc_unet/leaf_masks_heuristic/7b0955af-e428-4c82-9834-7158f6cf86db___UF.GRC_BS_Lab Leaf 0509.png,embedded_imageData,bacterial_spot,Tomato_Bacterial_spot,256,256,1192,65536,0.0181884765625,0.0181884765625,0,0,1192,2,ok,test
7b3ae7bd-0438-47a3-88ef-f8096e0fca60___GCREC_Bact.Sp 3229,7b3ae7bd-0438-47a3-88ef-f8096e0fca60,7b3ae7bd-0438-47a3-88ef-f8096e0fca60___GCREC_Bact.Sp 3229,artifacts/data/mc_unet/images/7b3ae7bd-0438-47a3-88ef-f8096e0fca60___GCREC_Bact.Sp 3229.jpg,artifacts/data/mc_unet/masks/7b3ae7bd-0438-47a3-88ef-f8096e0fca60___GCREC_Bact.Sp 3229.png,artifacts/data/mc_unet/leaf_masks_heuristic/7b3ae7bd-0438-47a3-88ef-f8096e0fca60___GCREC_Bact.Sp 3229.png,embedded_imageData,bacterial_spot,Tomato_Bacterial_spot,256,256,8128,65536,0.1240234375,0.1240234375,0,0,8128,12,ok,train
7b617326-7dad-416a-99cd-d825f1ea2ec3___GCREC_Bact.Sp 3236,7b617326-7dad-416a-99cd-d825f1ea2ec3,7b617326-7dad-416a-99cd-d825f1ea2ec3___GCREC_Bact.Sp 3236,artifacts/data/mc_unet/images/7b617326-7dad-416a-99cd-d825f1ea2ec3___GCREC_Bact.Sp 3236.jpg,artifacts/data/mc_unet/masks/7b617326-7dad-416a-99cd-d825f1ea2ec3___GCREC_Bact.Sp 3236.png,artifacts/data/mc_unet/leaf_masks_heuristic/7b617326-7dad-416a-99cd-d825f1ea2ec3___GCREC_Bact.Sp 3236.png,embedded_imageData,bacterial_spot,Tomato_Bacterial_spot,256,256,1107,65536,0.0168914794921875,0.0168914794921875,0,0,1107,5,ok,train
7b729ecb-5dce-4b92-afa0-4dce3ae45b10___UF.GRC_BS_Lab Leaf 0340,7b729ecb-5dce-4b92-afa0-4dce3ae45b10,7b729ecb-5dce-4b92-afa0-4dce3ae45b10___UF.GRC_BS_Lab Leaf 0340,artifacts/data/mc_unet/images/7b729ecb-5dce-4b92-afa0-4dce3ae45b10___UF.GRC_BS_Lab Leaf 0340.jpg,artifacts/data/mc_unet/masks/7b729ecb-5dce-4b92-afa0-4dce3ae45b10___UF.GRC_BS_Lab Leaf 0340.png,artifacts/data/mc_unet/leaf_masks_heuristic/7b729ecb-5dce-4b92-afa0-4dce3ae45b10___UF.GRC_BS_Lab Leaf 0340.png,embedded_imageData,bacterial_spot,Tomato_Bacterial_spot,256,256,3554,65536,0.054229736328125,0.054229736328125,0,0,3554,3,ok,test
7bc2c7e3-01a8-441a-8aaa-b6cc95c4b17e___GCREC_Bact.Sp 3142,7bc2c7e3-01a8-441a-8aaa-b6cc95c4b17e,7bc2c7e3-01a8-441a-8aaa-b6cc95c4b17e___GCREC_Bact.Sp 3142,artifacts/data/mc_unet/images/7bc2c7e3-01a8-441a-8aaa-b6cc95c4b17e___GCREC_Bact.Sp 3142.jpg,artifacts/data/mc_unet/masks/7bc2c7e3-01a8-441a-8aaa-b6cc95c4b17e___GCREC_Bact.Sp 3142.png,artifacts/data/mc_unet/leaf_masks_heuristic/7bc2c7e3-01a8-441a-8aaa-b6cc95c4b17e___GCREC_Bact.Sp 3142.png,embedded_imageData,bacterial_spot,Tomato_Bacterial_spot,256,256,5335,65536,0.0814056396484375,0.0814056396484375,0,0,5335,6,ok,train
7bd0f0c4-082e-4da4-ade1-a1d79637949c___GCREC_Bact.Sp 3664,7bd0f0c4-082e-4da4-ade1-a1d79637949c,7bd0f0c4-082e-4da4-ade1-a1d79637949c___GCREC_Bact.Sp 3664,artifacts/data/mc_unet/images/7bd0f0c4-082e-4da4-ade1-a1d79637949c___GCREC_Bact.Sp 3664.jpg,artifacts/data/mc_unet/masks/7bd0f0c4-082e-4da4-ade1-a1d79637949c___GCREC_Bact.Sp 3664.png,artifacts/data/mc_unet/leaf_masks_heuristic/7bd0f0c4-082e-4da4-ade1-a1d79637949c___GCREC_Bact.Sp 3664.png,embedded_imageData,bacterial_spot,Tomato_Bacterial_spot,256,256,836,65536,0.01275634765625,0.01275634765625,0,0,836,5,ok,train
7bd80f73-7d7e-495e-a9c2-188d649744f7___GCREC_Bact.Sp 3859,7bd80f73-7d7e-495e-a9c2-188d649744f7,7bd80f73-7d7e-495e-a9c2-188d649744f7___GCREC_Bact.Sp 3859,artifacts/data/mc_unet/images/7bd80f73-7d7e-495e-a9c2-188d649744f7___GCREC_Bact.Sp 3859.jpg,artifacts/data/mc_unet/masks/7bd80f73-7d7e-495e-a9c2-188d649744f7___GCREC_Bact.Sp 3859.png,artifacts/data/mc_unet/leaf_masks_heuristic/7bd80f73-7d7e-495e-a9c2-188d649744f7___GCREC_Bact.Sp 3859.png,embedded_imageData,bacterial_spot,Tomato_Bacterial_spot,256,256,10072,65536,0.1536865234375,0.1536865234375,0,0,10072,2,ok,train
7c46d515-2090-4371-a5c2-0af04544b5e6___GCREC_Bact.Sp 3513,7c46d515-2090-4371-a5c2-0af04544b5e6,7c46d515-2090-4371-a5c2-0af04544b5e6___GCREC_Bact.Sp 3513,artifacts/data/mc_unet/images/7c46d515-2090-4371-a5c2-0af04544b5e6___GCREC_Bact.Sp 3513.jpg,artifacts/data/mc_unet/masks/7c46d515-2090-4371-a5c2-0af04544b5e6___GCREC_Bact.Sp 3513.png,artifacts/data/mc_unet/leaf_masks_heuristic/7c46d515-2090-4371-a5c2-0af04544b5e6___GCREC_Bact.Sp 3513.png,embedded_imageData,bacterial_spot,Tomato_Bacterial_spot,256,256,16077,65536,0.2453155517578125,0.2453155517578125,0,0,16077,6,ok,test
7c81f26b-847a-4781-990c-6b2b84280037___UF.GRC_BS_Lab Leaf 9314,7c81f26b-847a-4781-990c-6b2b84280037,7c81f26b-847a-4781-990c-6b2b84280037___UF.GRC_BS_Lab Leaf 9314,artifacts/data/mc_unet/images/7c81f26b-847a-4781-990c-6b2b84280037___UF.GRC_BS_Lab Leaf 9314.jpg,artifacts/data/mc_unet/masks/7c81f26b-847a-4781-990c-6b2b84280037___UF.GRC_BS_Lab Leaf 9314.png,artifacts/data/mc_unet/leaf_masks_heuristic/7c81f26b-847a-4781-990c-6b2b84280037___UF.GRC_BS_Lab Leaf 9314.png,embedded_imageData,bacterial_spot,Tomato_Bacterial_spot,256,256,5975,65536,0.0911712646484375,0.0911712646484375,0,0,5975,6,ok,train
7c8aaf34-cae5-4699-aba0-088002b7dd29___GCREC_Bact.Sp 6339,7c8aaf34-cae5-4699-aba0-088002b7dd29,7c8aaf34-cae5-4699-aba0-088002b7dd29___GCREC_Bact.Sp 6339,artifacts/data/mc_unet/images/7c8aaf34-cae5-4699-aba0-088002b7dd29___GCREC_Bact.Sp 6339.jpg,artifacts/data/mc_unet/masks/7c8aaf34-cae5-4699-aba0-088002b7dd29___GCREC_Bact.Sp 6339.png,artifacts/data/mc_unet/leaf_masks_heuristic/7c8aaf34-cae5-4699-aba0-088002b7dd29___GCREC_Bact.Sp 6339.png,embedded_imageData,bacterial_spot,Tomato_Bacterial_spot,256,256,330,65536,0.005035400390625,0.005035400390625,0,0,330,1,ok,train
7d5c4263-84e6-40c1-ac2d-bb9bfae35890___UF.GRC_BS_Lab Leaf 0905,7d5c4263-84e6-40c1-ac2d-bb9bfae35890,7d5c4263-84e6-40c1-ac2d-bb9bfae35890___UF.GRC_BS_Lab Leaf 0905,artifacts/data/mc_unet/images/7d5c4263-84e6-40c1-ac2d-bb9bfae35890___UF.GRC_BS_Lab Leaf 0905.jpg,artifacts/data/mc_unet/masks/7d5c4263-84e6-40c1-ac2d-bb9bfae35890___UF.GRC_BS_Lab Leaf 0905.png,artifacts/data/mc_unet/leaf_masks_heuristic/7d5c4263-84e6-40c1-ac2d-bb9bfae35890___UF.GRC_BS_Lab Leaf 0905.png,embedded_imageData,bacterial_spot,Tomato_Bacterial_spot,256,256,7933,65536,0.1210479736328125,0.1210479736328125,0,0,7933,3,ok,test
7ea52c28-a4c6-4e12-a4d2-59fbb1c441d8___RS_Erly.B 7747,7ea52c28-a4c6-4e12-a4d2-59fbb1c441d8,7ea52c28-a4c6-4e12-a4d2-59fbb1c441d8___RS_Erly.B 7747,artifacts/data/mc_unet/images/7ea52c28-a4c6-4e12-a4d2-59fbb1c441d8___RS_Erly.B 7747.jpg,artifacts/data/mc_unet/masks/7ea52c28-a4c6-4e12-a4d2-59fbb1c441d8___RS_Erly.B 7747.png,artifacts/data/mc_unet/leaf_masks_heuristic/7ea52c28-a4c6-4e12-a4d2-59fbb1c441d8___RS_Erly.B 7747.png,embedded_imageData,early_blight,Tomato_Early_blight,256,256,9186,65536,0.140167236328125,0.140167236328125,9186,0,0,1,ok,train
7ecb4521-70ac-4f49-ab74-2678cc4eab2a___RS_Erly.B 7690,7ecb4521-70ac-4f49-ab74-2678cc4eab2a,7ecb4521-70ac-4f49-ab74-2678cc4eab2a___RS_Erly.B 7690,artifacts/data/mc_unet/images/7ecb4521-70ac-4f49-ab74-2678cc4eab2a___RS_Erly.B 7690.jpg,artifacts/data/mc_unet/masks/7ecb4521-70ac-4f49-ab74-2678cc4eab2a___RS_Erly.B 7690.png,artifacts/data/mc_unet/leaf_masks_heuristic/7ecb4521-70ac-4f49-ab74-2678cc4eab2a___RS_Erly.B 7690.png,embedded_imageData,early_blight,Tomato_Early_blight,256,256,2027,65536,0.0309295654296875,0.0309295654296875,2027,0,0,2,ok,train
7fe26a53-b4d8-4069-bb0a-1c6d19cbc4e1___RS_Erly.B 7810,7fe26a53-b4d8-4069-bb0a-1c6d19cbc4e1,7fe26a53-b4d8-4069-bb0a-1c6d19cbc4e1___RS_Erly.B 7810,artifacts/data/mc_unet/images/7fe26a53-b4d8-4069-bb0a-1c6d19cbc4e1___RS_Erly.B 7810.jpg,artifacts/data/mc_unet/masks/7fe26a53-b4d8-4069-bb0a-1c6d19cbc4e1___RS_Erly.B 7810.png,artifacts/data/mc_unet/leaf_masks_heuristic/7fe26a53-b4d8-4069-bb0a-1c6d19cbc4e1___RS_Erly.B 7810.png,embedded_imageData,early_blight,Tomato_Early_blight,256,256,1109,65536,0.0169219970703125,0.0169219970703125,1109,0,0,2,ok,train
8a089fe7-9e6a-4db7-b0e8-9792e4abc326___RS_Erly.B 7466,8a089fe7-9e6a-4db7-b0e8-9792e4abc326,8a089fe7-9e6a-4db7-b0e8-9792e4abc326___RS_Erly.B 7466,artifacts/data/mc_unet/images/8a089fe7-9e6a-4db7-b0e8-9792e4abc326___RS_Erly.B 7466.jpg,artifacts/data/mc_unet/masks/8a089fe7-9e6a-4db7-b0e8-9792e4abc326___RS_Erly.B 7466.png,artifacts/data/mc_unet/leaf_masks_heuristic/8a089fe7-9e6a-4db7-b0e8-9792e4abc326___RS_Erly.B 7466.png,embedded_imageData,early_blight,Tomato_Early_blight,256,256,9455,65536,0.1442718505859375,0.1442718505859375,9455,0,0,2,ok,val
8a13da5b-4bc2-485a-962d-df8c6634ea00___RS_Erly.B 7519,8a13da5b-4bc2-485a-962d-df8c6634ea00,8a13da5b-4bc2-485a-962d-df8c6634ea00___RS_Erly.B 7519,artifacts/data/mc_unet/images/8a13da5b-4bc2-485a-962d-df8c6634ea00___RS_Erly.B 7519.jpg,artifacts/data/mc_unet/masks/8a13da5b-4bc2-485a-962d-df8c6634ea00___RS_Erly.B 7519.png,artifacts/data/mc_unet/leaf_masks_heuristic/8a13da5b-4bc2-485a-962d-df8c6634ea00___RS_Erly.B 7519.png,embedded_imageData,early_blight,Tomato_Early_blight,256,256,21739,65536,0.3317108154296875,0.3317108154296875,21739,0,0,2,ok,train
8a1d3598-cd1d-4978-9e18-b5e205108540___RS_Erly.B 8315,8a1d3598-cd1d-4978-9e18-b5e205108540,8a1d3598-cd1d-4978-9e18-b5e205108540___RS_Erly.B 8315,artifacts/data/mc_unet/images/8a1d3598-cd1d-4978-9e18-b5e205108540___RS_Erly.B 8315.jpg,artifacts/data/mc_unet/masks/8a1d3598-cd1d-4978-9e18-b5e205108540___RS_Erly.B 8315.png,artifacts/data/mc_unet/leaf_masks_heuristic/8a1d3598-cd1d-4978-9e18-b5e205108540___RS_Erly.B 8315.png,embedded_imageData,early_blight,Tomato_Early_blight,256,256,12233,65536,0.1866607666015625,0.1866607666015625,12233,0,0,2,ok,train
8ac21e2c-f953-4e96-8d43-e82dae24017e___RS_Erly.B 7459,8ac21e2c-f953-4e96-8d43-e82dae24017e,8ac21e2c-f953-4e96-8d43-e82dae24017e___RS_Erly.B 7459,artifacts/data/mc_unet/images/8ac21e2c-f953-4e96-8d43-e82dae24017e___RS_Erly.B 7459.jpg,artifacts/data/mc_unet/masks/8ac21e2c-f953-4e96-8d43-e82dae24017e___RS_Erly.B 7459.png,artifacts/data/mc_unet/leaf_masks_heuristic/8ac21e2c-f953-4e96-8d43-e82dae24017e___RS_Erly.B 7459.png,embedded_imageData,early_blight,Tomato_Early_blight,256,256,12325,65536,0.1880645751953125,0.1880645751953125,12325,0,0,1,ok,train
8b2de2f4-1f12-46a7-ae3c-85fe9bd6ab6e___RS_Erly.B 7574,8b2de2f4-1f12-46a7-ae3c-85fe9bd6ab6e,8b2de2f4-1f12-46a7-ae3c-85fe9bd6ab6e___RS_Erly.B 7574,artifacts/data/mc_unet/images/8b2de2f4-1f12-46a7-ae3c-85fe9bd6ab6e___RS_Erly.B 7574.jpg,artifacts/data/mc_unet/masks/8b2de2f4-1f12-46a7-ae3c-85fe9bd6ab6e___RS_Erly.B 7574.png,artifacts/data/mc_unet/leaf_masks_heuristic/8b2de2f4-1f12-46a7-ae3c-85fe9bd6ab6e___RS_Erly.B 7574.png,embedded_imageData,early_blight,Tomato_Early_blight,256,256,3990,65536,0.060882568359375,0.060882568359375,3990,0,0,4,ok,train
8b7b2dbe-cb3d-4ab1-a487-7c7d5553b796___RS_Erly.B 7448,8b7b2dbe-cb3d-4ab1-a487-7c7d5553b796,8b7b2dbe-cb3d-4ab1-a487-7c7d5553b796___RS_Erly.B 7448,artifacts/data/mc_unet/images/8b7b2dbe-cb3d-4ab1-a487-7c7d5553b796___RS_Erly.B 7448.jpg,artifacts/data/mc_unet/masks/8b7b2dbe-cb3d-4ab1-a487-7c7d5553b796___RS_Erly.B 7448.png,artifacts/data/mc_unet/leaf_masks_heuristic/8b7b2dbe-cb3d-4ab1-a487-7c7d5553b796___RS_Erly.B 7448.png,embedded_imageData,early_blight,Tomato_Early_blight,256,256,1040,65536,0.015869140625,0.015869140625,1040,0,0,1,ok,train
8c9b351b-520c-46f9-960f-8850386e54ab___RS_Erly.B 7677,8c9b351b-520c-46f9-960f-8850386e54ab,8c9b351b-520c-46f9-960f-8850386e54ab___RS_Erly.B 7677,artifacts/data/mc_unet/images/8c9b351b-520c-46f9-960f-8850386e54ab___RS_Erly.B 7677.jpg,artifacts/data/mc_unet/masks/8c9b351b-520c-46f9-960f-8850386e54ab___RS_Erly.B 7677.png,artifacts/data/mc_unet/leaf_masks_heuristic/8c9b351b-520c-46f9-960f-8850386e54ab___RS_Erly.B 7677.png,embedded_imageData,early_blight,Tomato_Early_blight,256,256,377,65536,0.0057525634765625,0.0057525634765625,377,0,0,1,ok,train
8d4ae220-8a79-4ca0-886c-92e90fc7efb2___RS_Erly.B 7625,8d4ae220-8a79-4ca0-886c-92e90fc7efb2,8d4ae220-8a79-4ca0-886c-92e90fc7efb2___RS_Erly.B 7625,artifacts/data/mc_unet/images/8d4ae220-8a79-4ca0-886c-92e90fc7efb2___RS_Erly.B 7625.jpg,artifacts/data/mc_unet/masks/8d4ae220-8a79-4ca0-886c-92e90fc7efb2___RS_Erly.B 7625.png,artifacts/data/mc_unet/leaf_masks_heuristic/8d4ae220-8a79-4ca0-886c-92e90fc7efb2___RS_Erly.B 7625.png,embedded_imageData,early_blight,Tomato_Early_blight,256,256,4993,65536,0.0761871337890625,0.0761871337890625,4993,0,0,2,ok,train
8e1c8815-49e0-4be6-a3a5-a426ab6b2445___RS_Erly.B 7822,8e1c8815-49e0-4be6-a3a5-a426ab6b2445,8e1c8815-49e0-4be6-a3a5-a426ab6b2445___RS_Erly.B 7822,artifacts/data/mc_unet/images/8e1c8815-49e0-4be6-a3a5-a426ab6b2445___RS_Erly.B 7822.jpg,artifacts/data/mc_unet/masks/8e1c8815-49e0-4be6-a3a5-a426ab6b2445___RS_Erly.B 7822.png,artifacts/data/mc_unet/leaf_masks_heuristic/8e1c8815-49e0-4be6-a3a5-a426ab6b2445___RS_Erly.B 7822.png,embedded_imageData,early_blight,Tomato_Early_blight,256,256,1567,65536,0.0239105224609375,0.0239105224609375,1567,0,0,3,ok,test
8e4238dc-b4fd-46d0-8892-965e64dad7ab___RS_Erly.B 9404,8e4238dc-b4fd-46d0-8892-965e64dad7ab,8e4238dc-b4fd-46d0-8892-965e64dad7ab___RS_Erly.B 9404,artifacts/data/mc_unet/images/8e4238dc-b4fd-46d0-8892-965e64dad7ab___RS_Erly.B 9404.jpg,artifacts/data/mc_unet/masks/8e4238dc-b4fd-46d0-8892-965e64dad7ab___RS_Erly.B 9404.png,artifacts/data/mc_unet/leaf_masks_heuristic/8e4238dc-b4fd-46d0-8892-965e64dad7ab___RS_Erly.B 9404.png,embedded_imageData,early_blight,Tomato_Early_blight,256,256,19311,65536,0.2946624755859375,0.2946624755859375,19311,0,0,1,ok,train
8eba4e89-f5bf-45d4-be9b-30dfde83f538___RS_Erly.B 7586,8eba4e89-f5bf-45d4-be9b-30dfde83f538,8eba4e89-f5bf-45d4-be9b-30dfde83f538___RS_Erly.B 7586,artifacts/data/mc_unet/images/8eba4e89-f5bf-45d4-be9b-30dfde83f538___RS_Erly.B 7586.jpg,artifacts/data/mc_unet/masks/8eba4e89-f5bf-45d4-be9b-30dfde83f538___RS_Erly.B 7586.png,artifacts/data/mc_unet/leaf_masks_heuristic/8eba4e89-f5bf-45d4-be9b-30dfde83f538___RS_Erly.B 7586.png,embedded_imageData,early_blight,Tomato_Early_blight,256,256,15858,65536,0.241973876953125,0.241973876953125,15858,0,0,1,ok,train
8ed69ac4-4692-4154-a484-8a693ff7de64___RS_Erly.B 7775,8ed69ac4-4692-4154-a484-8a693ff7de64,8ed69ac4-4692-4154-a484-8a693ff7de64___RS_Erly.B 7775,artifacts/data/mc_unet/images/8ed69ac4-4692-4154-a484-8a693ff7de64___RS_Erly.B 7775.jpg,artifacts/data/mc_unet/masks/8ed69ac4-4692-4154-a484-8a693ff7de64___RS_Erly.B 7775.png,artifacts/data/mc_unet/leaf_masks_heuristic/8ed69ac4-4692-4154-a484-8a693ff7de64___RS_Erly.B 7775.png,embedded_imageData,early_blight,Tomato_Early_blight,256,256,306,65536,0.004669189453125,0.004669189453125,306,0,0,1,ok,val
8f6562ec-69b1-4d97-85be-844034c98c4d___RS_Erly.B 7569,8f6562ec-69b1-4d97-85be-844034c98c4d,8f6562ec-69b1-4d97-85be-844034c98c4d___RS_Erly.B 7569,artifacts/data/mc_unet/images/8f6562ec-69b1-4d97-85be-844034c98c4d___RS_Erly.B 7569.jpg,artifacts/data/mc_unet/masks/8f6562ec-69b1-4d97-85be-844034c98c4d___RS_Erly.B 7569.png,artifacts/data/mc_unet/leaf_masks_heuristic/8f6562ec-69b1-4d97-85be-844034c98c4d___RS_Erly.B 7569.png,embedded_imageData,early_blight,Tomato_Early_blight,256,256,151,65536,0.0023040771484375,0.0023040771484375,151,0,0,1,ok,train
8f709c55-ee65-4bb0-9291-6d5d79033c3f___RS_Erly.B 9603,8f709c55-ee65-4bb0-9291-6d5d79033c3f,8f709c55-ee65-4bb0-9291-6d5d79033c3f___RS_Erly.B 9603,artifacts/data/mc_unet/images/8f709c55-ee65-4bb0-9291-6d5d79033c3f___RS_Erly.B 9603.jpg,artifacts/data/mc_unet/masks/8f709c55-ee65-4bb0-9291-6d5d79033c3f___RS_Erly.B 9603.png,artifacts/data/mc_unet/leaf_masks_heuristic/8f709c55-ee65-4bb0-9291-6d5d79033c3f___RS_Erly.B 9603.png,embedded_imageData,early_blight,Tomato_Early_blight,256,256,33080,65536,0.5047607421875,0.5047607421875,33080,0,0,1,ok,train
8f92a1b1-c99e-48b4-8cd2-d0bd09bc6a6b___RS_Erly.B 9479,8f92a1b1-c99e-48b4-8cd2-d0bd09bc6a6b,8f92a1b1-c99e-48b4-8cd2-d0bd09bc6a6b___RS_Erly.B 9479,artifacts/data/mc_unet/images/8f92a1b1-c99e-48b4-8cd2-d0bd09bc6a6b___RS_Erly.B 9479.jpg,artifacts/data/mc_unet/masks/8f92a1b1-c99e-48b4-8cd2-d0bd09bc6a6b___RS_Erly.B 9479.png,artifacts/data/mc_unet/leaf_masks_heuristic/8f92a1b1-c99e-48b4-8cd2-d0bd09bc6a6b___RS_Erly.B 9479.png,embedded_imageData,early_blight,Tomato_Early_blight,256,256,1415,65536,0.0215911865234375,0.0215911865234375,1415,0,0,1,ok,test
8f9b3d86-42dd-4932-b638-8376529afcaa___RS_Erly.B 9575,8f9b3d86-42dd-4932-b638-8376529afcaa,8f9b3d86-42dd-4932-b638-8376529afcaa___RS_Erly.B 9575,artifacts/data/mc_unet/images/8f9b3d86-42dd-4932-b638-8376529afcaa___RS_Erly.B 9575.jpg,artifacts/data/mc_unet/masks/8f9b3d86-42dd-4932-b638-8376529afcaa___RS_Erly.B 9575.png,artifacts/data/mc_unet/leaf_masks_heuristic/8f9b3d86-42dd-4932-b638-8376529afcaa___RS_Erly.B 9575.png,embedded_imageData,early_blight,Tomato_Early_blight,256,256,28760,65536,0.4388427734375,0.4388427734375,28760,0,0,1,ok,train
9a2960cc-21cf-470c-990e-e315699c2029___RS_Erly.B 9467,9a2960cc-21cf-470c-990e-e315699c2029,9a2960cc-21cf-470c-990e-e315699c2029___RS_Erly.B 9467,artifacts/data/mc_unet/images/9a2960cc-21cf-470c-990e-e315699c2029___RS_Erly.B 9467.jpg,artifacts/data/mc_unet/masks/9a2960cc-21cf-470c-990e-e315699c2029___RS_Erly.B 9467.png,artifacts/data/mc_unet/leaf_masks_heuristic/9a2960cc-21cf-470c-990e-e315699c2029___RS_Erly.B 9467.png,embedded_imageData,early_blight,Tomato_Early_blight,256,256,33633,65536,0.5131988525390625,0.5131988525390625,33633,0,0,1,ok,train
9a86409c-60ef-4fb5-9783-665065eb5229___RS_Erly.B 7697,9a86409c-60ef-4fb5-9783-665065eb5229,9a86409c-60ef-4fb5-9783-665065eb5229___RS_Erly.B 7697,artifacts/data/mc_unet/images/9a86409c-60ef-4fb5-9783-665065eb5229___RS_Erly.B 7697.jpg,artifacts/data/mc_unet/masks/9a86409c-60ef-4fb5-9783-665065eb5229___RS_Erly.B 7697.png,artifacts/data/mc_unet/leaf_masks_heuristic/9a86409c-60ef-4fb5-9783-665065eb5229___RS_Erly.B 7697.png,embedded_imageData,early_blight,Tomato_Early_blight,256,256,723,65536,0.0110321044921875,0.0110321044921875,723,0,0,1,ok,train
9b16a9a4-c99b-4027-a301-4a8969761746___RS_Erly.B 7428,9b16a9a4-c99b-4027-a301-4a8969761746,9b16a9a4-c99b-4027-a301-4a8969761746___RS_Erly.B 7428,artifacts/data/mc_unet/images/9b16a9a4-c99b-4027-a301-4a8969761746___RS_Erly.B 7428.jpg,artifacts/data/mc_unet/masks/9b16a9a4-c99b-4027-a301-4a8969761746___RS_Erly.B 7428.png,artifacts/data/mc_unet/leaf_masks_heuristic/9b16a9a4-c99b-4027-a301-4a8969761746___RS_Erly.B 7428.png,embedded_imageData,early_blight,Tomato_Early_blight,256,256,13582,65536,0.207244873046875,0.207244873046875,13582,0,0,1,ok,train
9b617d8b-b252-4a29-9af5-10ea563eb785___RS_Erly.B 7707,9b617d8b-b252-4a29-9af5-10ea563eb785,9b617d8b-b252-4a29-9af5-10ea563eb785___RS_Erly.B 7707,artifacts/data/mc_unet/images/9b617d8b-b252-4a29-9af5-10ea563eb785___RS_Erly.B 7707.jpg,artifacts/data/mc_unet/masks/9b617d8b-b252-4a29-9af5-10ea563eb785___RS_Erly.B 7707.png,artifacts/data/mc_unet/leaf_masks_heuristic/9b617d8b-b252-4a29-9af5-10ea563eb785___RS_Erly.B 7707.png,embedded_imageData,early_blight,Tomato_Early_blight,256,256,404,65536,0.00616455078125,0.00616455078125,404,0,0,2,ok,train
9b84e7ac-4ffd-4e0b-8099-86f30ad23cda___RS_Erly.B 7731,9b84e7ac-4ffd-4e0b-8099-86f30ad23cda,9b84e7ac-4ffd-4e0b-8099-86f30ad23cda___RS_Erly.B 7731,artifacts/data/mc_unet/images/9b84e7ac-4ffd-4e0b-8099-86f30ad23cda___RS_Erly.B 7731.jpg,artifacts/data/mc_unet/masks/9b84e7ac-4ffd-4e0b-8099-86f30ad23cda___RS_Erly.B 7731.png,artifacts/data/mc_unet/leaf_masks_heuristic/9b84e7ac-4ffd-4e0b-8099-86f30ad23cda___RS_Erly.B 7731.png,embedded_imageData,early_blight,Tomato_Early_blight,256,256,613,65536,0.0093536376953125,0.0093536376953125,613,0,0,1,ok,val
9ba87e80-e0d5-4b50-8f7e-a0957c370320___RS_Erly.B 8324,9ba87e80-e0d5-4b50-8f7e-a0957c370320,9ba87e80-e0d5-4b50-8f7e-a0957c370320___RS_Erly.B 8324,artifacts/data/mc_unet/images/9ba87e80-e0d5-4b50-8f7e-a0957c370320___RS_Erly.B 8324.jpg,artifacts/data/mc_unet/masks/9ba87e80-e0d5-4b50-8f7e-a0957c370320___RS_Erly.B 8324.png,artifacts/data/mc_unet/leaf_masks_heuristic/9ba87e80-e0d5-4b50-8f7e-a0957c370320___RS_Erly.B 8324.png,embedded_imageData,early_blight,Tomato_Early_blight,256,256,617,65536,0.0094146728515625,0.0094146728515625,617,0,0,2,ok,train
9cb2abac-0c5b-4b49-ad84-d97805de271c___RS_Erly.B 7457,9cb2abac-0c5b-4b49-ad84-d97805de271c,9cb2abac-0c5b-4b49-ad84-d97805de271c___RS_Erly.B 7457,artifacts/data/mc_unet/images/9cb2abac-0c5b-4b49-ad84-d97805de271c___RS_Erly.B 7457.jpg,artifacts/data/mc_unet/masks/9cb2abac-0c5b-4b49-ad84-d97805de271c___RS_Erly.B 7457.png,artifacts/data/mc_unet/leaf_masks_heuristic/9cb2abac-0c5b-4b49-ad84-d97805de271c___RS_Erly.B 7457.png,embedded_imageData,early_blight,Tomato_Early_blight,256,256,12207,65536,0.1862640380859375,0.1862640380859375,12207,0,0,1,ok,train
9d16bfcd-955e-4a5c-90ea-c7cce8dd9135___RS_Erly.B 7811,9d16bfcd-955e-4a5c-90ea-c7cce8dd9135,9d16bfcd-955e-4a5c-90ea-c7cce8dd9135___RS_Erly.B 7811,artifacts/data/mc_unet/images/9d16bfcd-955e-4a5c-90ea-c7cce8dd9135___RS_Erly.B 7811.jpg,artifacts/data/mc_unet/masks/9d16bfcd-955e-4a5c-90ea-c7cce8dd9135___RS_Erly.B 7811.png,artifacts/data/mc_unet/leaf_masks_heuristic/9d16bfcd-955e-4a5c-90ea-c7cce8dd9135___RS_Erly.B 7811.png,embedded_imageData,early_blight,Tomato_Early_blight,256,256,1097,65536,0.0167388916015625,0.0167388916015625,1097,0,0,2,ok,train
9d2bc87f-f309-41a4-a533-569456706e2b___RS_Erly.B 6367,9d2bc87f-f309-41a4-a533-569456706e2b,9d2bc87f-f309-41a4-a533-569456706e2b___RS_Erly.B 6367,artifacts/data/mc_unet/images/9d2bc87f-f309-41a4-a533-569456706e2b___RS_Erly.B 6367.jpg,artifacts/data/mc_unet/masks/9d2bc87f-f309-41a4-a533-569456706e2b___RS_Erly.B 6367.png,artifacts/data/mc_unet/leaf_masks_heuristic/9d2bc87f-f309-41a4-a533-569456706e2b___RS_Erly.B 6367.png,embedded_imageData,early_blight,Tomato_Early_blight,256,256,8508,65536,0.12982177734375,0.12982177734375,8508,0,0,4,ok,train
9d8aacaf-ef28-4f23-a18d-4035f59d92b1___RS_Erly.B 7565,9d8aacaf-ef28-4f23-a18d-4035f59d92b1,9d8aacaf-ef28-4f23-a18d-4035f59d92b1___RS_Erly.B 7565,artifacts/data/mc_unet/images/9d8aacaf-ef28-4f23-a18d-4035f59d92b1___RS_Erly.B 7565.jpg,artifacts/data/mc_unet/masks/9d8aacaf-ef28-4f23-a18d-4035f59d92b1___RS_Erly.B 7565.png,artifacts/data/mc_unet/leaf_masks_heuristic/9d8aacaf-ef28-4f23-a18d-4035f59d92b1___RS_Erly.B 7565.png,embedded_imageData,early_blight,Tomato_Early_blight,256,256,4550,65536,0.069427490234375,0.069427490234375,4550,0,0,3,ok,train
9e8f1cbd-f128-47f3-b90d-9c8dc1efcb78___RS_Erly.B 7425,9e8f1cbd-f128-47f3-b90d-9c8dc1efcb78,9e8f1cbd-f128-47f3-b90d-9c8dc1efcb78___RS_Erly.B 7425,artifacts/data/mc_unet/images/9e8f1cbd-f128-47f3-b90d-9c8dc1efcb78___RS_Erly.B 7425.jpg,artifacts/data/mc_unet/masks/9e8f1cbd-f128-47f3-b90d-9c8dc1efcb78___RS_Erly.B 7425.png,artifacts/data/mc_unet/leaf_masks_heuristic/9e8f1cbd-f128-47f3-b90d-9c8dc1efcb78___RS_Erly.B 7425.png,embedded_imageData,early_blight,Tomato_Early_blight,256,256,25594,65536,0.390533447265625,0.390533447265625,25594,0,0,1,ok,train
9e92ea05-2e0f-42cb-be52-f58745ee9acc___RS_Erly.B 9476,9e92ea05-2e0f-42cb-be52-f58745ee9acc,9e92ea05-2e0f-42cb-be52-f58745ee9acc___RS_Erly.B 9476,artifacts/data/mc_unet/images/9e92ea05-2e0f-42cb-be52-f58745ee9acc___RS_Erly.B 9476.jpg,artifacts/data/mc_unet/masks/9e92ea05-2e0f-42cb-be52-f58745ee9acc___RS_Erly.B 9476.png,artifacts/data/mc_unet/leaf_masks_heuristic/9e92ea05-2e0f-42cb-be52-f58745ee9acc___RS_Erly.B 9476.png,embedded_imageData,early_blight,Tomato_Early_blight,256,256,19509,65536,0.2976837158203125,0.2976837158203125,19509,0,0,3,ok,test
9eaef8d7-dd22-449e-b837-d01a7eb4afe6___RS_Erly.B 7686,9eaef8d7-dd22-449e-b837-d01a7eb4afe6,9eaef8d7-dd22-449e-b837-d01a7eb4afe6___RS_Erly.B 7686,artifacts/data/mc_unet/images/9eaef8d7-dd22-449e-b837-d01a7eb4afe6___RS_Erly.B 7686.jpg,artifacts/data/mc_unet/masks/9eaef8d7-dd22-449e-b837-d01a7eb4afe6___RS_Erly.B 7686.png,artifacts/data/mc_unet/leaf_masks_heuristic/9eaef8d7-dd22-449e-b837-d01a7eb4afe6___RS_Erly.B 7686.png,embedded_imageData,early_blight,Tomato_Early_blight,256,256,501,65536,0.0076446533203125,0.0076446533203125,501,0,0,3,ok,test
9eec6625-b337-403b-b93c-e809f4e0b8c4___RS_Erly.B 7681,9eec6625-b337-403b-b93c-e809f4e0b8c4,9eec6625-b337-403b-b93c-e809f4e0b8c4___RS_Erly.B 7681,artifacts/data/mc_unet/images/9eec6625-b337-403b-b93c-e809f4e0b8c4___RS_Erly.B 7681.jpg,artifacts/data/mc_unet/masks/9eec6625-b337-403b-b93c-e809f4e0b8c4___RS_Erly.B 7681.png,artifacts/data/mc_unet/leaf_masks_heuristic/9eec6625-b337-403b-b93c-e809f4e0b8c4___RS_Erly.B 7681.png,embedded_imageData,early_blight,Tomato_Early_blight,256,256,1777,65536,0.0271148681640625,0.0271148681640625,1777,0,0,1,ok,train
9f496d43-f56d-4afa-99d9-7ac5fc9d9966___RS_Erly.B 9419,9f496d43-f56d-4afa-99d9-7ac5fc9d9966,9f496d43-f56d-4afa-99d9-7ac5fc9d9966___RS_Erly.B 9419,artifacts/data/mc_unet/images/9f496d43-f56d-4afa-99d9-7ac5fc9d9966___RS_Erly.B 9419.jpg,artifacts/data/mc_unet/masks/9f496d43-f56d-4afa-99d9-7ac5fc9d9966___RS_Erly.B 9419.png,artifacts/data/mc_unet/leaf_masks_heuristic/9f496d43-f56d-4afa-99d9-7ac5fc9d9966___RS_Erly.B 9419.png,embedded_imageData,early_blight,Tomato_Early_blight,256,256,26211,65536,0.3999481201171875,0.3999481201171875,26211,0,0,1,ok,train
9f77a006-11c0-4466-bdb3-9273b299450d___RS_Erly.B 7800,9f77a006-11c0-4466-bdb3-9273b299450d,9f77a006-11c0-4466-bdb3-9273b299450d___RS_Erly.B 7800,artifacts/data/mc_unet/images/9f77a006-11c0-4466-bdb3-9273b299450d___RS_Erly.B 7800.jpg,artifacts/data/mc_unet/masks/9f77a006-11c0-4466-bdb3-9273b299450d___RS_Erly.B 7800.png,artifacts/data/mc_unet/leaf_masks_heuristic/9f77a006-11c0-4466-bdb3-9273b299450d___RS_Erly.B 7800.png,embedded_imageData,early_blight,Tomato_Early_blight,256,256,140,65536,0.00213623046875,0.00213623046875,140,0,0,1,ok,train
9f98d981-b130-4238-aa34-21b0edfc1eaf___RS_Erly.B 7806,9f98d981-b130-4238-aa34-21b0edfc1eaf,9f98d981-b130-4238-aa34-21b0edfc1eaf___RS_Erly.B 7806,artifacts/data/mc_unet/images/9f98d981-b130-4238-aa34-21b0edfc1eaf___RS_Erly.B 7806.jpg,artifacts/data/mc_unet/masks/9f98d981-b130-4238-aa34-21b0edfc1eaf___RS_Erly.B 7806.png,artifacts/data/mc_unet/leaf_masks_heuristic/9f98d981-b130-4238-aa34-21b0edfc1eaf___RS_Erly.B 7806.png,embedded_imageData,early_blight,Tomato_Early_blight,256,256,2190,65536,0.033416748046875,0.033416748046875,2190,0,0,4,ok,train
9fcb89e0-c94e-427f-930b-73b4d12b8690___RS_Erly.B 9495,9fcb89e0-c94e-427f-930b-73b4d12b8690,9fcb89e0-c94e-427f-930b-73b4d12b8690___RS_Erly.B 9495,artifacts/data/mc_unet/images/9fcb89e0-c94e-427f-930b-73b4d12b8690___RS_Erly.B 9495.jpg,artifacts/data/mc_unet/masks/9fcb89e0-c94e-427f-930b-73b4d12b8690___RS_Erly.B 9495.png,artifacts/data/mc_unet/leaf_masks_heuristic/9fcb89e0-c94e-427f-930b-73b4d12b8690___RS_Erly.B 9495.png,embedded_imageData,early_blight,Tomato_Early_blight,256,256,6236,65536,0.09515380859375,0.09515380859375,6236,0,0,4,ok,test
